old_path,new_path,classification,reason
.gitignore,.gitignore,configuration-path repair,"Internal state ownership, test command, ignored local content or Vite serving/watcher boundaries."
AGENTS.md,AGENTS.md,documentation-path repair,Repair current navigation/storage guidance; label immutable dated bodies as historical.
README.md,README.md,documentation-path repair,Repair current navigation/storage guidance; label immutable dated bodies as historical.
docs.zip,engineering/archive/documentation/docs.zip,move,Colocate existing content with its architectural owner; exact bytes retained.
apps/chart/package.json,apps/chart/package.json,configuration-path repair,"Internal state ownership, test command, ignored local content or Vite serving/watcher boundaries."
apps/chart/vite.config.js,apps/chart/vite.config.js,configuration-path repair,"Internal state ownership, test command, ignored local content or Vite serving/watcher boundaries."
apps/chart/server/local-state-paths.js,apps/chart/server/local-state-paths.js,configuration-path repair,"Internal state ownership, test command, ignored local content or Vite serving/watcher boundaries."
docs/AI/AI_Operating_Protocol.md,engineering/docs/ai/operating-protocol.md,documentation-path repair,Repair current navigation/storage guidance; label immutable dated bodies as historical.
docs/Project_Audit/Engineering_Audit_Workflow.md,engineering/docs/verification/engineering-audit-workflow.md,documentation-path repair,Repair current navigation/storage guidance; label immutable dated bodies as historical.
docs/architecture/Frontend/UI_UX_Technical_Reference.md,engineering/docs/architecture/ui-ux-reference.md,documentation-path repair,Repair current navigation/storage guidance; label immutable dated bodies as historical.
docs/architecture/Project/Technical_Architecture.md,engineering/docs/architecture/technical-architecture.md,documentation-path repair,Repair current navigation/storage guidance; label immutable dated bodies as historical.
docs/development/General_Rules/Standalone_Reference_Specification.md,engineering/docs/development/standalone-reference-specification.md,documentation-path repair,Repair current navigation/storage guidance; label immutable dated bodies as historical.
docs/development/Refactor_Rules/Zero_Difference_Refactor_Performance_Rules.md,engineering/docs/development/zero-difference-refactor.md,documentation-path repair,Repair current navigation/storage guidance; label immutable dated bodies as historical.
docs/development/Test_Rules/Local_Test_Workflow.md,engineering/docs/development/local-tests.md,documentation-path repair,Repair current navigation/storage guidance; label immutable dated bodies as historical.
docs/development/Test_Rules/Repository_Integrity.md,engineering/docs/verification/repository-integrity.md,documentation-path repair,Repair current navigation/storage guidance; label immutable dated bodies as historical.
docs/graphify/.graphify_labels.json,engineering/archive/repository-graphify/.graphify_labels.json,move,Colocate existing content with its architectural owner; exact bytes retained.
docs/graphify/GRAPH_HEALTH.md,engineering/archive/repository-graphify/GRAPH_HEALTH.md,move,Colocate existing content with its architectural owner; exact bytes retained.
docs/graphify/GRAPH_REPORT.md,engineering/archive/repository-graphify/GRAPH_REPORT.md,move,Colocate existing content with its architectural owner; exact bytes retained.
docs/graphify/README.md,engineering/archive/repository-graphify/README.md,move,Colocate existing content with its architectural owner; exact bytes retained.
docs/graphify/cost.json,engineering/archive/repository-graphify/cost.json,move,Colocate existing content with its architectural owner; exact bytes retained.
docs/graphify/engine-audit-evidence.md,engineering/archive/repository-graphify/engine-audit-evidence.md,move,Colocate existing content with its architectural owner; exact bytes retained.
docs/graphify/full-file-inventory.json,engineering/archive/repository-graphify/full-file-inventory.json,move,Colocate existing content with its architectural owner; exact bytes retained.
docs/graphify/graph-health.json,engineering/archive/repository-graphify/graph-health.json,move,Colocate existing content with its architectural owner; exact bytes retained.
docs/graphify/graph.html,engineering/archive/repository-graphify/graph.html,move,Colocate existing content with its architectural owner; exact bytes retained.
docs/graphify/graph.json,engineering/archive/repository-graphify/graph.json,move,Colocate existing content with its architectural owner; exact bytes retained.
docs/graphify/manifest.json,engineering/archive/repository-graphify/manifest.json,move,Colocate existing content with its architectural owner; exact bytes retained.
docs/graphify/archive/graphify-out/cache/stat-index.json,engineering/archive/repository-graphify/archive/graphify-out/cache/stat-index.json,move,Colocate existing content with its architectural owner; exact bytes retained.
docs/graphify/archive/graphify-out/cache/ast/v0.9.42/02f8512c4adb6b8b61cc47d2239fb95768d1c98e4f0e0dad092f8c9da069b85e.json,engineering/archive/repository-graphify/archive/graphify-out/cache/ast/v0.9.42/02f8512c4adb6b8b61cc47d2239fb95768d1c98e4f0e0dad092f8c9da069b85e.json,move,Colocate existing content with its architectural owner; exact bytes retained.
docs/graphify/archive/graphify-out/cache/ast/v0.9.42/0a3bdf3af4122105468e1a862844c078dddc36c3b93c34d56749fd5b8e003754.json,engineering/archive/repository-graphify/archive/graphify-out/cache/ast/v0.9.42/0a3bdf3af4122105468e1a862844c078dddc36c3b93c34d56749fd5b8e003754.json,move,Colocate existing content with its architectural owner; exact bytes retained.
docs/graphify/archive/graphify-out/cache/ast/v0.9.42/0adf1dd050b06c34b3b41f0735d19dd99390323dd4d8df8391d8d63bdb44995a.json,engineering/archive/repository-graphify/archive/graphify-out/cache/ast/v0.9.42/0adf1dd050b06c34b3b41f0735d19dd99390323dd4d8df8391d8d63bdb44995a.json,move,Colocate existing content with its architectural owner; exact bytes retained.
docs/graphify/archive/graphify-out/cache/ast/v0.9.42/124a8535cd0ace0ff6f866bdbddeeb51c3d658590f6ad6307c1eb5cb023ef706.json,engineering/archive/repository-graphify/archive/graphify-out/cache/ast/v0.9.42/124a8535cd0ace0ff6f866bdbddeeb51c3d658590f6ad6307c1eb5cb023ef706.json,move,Colocate existing content with its architectural owner; exact bytes retained.
docs/graphify/archive/graphify-out/cache/ast/v0.9.42/158ba9775c3cb499de08a8e4d9b47342ed14a382e937f7ffdf83b3688f900792.json,engineering/archive/repository-graphify/archive/graphify-out/cache/ast/v0.9.42/158ba9775c3cb499de08a8e4d9b47342ed14a382e937f7ffdf83b3688f900792.json,move,Colocate existing content with its architectural owner; exact bytes retained.
docs/graphify/archive/graphify-out/cache/ast/v0.9.42/1ce6bd8ae8b73439035519a19ff4294173117fcac5b43297a845de41b0d65a8f.json,engineering/archive/repository-graphify/archive/graphify-out/cache/ast/v0.9.42/1ce6bd8ae8b73439035519a19ff4294173117fcac5b43297a845de41b0d65a8f.json,move,Colocate existing content with its architectural owner; exact bytes retained.
docs/graphify/archive/graphify-out/cache/ast/v0.9.42/1e511e0e0fb62ce1ced58d6e479e6fdc8f39dc0f61e9161e1cb40e9bbc43f43c.json,engineering/archive/repository-graphify/archive/graphify-out/cache/ast/v0.9.42/1e511e0e0fb62ce1ced58d6e479e6fdc8f39dc0f61e9161e1cb40e9bbc43f43c.json,move,Colocate existing content with its architectural owner; exact bytes retained.
docs/graphify/archive/graphify-out/cache/ast/v0.9.42/4adcad6c8628d257f5894526b1eaab4b2e136be3a5a471cbd42d1ba15f4699f2.json,engineering/archive/repository-graphify/archive/graphify-out/cache/ast/v0.9.42/4adcad6c8628d257f5894526b1eaab4b2e136be3a5a471cbd42d1ba15f4699f2.json,move,Colocate existing content with its architectural owner; exact bytes retained.
docs/graphify/archive/graphify-out/cache/ast/v0.9.42/4dc10723517caf8b8ea88b036d7f778d4d6ad1796ecdd8d6eb0a69f357a6d6d0.json,engineering/archive/repository-graphify/archive/graphify-out/cache/ast/v0.9.42/4dc10723517caf8b8ea88b036d7f778d4d6ad1796ecdd8d6eb0a69f357a6d6d0.json,move,Colocate existing content with its architectural owner; exact bytes retained.
docs/graphify/archive/graphify-out/cache/ast/v0.9.42/5c8c8182d07e270245efa4bde567757f787d3653946e5cb8b48695b71dc4a846.json,engineering/archive/repository-graphify/archive/graphify-out/cache/ast/v0.9.42/5c8c8182d07e270245efa4bde567757f787d3653946e5cb8b48695b71dc4a846.json,move,Colocate existing content with its architectural owner; exact bytes retained.
docs/graphify/archive/graphify-out/cache/ast/v0.9.42/5e62d9a26aa65958372f5f2191a38b48355cc2de0691d3570c2adce70a2fbf70.json,engineering/archive/repository-graphify/archive/graphify-out/cache/ast/v0.9.42/5e62d9a26aa65958372f5f2191a38b48355cc2de0691d3570c2adce70a2fbf70.json,move,Colocate existing content with its architectural owner; exact bytes retained.
docs/graphify/archive/graphify-out/cache/ast/v0.9.42/621ff6e37b3cb8b3dc39edf812e509831b93d0434c970dd00f6da4de0ef2c6f6.json,engineering/archive/repository-graphify/archive/graphify-out/cache/ast/v0.9.42/621ff6e37b3cb8b3dc39edf812e509831b93d0434c970dd00f6da4de0ef2c6f6.json,move,Colocate existing content with its architectural owner; exact bytes retained.
docs/graphify/archive/graphify-out/cache/ast/v0.9.42/6534edb6396ba1dc672357e16520f5d1fba86894a490ac2fae10b5ec7cb1abc6.json,engineering/archive/repository-graphify/archive/graphify-out/cache/ast/v0.9.42/6534edb6396ba1dc672357e16520f5d1fba86894a490ac2fae10b5ec7cb1abc6.json,move,Colocate existing content with its architectural owner; exact bytes retained.
docs/graphify/archive/graphify-out/cache/ast/v0.9.42/67fc5d76fff132963cd6f0213100725787fe0357a49f9b0c78e6f18ea8c389aa.json,engineering/archive/repository-graphify/archive/graphify-out/cache/ast/v0.9.42/67fc5d76fff132963cd6f0213100725787fe0357a49f9b0c78e6f18ea8c389aa.json,move,Colocate existing content with its architectural owner; exact bytes retained.
docs/graphify/archive/graphify-out/cache/ast/v0.9.42/6a8a9f0742f70292566fe808b738ebd728e4e850d4fd54112e922197476a365a.json,engineering/archive/repository-graphify/archive/graphify-out/cache/ast/v0.9.42/6a8a9f0742f70292566fe808b738ebd728e4e850d4fd54112e922197476a365a.json,move,Colocate existing content with its architectural owner; exact bytes retained.
docs/graphify/archive/graphify-out/cache/ast/v0.9.42/769a63faa33ce30f307b37dfcc70be84a23c072ccc5ab7e1a28237e049c05d87.json,engineering/archive/repository-graphify/archive/graphify-out/cache/ast/v0.9.42/769a63faa33ce30f307b37dfcc70be84a23c072ccc5ab7e1a28237e049c05d87.json,move,Colocate existing content with its architectural owner; exact bytes retained.
docs/graphify/archive/graphify-out/cache/ast/v0.9.42/78133e7b029a596aaf6caeeb9248efe96086f308b2439dc84c08b0836e54f07e.json,engineering/archive/repository-graphify/archive/graphify-out/cache/ast/v0.9.42/78133e7b029a596aaf6caeeb9248efe96086f308b2439dc84c08b0836e54f07e.json,move,Colocate existing content with its architectural owner; exact bytes retained.
docs/graphify/archive/graphify-out/cache/ast/v0.9.42/8556f8d0107e8c8ad2442d353d1bb918af34d8fd45b607b4cc8151a50e707204.json,engineering/archive/repository-graphify/archive/graphify-out/cache/ast/v0.9.42/8556f8d0107e8c8ad2442d353d1bb918af34d8fd45b607b4cc8151a50e707204.json,move,Colocate existing content with its architectural owner; exact bytes retained.
docs/graphify/archive/graphify-out/cache/ast/v0.9.42/8bf117271c1095929a8119c01cb3e65f82b146c7b1a3e80f8c1ea0d51349bbff.json,engineering/archive/repository-graphify/archive/graphify-out/cache/ast/v0.9.42/8bf117271c1095929a8119c01cb3e65f82b146c7b1a3e80f8c1ea0d51349bbff.json,move,Colocate existing content with its architectural owner; exact bytes retained.
docs/graphify/archive/graphify-out/cache/ast/v0.9.42/91d98c7912b4cff020f9b5e940348654fc0433e0e912962ae6cc2ebdfc5dca52.json,engineering/archive/repository-graphify/archive/graphify-out/cache/ast/v0.9.42/91d98c7912b4cff020f9b5e940348654fc0433e0e912962ae6cc2ebdfc5dca52.json,move,Colocate existing content with its architectural owner; exact bytes retained.
docs/graphify/archive/graphify-out/cache/ast/v0.9.42/a0ef83100cb4bea3f52e34b5eabe83f81a6278262d1b8fe73fd3b34c40903e9e.json,engineering/archive/repository-graphify/archive/graphify-out/cache/ast/v0.9.42/a0ef83100cb4bea3f52e34b5eabe83f81a6278262d1b8fe73fd3b34c40903e9e.json,move,Colocate existing content with its architectural owner; exact bytes retained.
docs/graphify/archive/graphify-out/cache/ast/v0.9.42/a140f753961037e52bfaa420dea3a9eb90a1ec0f10cb1d80560cefca1889cd73.json,engineering/archive/repository-graphify/archive/graphify-out/cache/ast/v0.9.42/a140f753961037e52bfaa420dea3a9eb90a1ec0f10cb1d80560cefca1889cd73.json,move,Colocate existing content with its architectural owner; exact bytes retained.
docs/graphify/archive/graphify-out/cache/ast/v0.9.42/a1e5c034fcee990ee19d60723841b85810f42fc3a71a59c08978e6b43e4f675f.json,engineering/archive/repository-graphify/archive/graphify-out/cache/ast/v0.9.42/a1e5c034fcee990ee19d60723841b85810f42fc3a71a59c08978e6b43e4f675f.json,move,Colocate existing content with its architectural owner; exact bytes retained.
docs/graphify/archive/graphify-out/cache/ast/v0.9.42/a22c6b0ffb73e30d0ec55d1af54e1c9f71205aa924ac879354b4a3edc9be5691.json,engineering/archive/repository-graphify/archive/graphify-out/cache/ast/v0.9.42/a22c6b0ffb73e30d0ec55d1af54e1c9f71205aa924ac879354b4a3edc9be5691.json,move,Colocate existing content with its architectural owner; exact bytes retained.
docs/graphify/archive/graphify-out/cache/ast/v0.9.42/b2e7be64b16d19890fe97e12fd9917ee365cf65d490af702739ed98558699bae.json,engineering/archive/repository-graphify/archive/graphify-out/cache/ast/v0.9.42/b2e7be64b16d19890fe97e12fd9917ee365cf65d490af702739ed98558699bae.json,move,Colocate existing content with its architectural owner; exact bytes retained.
docs/graphify/archive/graphify-out/cache/ast/v0.9.42/b6ccaa387203d27a5c79d640c47716b006493c7cfd4f60e7f498eb47ff7df34d.json,engineering/archive/repository-graphify/archive/graphify-out/cache/ast/v0.9.42/b6ccaa387203d27a5c79d640c47716b006493c7cfd4f60e7f498eb47ff7df34d.json,move,Colocate existing content with its architectural owner; exact bytes retained.
docs/graphify/archive/graphify-out/cache/ast/v0.9.42/ba40724a7250343b99eced9f4d1716b7487dfdd944eb8811ccc22572709af533.json,engineering/archive/repository-graphify/archive/graphify-out/cache/ast/v0.9.42/ba40724a7250343b99eced9f4d1716b7487dfdd944eb8811ccc22572709af533.json,move,Colocate existing content with its architectural owner; exact bytes retained.
docs/graphify/archive/graphify-out/cache/ast/v0.9.42/bfd1d7a63c38c9ea5e83f5e940488470d53e923b4bbd4884f0c4fda873715bf0.json,engineering/archive/repository-graphify/archive/graphify-out/cache/ast/v0.9.42/bfd1d7a63c38c9ea5e83f5e940488470d53e923b4bbd4884f0c4fda873715bf0.json,move,Colocate existing content with its architectural owner; exact bytes retained.
docs/graphify/archive/graphify-out/cache/ast/v0.9.42/c9bbd20cf52d269464ec40dbe4266d8a3e3d9d0d16dbac5d9693334dfe6ac134.json,engineering/archive/repository-graphify/archive/graphify-out/cache/ast/v0.9.42/c9bbd20cf52d269464ec40dbe4266d8a3e3d9d0d16dbac5d9693334dfe6ac134.json,move,Colocate existing content with its architectural owner; exact bytes retained.
docs/graphify/archive/graphify-out/cache/ast/v0.9.42/d1f5700aefe91738822017f7c65ab412e5b012d129a12fdd6cb365cabb8b1d7a.json,engineering/archive/repository-graphify/archive/graphify-out/cache/ast/v0.9.42/d1f5700aefe91738822017f7c65ab412e5b012d129a12fdd6cb365cabb8b1d7a.json,move,Colocate existing content with its architectural owner; exact bytes retained.
docs/graphify/archive/graphify-out/cache/ast/v0.9.42/d7ae8eb0a1835b3af352da10d1eee6dfec87ffc07510d047f03e314ed90fc105.json,engineering/archive/repository-graphify/archive/graphify-out/cache/ast/v0.9.42/d7ae8eb0a1835b3af352da10d1eee6dfec87ffc07510d047f03e314ed90fc105.json,move,Colocate existing content with its architectural owner; exact bytes retained.
docs/graphify/archive/graphify-out/cache/ast/v0.9.42/e22fe864bb6ab42436bb5a1ac5859adebbd9f7001e80f18ddd09497dfbbe01fc.json,engineering/archive/repository-graphify/archive/graphify-out/cache/ast/v0.9.42/e22fe864bb6ab42436bb5a1ac5859adebbd9f7001e80f18ddd09497dfbbe01fc.json,move,Colocate existing content with its architectural owner; exact bytes retained.
docs/graphify/archive/graphify-out/cache/ast/v0.9.42/ee1f64c9fada443eb9ea0f6634f45c51c27f2d51fc8b91d7fe06e0bf7f1b7d92.json,engineering/archive/repository-graphify/archive/graphify-out/cache/ast/v0.9.42/ee1f64c9fada443eb9ea0f6634f45c51c27f2d51fc8b91d7fe06e0bf7f1b7d92.json,move,Colocate existing content with its architectural owner; exact bytes retained.
docs/graphify/archive/graphify-out/cache/ast/v0.9.42/f46cd562f9dc7c450a7a71e850ba4eecb95a71f7ce34338f1b5a5d632cf56c7d.json,engineering/archive/repository-graphify/archive/graphify-out/cache/ast/v0.9.42/f46cd562f9dc7c450a7a71e850ba4eecb95a71f7ce34338f1b5a5d632cf56c7d.json,move,Colocate existing content with its architectural owner; exact bytes retained.
docs/graphify/archive/graphify-out/cache/ast/v0.9.42/f5a7e8c04bd77bce30e0fcbdf68865ea4c362bd82709d08c25590142a6a40bcc.json,engineering/archive/repository-graphify/archive/graphify-out/cache/ast/v0.9.42/f5a7e8c04bd77bce30e0fcbdf68865ea4c362bd82709d08c25590142a6a40bcc.json,move,Colocate existing content with its architectural owner; exact bytes retained.
docs/graphify/archive/graphify-out/cache/ast/v0.9.42/ff6a31a857ab1a3bd32d2dcbec43a9a0283062d54f14f1f8b3f30c75b26a3cca.json,engineering/archive/repository-graphify/archive/graphify-out/cache/ast/v0.9.42/ff6a31a857ab1a3bd32d2dcbec43a9a0283062d54f14f1f8b3f30c75b26a3cca.json,move,Colocate existing content with its architectural owner; exact bytes retained.
docs/graphify/cache/last_query_stamp,engineering/archive/repository-graphify/cache/last_query_stamp,move,Colocate existing content with its architectural owner; exact bytes retained.
docs/graphify/graphify-out/cache/stat-index.json,engineering/archive/repository-graphify/graphify-out/cache/stat-index.json,move,Colocate existing content with its architectural owner; exact bytes retained.
docs/graphify/rebuild-2026-09-19/GRAPH_REPORT.md,engineering/archive/repository-graphify/rebuild-2026-09-19/GRAPH_REPORT.md,move,Colocate existing content with its architectural owner; exact bytes retained.
docs/graphify/rebuild-2026-09-19/README.md,engineering/archive/repository-graphify/rebuild-2026-09-19/README.md,move,Colocate existing content with its architectural owner; exact bytes retained.
docs/graphify/rebuild-2026-09-19/graph-health.json,engineering/archive/repository-graphify/rebuild-2026-09-19/graph-health.json,move,Colocate existing content with its architectural owner; exact bytes retained.
docs/graphify/rebuild-2026-09-19/graph.html,engineering/archive/repository-graphify/rebuild-2026-09-19/graph.html,move,Colocate existing content with its architectural owner; exact bytes retained.
docs/graphify/rebuild-2026-09-19/graph.json,engineering/archive/repository-graphify/rebuild-2026-09-19/graph.json,move,Colocate existing content with its architectural owner; exact bytes retained.
docs/graphify/rebuild-2026-09-19/manifest.json,engineering/archive/repository-graphify/rebuild-2026-09-19/manifest.json,move,Colocate existing content with its architectural owner; exact bytes retained.
docs/graphify/rebuild-2026-09-19/raw-run/.graphify_analysis.json,engineering/archive/repository-graphify/rebuild-2026-09-19/raw-run/.graphify_analysis.json,move,Colocate existing content with its architectural owner; exact bytes retained.
docs/graphify/rebuild-2026-09-19/raw-run/.graphify_detect.json,engineering/archive/repository-graphify/rebuild-2026-09-19/raw-run/.graphify_detect.json,move,Colocate existing content with its architectural owner; exact bytes retained.
docs/graphify/rebuild-2026-09-19/raw-run/.graphify_extract.json,engineering/archive/repository-graphify/rebuild-2026-09-19/raw-run/.graphify_extract.json,move,Colocate existing content with its architectural owner; exact bytes retained.
docs/graphify/rebuild-2026-09-19/raw-run/.graphify_root,engineering/archive/repository-graphify/rebuild-2026-09-19/raw-run/.graphify_root,move,Colocate existing content with its architectural owner; exact bytes retained.
docs/graphify/rebuild-2026-09-19/raw-run/GRAPH_REPORT.md,engineering/archive/repository-graphify/rebuild-2026-09-19/raw-run/GRAPH_REPORT.md,move,Colocate existing content with its architectural owner; exact bytes retained.
docs/graphify/rebuild-2026-09-19/raw-run/graph-health.json,engineering/archive/repository-graphify/rebuild-2026-09-19/raw-run/graph-health.json,move,Colocate existing content with its architectural owner; exact bytes retained.
docs/graphify/rebuild-2026-09-19/raw-run/graph.html,engineering/archive/repository-graphify/rebuild-2026-09-19/raw-run/graph.html,move,Colocate existing content with its architectural owner; exact bytes retained.
docs/graphify/rebuild-2026-09-19/raw-run/graph.json,engineering/archive/repository-graphify/rebuild-2026-09-19/raw-run/graph.json,move,Colocate existing content with its architectural owner; exact bytes retained.
docs/graphify/rebuild-2026-09-19/raw-run/manifest.json,engineering/archive/repository-graphify/rebuild-2026-09-19/raw-run/manifest.json,move,Colocate existing content with its architectural owner; exact bytes retained.
docs/graphify/rebuild-2026-09-19/raw-run/cache/last_query_stamp,engineering/archive/repository-graphify/rebuild-2026-09-19/raw-run/cache/last_query_stamp,move,Colocate existing content with its architectural owner; exact bytes retained.
docs/graphify/rebuild-2026-09-19/raw-run/cache/stat-index.json,engineering/archive/repository-graphify/rebuild-2026-09-19/raw-run/cache/stat-index.json,move,Colocate existing content with its architectural owner; exact bytes retained.
docs/graphify/rebuild-2026-09-19/raw-run/cache/ast/v0.9.42/3c701f3ef44cff648447980d5e5ab562ec4b32fb0f99b1e71c8cb2590c904297.json,engineering/archive/repository-graphify/rebuild-2026-09-19/raw-run/cache/ast/v0.9.42/3c701f3ef44cff648447980d5e5ab562ec4b32fb0f99b1e71c8cb2590c904297.json,move,Colocate existing content with its architectural owner; exact bytes retained.
docs/graphify/rebuild-2026-09-19/raw-run/cache/ast/v0.9.42/404ea36a44afe69ad575408215cae3c6443ab3292534ee3c9b4cbe7896f7fad4.json,engineering/archive/repository-graphify/rebuild-2026-09-19/raw-run/cache/ast/v0.9.42/404ea36a44afe69ad575408215cae3c6443ab3292534ee3c9b4cbe7896f7fad4.json,move,Colocate existing content with its architectural owner; exact bytes retained.
docs/graphify/rebuild-2026-09-19/raw-run/cache/ast/v0.9.42/48621b5029f053dd047ab10014705d292baa1328c1e3511c6b4d51f863d62d13.json,engineering/archive/repository-graphify/rebuild-2026-09-19/raw-run/cache/ast/v0.9.42/48621b5029f053dd047ab10014705d292baa1328c1e3511c6b4d51f863d62d13.json,move,Colocate existing content with its architectural owner; exact bytes retained.
docs/graphify/rebuild-2026-09-19/raw-run/cache/ast/v0.9.42/4906cd45302bbfab99180690d6bff55b7e6beb5eb22448147c41dbf7ad34b06b.json,engineering/archive/repository-graphify/rebuild-2026-09-19/raw-run/cache/ast/v0.9.42/4906cd45302bbfab99180690d6bff55b7e6beb5eb22448147c41dbf7ad34b06b.json,move,Colocate existing content with its architectural owner; exact bytes retained.
docs/graphify/rebuild-2026-09-19/raw-run/cache/ast/v0.9.42/4adcad6c8628d257f5894526b1eaab4b2e136be3a5a471cbd42d1ba15f4699f2.json,engineering/archive/repository-graphify/rebuild-2026-09-19/raw-run/cache/ast/v0.9.42/4adcad6c8628d257f5894526b1eaab4b2e136be3a5a471cbd42d1ba15f4699f2.json,move,Colocate existing content with its architectural owner; exact bytes retained.
docs/graphify/rebuild-2026-09-19/raw-run/cache/ast/v0.9.42/4dc10723517caf8b8ea88b036d7f778d4d6ad1796ecdd8d6eb0a69f357a6d6d0.json,engineering/archive/repository-graphify/rebuild-2026-09-19/raw-run/cache/ast/v0.9.42/4dc10723517caf8b8ea88b036d7f778d4d6ad1796ecdd8d6eb0a69f357a6d6d0.json,move,Colocate existing content with its architectural owner; exact bytes retained.
docs/graphify/rebuild-2026-09-19/raw-run/cache/ast/v0.9.42/62a0bab017e9131e8c48229520a27b7f882110841254e2ad675c5723ef2718db.json,engineering/archive/repository-graphify/rebuild-2026-09-19/raw-run/cache/ast/v0.9.42/62a0bab017e9131e8c48229520a27b7f882110841254e2ad675c5723ef2718db.json,move,Colocate existing content with its architectural owner; exact bytes retained.
docs/graphify/rebuild-2026-09-19/raw-run/cache/ast/v0.9.42/67fc5d76fff132963cd6f0213100725787fe0357a49f9b0c78e6f18ea8c389aa.json,engineering/archive/repository-graphify/rebuild-2026-09-19/raw-run/cache/ast/v0.9.42/67fc5d76fff132963cd6f0213100725787fe0357a49f9b0c78e6f18ea8c389aa.json,move,Colocate existing content with its architectural owner; exact bytes retained.
docs/graphify/rebuild-2026-09-19/raw-run/cache/ast/v0.9.42/6a8a9f0742f70292566fe808b738ebd728e4e850d4fd54112e922197476a365a.json,engineering/archive/repository-graphify/rebuild-2026-09-19/raw-run/cache/ast/v0.9.42/6a8a9f0742f70292566fe808b738ebd728e4e850d4fd54112e922197476a365a.json,move,Colocate existing content with its architectural owner; exact bytes retained.
docs/graphify/rebuild-2026-09-19/raw-run/cache/ast/v0.9.42/a0ef83100cb4bea3f52e34b5eabe83f81a6278262d1b8fe73fd3b34c40903e9e.json,engineering/archive/repository-graphify/rebuild-2026-09-19/raw-run/cache/ast/v0.9.42/a0ef83100cb4bea3f52e34b5eabe83f81a6278262d1b8fe73fd3b34c40903e9e.json,move,Colocate existing content with its architectural owner; exact bytes retained.
docs/graphify/rebuild-2026-09-19/raw-run/cache/ast/v0.9.42/b52902d88d029d8136ed401e05f582097743340cf84daa7cbc1d2f5508b7009f.json,engineering/archive/repository-graphify/rebuild-2026-09-19/raw-run/cache/ast/v0.9.42/b52902d88d029d8136ed401e05f582097743340cf84daa7cbc1d2f5508b7009f.json,move,Colocate existing content with its architectural owner; exact bytes retained.
docs/graphify/rebuild-2026-09-19/raw-run/cache/ast/v0.9.42/b903b26bb051a83de0e18d3f99fe08a3bf1bbf288a4c9a4a7b08a040444b1ae4.json,engineering/archive/repository-graphify/rebuild-2026-09-19/raw-run/cache/ast/v0.9.42/b903b26bb051a83de0e18d3f99fe08a3bf1bbf288a4c9a4a7b08a040444b1ae4.json,move,Colocate existing content with its architectural owner; exact bytes retained.
docs/graphify/rebuild-2026-09-19/raw-run/cache/ast/v0.9.42/ba4e4c200fd5859d530f74c695ffb50d05d1d3b2c087ef5d2fad4da14ad98f8f.json,engineering/archive/repository-graphify/rebuild-2026-09-19/raw-run/cache/ast/v0.9.42/ba4e4c200fd5859d530f74c695ffb50d05d1d3b2c087ef5d2fad4da14ad98f8f.json,move,Colocate existing content with its architectural owner; exact bytes retained.
docs/graphify/rebuild-2026-09-19/raw-run/cache/ast/v0.9.42/bfd1d7a63c38c9ea5e83f5e940488470d53e923b4bbd4884f0c4fda873715bf0.json,engineering/archive/repository-graphify/rebuild-2026-09-19/raw-run/cache/ast/v0.9.42/bfd1d7a63c38c9ea5e83f5e940488470d53e923b4bbd4884f0c4fda873715bf0.json,move,Colocate existing content with its architectural owner; exact bytes retained.
docs/graphify/rebuild-2026-09-19/raw-run/cache/ast/v0.9.42/c9bbd20cf52d269464ec40dbe4266d8a3e3d9d0d16dbac5d9693334dfe6ac134.json,engineering/archive/repository-graphify/rebuild-2026-09-19/raw-run/cache/ast/v0.9.42/c9bbd20cf52d269464ec40dbe4266d8a3e3d9d0d16dbac5d9693334dfe6ac134.json,move,Colocate existing content with its architectural owner; exact bytes retained.
docs/graphify/rebuild-2026-09-19/raw-run/cache/ast/v0.9.42/f46cd562f9dc7c450a7a71e850ba4eecb95a71f7ce34338f1b5a5d632cf56c7d.json,engineering/archive/repository-graphify/rebuild-2026-09-19/raw-run/cache/ast/v0.9.42/f46cd562f9dc7c450a7a71e850ba4eecb95a71f7ce34338f1b5a5d632cf56c7d.json,move,Colocate existing content with its architectural owner; exact bytes retained.
docs/graphify/rebuild-2026-09-23/.graphify_labels.json,engineering/archive/repository-graphify/rebuild-2026-09-23/.graphify_labels.json,move,Colocate existing content with its architectural owner; exact bytes retained.
docs/graphify/rebuild-2026-09-23/GRAPH_HEALTH.md,engineering/archive/repository-graphify/rebuild-2026-09-23/GRAPH_HEALTH.md,move,Colocate existing content with its architectural owner; exact bytes retained.
docs/graphify/rebuild-2026-09-23/GRAPH_REPORT.md,engineering/archive/repository-graphify/rebuild-2026-09-23/GRAPH_REPORT.md,move,Colocate existing content with its architectural owner; exact bytes retained.
docs/graphify/rebuild-2026-09-23/README.md,engineering/archive/repository-graphify/rebuild-2026-09-23/README.md,move,Colocate existing content with its architectural owner; exact bytes retained.
docs/graphify/rebuild-2026-09-23/build_graph.py,engineering/archive/repository-graphify/rebuild-2026-09-23/build_graph.py,move,Colocate existing content with its architectural owner; exact bytes retained.
docs/graphify/rebuild-2026-09-23/cost.json,engineering/archive/repository-graphify/rebuild-2026-09-23/cost.json,move,Colocate existing content with its architectural owner; exact bytes retained.
docs/graphify/rebuild-2026-09-23/graph-health.json,engineering/archive/repository-graphify/rebuild-2026-09-23/graph-health.json,move,Colocate existing content with its architectural owner; exact bytes retained.
docs/graphify/rebuild-2026-09-23/graph.html,engineering/archive/repository-graphify/rebuild-2026-09-23/graph.html,move,Colocate existing content with its architectural owner; exact bytes retained.
docs/graphify/rebuild-2026-09-23/graph.json,engineering/archive/repository-graphify/rebuild-2026-09-23/graph.json,move,Colocate existing content with its architectural owner; exact bytes retained.
docs/graphify/rebuild-2026-09-23/manifest.json,engineering/archive/repository-graphify/rebuild-2026-09-23/manifest.json,move,Colocate existing content with its architectural owner; exact bytes retained.
docs/graphify/rebuild-2026-09-23/__pycache__/build_graph.cpython-314.pyc,engineering/archive/repository-graphify/rebuild-2026-09-23/__pycache__/build_graph.cpython-314.pyc,move,Colocate existing content with its architectural owner; exact bytes retained.
docs/graphify/rebuild-2026-09-23/cache/last_query_stamp,engineering/archive/repository-graphify/rebuild-2026-09-23/cache/last_query_stamp,move,Colocate existing content with its architectural owner; exact bytes retained.
docs/graphify/rebuild-2026-09-23/raw-run/.graphify_analysis.json,engineering/archive/repository-graphify/rebuild-2026-09-23/raw-run/.graphify_analysis.json,move,Colocate existing content with its architectural owner; exact bytes retained.
docs/graphify/rebuild-2026-09-23/raw-run/.graphify_detect.json,engineering/archive/repository-graphify/rebuild-2026-09-23/raw-run/.graphify_detect.json,move,Colocate existing content with its architectural owner; exact bytes retained.
docs/graphify/rebuild-2026-09-23/raw-run/.graphify_extract.json,engineering/archive/repository-graphify/rebuild-2026-09-23/raw-run/.graphify_extract.json,move,Colocate existing content with its architectural owner; exact bytes retained.
docs/graphify/rebuild-2026-09-23/raw-run/.graphify_extract_raw.json,engineering/archive/repository-graphify/rebuild-2026-09-23/raw-run/.graphify_extract_raw.json,move,Colocate existing content with its architectural owner; exact bytes retained.
docs/graphify/rebuild-2026-09-23/raw-run/.graphify_scope.json,engineering/archive/repository-graphify/rebuild-2026-09-23/raw-run/.graphify_scope.json,move,Colocate existing content with its architectural owner; exact bytes retained.
docs/operations/Local_State.md,engineering/docs/operations/local-state.md,documentation-path repair,Repair current navigation/storage guidance; label immutable dated bodies as historical.
scripts/start.ps1,scripts/start.ps1,compatibility adjustment,Keep the public launcher path and use the shared internal-state resolver.
tests/chart/unit/candle-export-log.test.mjs,apps/chart/tests/unit/candle-export-log.test.mjs,path/import repair,"Repair local test discovery, imports, fixture containment or production-only inventory."
tests/chart/unit/candle-file-response.test.mjs,apps/chart/tests/unit/candle-file-response.test.mjs,path/import repair,"Repair local test discovery, imports, fixture containment or production-only inventory."
tests/chart/unit/candle-update.test.mjs,apps/chart/tests/unit/candle-update.test.mjs,path/import repair,"Repair local test discovery, imports, fixture containment or production-only inventory."
tests/chart/unit/chart-transfer.test.mjs,apps/chart/tests/unit/chart-transfer.test.mjs,path/import repair,"Repair local test discovery, imports, fixture containment or production-only inventory."
tests/chart/unit/chart-update-contract.test.mjs,apps/chart/tests/unit/chart-update-contract.test.mjs,move,Colocate existing content with its architectural owner; exact bytes retained.
tests/chart/unit/drawing-coordinates.test.mjs,apps/chart/tests/unit/drawing-coordinates.test.mjs,path/import repair,"Repair local test discovery, imports, fixture containment or production-only inventory."
tests/chart/unit/drawing-tools.test.mjs,apps/chart/tests/unit/drawing-tools.test.mjs,path/import repair,"Repair local test discovery, imports, fixture containment or production-only inventory."
tests/chart/unit/faraz-candle-api.test.mjs,apps/chart/tests/unit/faraz-candle-api.test.mjs,path/import repair,"Repair local test discovery, imports, fixture containment or production-only inventory."
tests/chart/unit/faraz-symbol.test.mjs,apps/chart/tests/unit/faraz-symbol.test.mjs,path/import repair,"Repair local test discovery, imports, fixture containment or production-only inventory."
tests/chart/unit/feedback.test.mjs,apps/chart/tests/unit/feedback.test.mjs,path/import repair,"Repair local test discovery, imports, fixture containment or production-only inventory."
tests/chart/unit/indicator-cache.test.mjs,apps/chart/tests/unit/indicator-cache.test.mjs,path/import repair,"Repair local test discovery, imports, fixture containment or production-only inventory."
tests/chart/unit/indicator-calculation-request.test.mjs,apps/chart/tests/unit/indicator-calculation-request.test.mjs,path/import repair,"Repair local test discovery, imports, fixture containment or production-only inventory."
tests/chart/unit/indicator-lifecycle.test.mjs,apps/chart/tests/unit/indicator-lifecycle.test.mjs,path/import repair,"Repair local test discovery, imports, fixture containment or production-only inventory."
tests/chart/unit/indicator-range-input.test.mjs,apps/chart/tests/unit/indicator-range-input.test.mjs,path/import repair,"Repair local test discovery, imports, fixture containment or production-only inventory."
tests/chart/unit/indicator-range.test.mjs,apps/chart/tests/unit/indicator-range.test.mjs,path/import repair,"Repair local test discovery, imports, fixture containment or production-only inventory."
tests/chart/unit/local-state-paths.test.mjs,apps/chart/tests/unit/local-state-paths.test.mjs,path/import repair,"Repair local test discovery, imports, fixture containment or production-only inventory."
tests/chart/unit/manual-review.test.mjs,apps/chart/tests/unit/manual-review.test.mjs,path/import repair,"Repair local test discovery, imports, fixture containment or production-only inventory."
tests/chart/unit/popover.test.mjs,apps/chart/tests/unit/popover.test.mjs,path/import repair,"Repair local test discovery, imports, fixture containment or production-only inventory."
tests/chart/unit/raw-cut.test.mjs,apps/chart/tests/unit/raw-cut.test.mjs,path/import repair,"Repair local test discovery, imports, fixture containment or production-only inventory."
tests/chart/unit/raw-file-contract.test.mjs,apps/chart/tests/unit/raw-file-contract.test.mjs,path/import repair,"Repair local test discovery, imports, fixture containment or production-only inventory."
tests/chart/unit/raw-integrity.test.mjs,apps/chart/tests/unit/raw-integrity.test.mjs,path/import repair,"Repair local test discovery, imports, fixture containment or production-only inventory."
tests/chart/unit/raw-inventory.test.mjs,apps/chart/tests/unit/raw-inventory.test.mjs,path/import repair,"Repair local test discovery, imports, fixture containment or production-only inventory."
tests/chart/unit/raw-resource-store.test.mjs,apps/chart/tests/unit/raw-resource-store.test.mjs,path/import repair,"Repair local test discovery, imports, fixture containment or production-only inventory."
tests/chart/unit/screenshot-overlay.test.mjs,apps/chart/tests/unit/screenshot-overlay.test.mjs,path/import repair,"Repair local test discovery, imports, fixture containment or production-only inventory."
tests/chart/unit/symbol-format.test.mjs,apps/chart/tests/unit/symbol-format.test.mjs,path/import repair,"Repair local test discovery, imports, fixture containment or production-only inventory."
tests/chart/unit/view-transform.test.mjs,apps/chart/tests/unit/view-transform.test.mjs,path/import repair,"Repair local test discovery, imports, fixture containment or production-only inventory."
tests/chart/unit/workspace-session.test.mjs,apps/chart/tests/unit/workspace-session.test.mjs,path/import repair,"Repair local test discovery, imports, fixture containment or production-only inventory."
tests/chart/unit/workspace-state.test.mjs,apps/chart/tests/unit/workspace-state.test.mjs,path/import repair,"Repair local test discovery, imports, fixture containment or production-only inventory."
tests/chart/unit/zoom-config.test.mjs,apps/chart/tests/unit/zoom-config.test.mjs,path/import repair,"Repair local test discovery, imports, fixture containment or production-only inventory."
tests/engine/benchmarks/bench.py,engine/tests/benchmarks/bench.py,move,Colocate existing content with its architectural owner; exact bytes retained.
tests/engine/benchmarks/generate_fixture.py,engine/tests/benchmarks/generate_fixture.py,move,Colocate existing content with its architectural owner; exact bytes retained.
tests/engine/helpers/verify_order_b_raw.py,engine/tests/verification/verify_order_b_raw.py,move,Colocate existing content with its architectural owner; exact bytes retained.
tests/engine/helpers/verify_order_references.py,engine/tests/verification/verify_order_references.py,path/import repair,"Repair local test discovery, imports, fixture containment or production-only inventory."
tests/engine/regression/compare_order_regressions.py,engine/tests/regression/compare_order_regressions.py,move,Colocate existing content with its architectural owner; exact bytes retained.
tests/engine/regression/hpzr2_regression.py,engine/tests/regression/hpzr2_regression.py,move,Colocate existing content with its architectural owner; exact bytes retained.
tests/engine/regression/hpzr2_verify_saved.py,engine/tests/regression/hpzr2_verify_saved.py,path/import repair,"Repair local test discovery, imports, fixture containment or production-only inventory."
tests/engine/regression/order_regression.py,engine/tests/regression/order_regression.py,path/import repair,"Repair local test discovery, imports, fixture containment or production-only inventory."
tests/engine/unit/test_order_audit_lifecycle_contracts.py,engine/tests/unit/test_order_audit_lifecycle_contracts.py,move,Colocate existing content with its architectural owner; exact bytes retained.
tests/engine/unit/test_order_b_reset_leg.py,engine/tests/unit/test_order_b_reset_leg.py,move,Colocate existing content with its architectural owner; exact bytes retained.
archive/docs/AGEN.md,engineering/archive/docs/AGEN.md,move,Colocate existing content with its architectural owner; exact bytes retained.
archive/docs/Complete Project Engineering Audit.md,engineering/archive/docs/Complete Project Engineering Audit.md,move,Colocate existing content with its architectural owner; exact bytes retained.
archive/docs/TradingBot_Bearish_Algorithm_Reference.md,engineering/archive/docs/TradingBot_Bearish_Algorithm_Reference.md,move,Colocate existing content with its architectural owner; exact bytes retained.
archive/docs/TradingBot_Bullish_Algorithm_Reference.md,engineering/archive/docs/TradingBot_Bullish_Algorithm_Reference.md,move,Colocate existing content with its architectural owner; exact bytes retained.
archive/docs/hpzr2-regression-2026-09-23/README.md,engineering/archive/docs/hpzr2-regression-2026-09-23/README.md,move,Colocate existing content with its architectural owner; exact bytes retained.
archive/docs/hpzr2-regression-2026-09-23/frozen-baseline-source.zip,engineering/archive/docs/hpzr2-regression-2026-09-23/frozen-baseline-source.zip,move,Colocate existing content with its architectural owner; exact bytes retained.
archive/docs/hpzr2-regression-2026-09-23/production-change.diff,engineering/archive/docs/hpzr2-regression-2026-09-23/production-change.diff,move,Colocate existing content with its architectural owner; exact bytes retained.
archive/docs/hpzr2-regression-2026-09-23/summary.json,engineering/archive/docs/hpzr2-regression-2026-09-23/summary.json,move,Colocate existing content with its architectural owner; exact bytes retained.
archive/docs/hpzr2-regression-2026-09-23/bridge-output/case-01.baseline.json.gz,engineering/archive/docs/hpzr2-regression-2026-09-23/bridge-output/case-01.baseline.json.gz,move,Colocate existing content with its architectural owner; exact bytes retained.
archive/docs/hpzr2-regression-2026-09-23/bridge-output/case-01.candidate.json.gz,engineering/archive/docs/hpzr2-regression-2026-09-23/bridge-output/case-01.candidate.json.gz,move,Colocate existing content with its architectural owner; exact bytes retained.
archive/docs/hpzr2-regression-2026-09-23/bridge-output/case-02.baseline.json.gz,engineering/archive/docs/hpzr2-regression-2026-09-23/bridge-output/case-02.baseline.json.gz,move,Colocate existing content with its architectural owner; exact bytes retained.
archive/docs/hpzr2-regression-2026-09-23/bridge-output/case-02.candidate.json.gz,engineering/archive/docs/hpzr2-regression-2026-09-23/bridge-output/case-02.candidate.json.gz,move,Colocate existing content with its architectural owner; exact bytes retained.
archive/docs/hpzr2-regression-2026-09-23/bridge-output/case-03.baseline.json.gz,engineering/archive/docs/hpzr2-regression-2026-09-23/bridge-output/case-03.baseline.json.gz,move,Colocate existing content with its architectural owner; exact bytes retained.
archive/docs/hpzr2-regression-2026-09-23/bridge-output/case-03.candidate.json.gz,engineering/archive/docs/hpzr2-regression-2026-09-23/bridge-output/case-03.candidate.json.gz,move,Colocate existing content with its architectural owner; exact bytes retained.
archive/docs/hpzr2-regression-2026-09-23/bridge-output/case-04.baseline.json.gz,engineering/archive/docs/hpzr2-regression-2026-09-23/bridge-output/case-04.baseline.json.gz,move,Colocate existing content with its architectural owner; exact bytes retained.
archive/docs/hpzr2-regression-2026-09-23/bridge-output/case-04.candidate.json.gz,engineering/archive/docs/hpzr2-regression-2026-09-23/bridge-output/case-04.candidate.json.gz,move,Colocate existing content with its architectural owner; exact bytes retained.
archive/docs/hpzr2-regression-2026-09-23/bridge-output/case-05.baseline.json.gz,engineering/archive/docs/hpzr2-regression-2026-09-23/bridge-output/case-05.baseline.json.gz,move,Colocate existing content with its architectural owner; exact bytes retained.
archive/docs/hpzr2-regression-2026-09-23/bridge-output/case-05.candidate.json.gz,engineering/archive/docs/hpzr2-regression-2026-09-23/bridge-output/case-05.candidate.json.gz,move,Colocate existing content with its architectural owner; exact bytes retained.
archive/docs/hpzr2-regression-2026-09-23/bridge-output/manifest.json,engineering/archive/docs/hpzr2-regression-2026-09-23/bridge-output/manifest.json,move,Colocate existing content with its architectural owner; exact bytes retained.
archive/docs/hpzr2-regression-2026-09-23/bridge-output-large/case-01.baseline.json.gz,engineering/archive/docs/hpzr2-regression-2026-09-23/bridge-output-large/case-01.baseline.json.gz,move,Colocate existing content with its architectural owner; exact bytes retained.
archive/docs/hpzr2-regression-2026-09-23/bridge-output-large/case-01.candidate.json.gz,engineering/archive/docs/hpzr2-regression-2026-09-23/bridge-output-large/case-01.candidate.json.gz,move,Colocate existing content with its architectural owner; exact bytes retained.
archive/docs/hpzr2-regression-2026-09-23/bridge-output-large/case-02.baseline.json.gz,engineering/archive/docs/hpzr2-regression-2026-09-23/bridge-output-large/case-02.baseline.json.gz,move,Colocate existing content with its architectural owner; exact bytes retained.
archive/docs/hpzr2-regression-2026-09-23/bridge-output-large/case-02.candidate.json.gz,engineering/archive/docs/hpzr2-regression-2026-09-23/bridge-output-large/case-02.candidate.json.gz,move,Colocate existing content with its architectural owner; exact bytes retained.
archive/docs/hpzr2-regression-2026-09-23/bridge-output-large/manifest.json,engineering/archive/docs/hpzr2-regression-2026-09-23/bridge-output-large/manifest.json,move,Colocate existing content with its architectural owner; exact bytes retained.
archive/docs/hpzr2-regression-2026-09-23/default/case-01.baseline.json.gz,engineering/archive/docs/hpzr2-regression-2026-09-23/default/case-01.baseline.json.gz,move,Colocate existing content with its architectural owner; exact bytes retained.
archive/docs/hpzr2-regression-2026-09-23/default/case-01.candidate.json.gz,engineering/archive/docs/hpzr2-regression-2026-09-23/default/case-01.candidate.json.gz,move,Colocate existing content with its architectural owner; exact bytes retained.
archive/docs/hpzr2-regression-2026-09-23/default/case-02.baseline.json.gz,engineering/archive/docs/hpzr2-regression-2026-09-23/default/case-02.baseline.json.gz,move,Colocate existing content with its architectural owner; exact bytes retained.
archive/docs/hpzr2-regression-2026-09-23/default/case-02.candidate.json.gz,engineering/archive/docs/hpzr2-regression-2026-09-23/default/case-02.candidate.json.gz,move,Colocate existing content with its architectural owner; exact bytes retained.
archive/docs/hpzr2-regression-2026-09-23/default/case-03.baseline.json.gz,engineering/archive/docs/hpzr2-regression-2026-09-23/default/case-03.baseline.json.gz,move,Colocate existing content with its architectural owner; exact bytes retained.
archive/docs/hpzr2-regression-2026-09-23/default/case-03.candidate.json.gz,engineering/archive/docs/hpzr2-regression-2026-09-23/default/case-03.candidate.json.gz,move,Colocate existing content with its architectural owner; exact bytes retained.
archive/docs/hpzr2-regression-2026-09-23/default/case-04.baseline.json.gz,engineering/archive/docs/hpzr2-regression-2026-09-23/default/case-04.baseline.json.gz,move,Colocate existing content with its architectural owner; exact bytes retained.
archive/docs/hpzr2-regression-2026-09-23/default/case-04.candidate.json.gz,engineering/archive/docs/hpzr2-regression-2026-09-23/default/case-04.candidate.json.gz,move,Colocate existing content with its architectural owner; exact bytes retained.
archive/docs/hpzr2-regression-2026-09-23/default/case-05.baseline.json.gz,engineering/archive/docs/hpzr2-regression-2026-09-23/default/case-05.baseline.json.gz,move,Colocate existing content with its architectural owner; exact bytes retained.
archive/docs/hpzr2-regression-2026-09-23/default/case-05.candidate.json.gz,engineering/archive/docs/hpzr2-regression-2026-09-23/default/case-05.candidate.json.gz,move,Colocate existing content with its architectural owner; exact bytes retained.
archive/docs/hpzr2-regression-2026-09-23/default/case-06.baseline.json.gz,engineering/archive/docs/hpzr2-regression-2026-09-23/default/case-06.baseline.json.gz,move,Colocate existing content with its architectural owner; exact bytes retained.
archive/docs/hpzr2-regression-2026-09-23/default/case-06.candidate.json.gz,engineering/archive/docs/hpzr2-regression-2026-09-23/default/case-06.candidate.json.gz,move,Colocate existing content with its architectural owner; exact bytes retained.
archive/docs/hpzr2-regression-2026-09-23/default/case-07.baseline.json.gz,engineering/archive/docs/hpzr2-regression-2026-09-23/default/case-07.baseline.json.gz,move,Colocate existing content with its architectural owner; exact bytes retained.
archive/docs/hpzr2-regression-2026-09-23/default/case-07.candidate.json.gz,engineering/archive/docs/hpzr2-regression-2026-09-23/default/case-07.candidate.json.gz,move,Colocate existing content with its architectural owner; exact bytes retained.
archive/docs/hpzr2-regression-2026-09-23/default/manifest.json,engineering/archive/docs/hpzr2-regression-2026-09-23/default/manifest.json,move,Colocate existing content with its architectural owner; exact bytes retained.
archive/docs/hpzr2-regression-2026-09-23/smoke-default/case-01.baseline.json.gz,engineering/archive/docs/hpzr2-regression-2026-09-23/smoke-default/case-01.baseline.json.gz,move,Colocate existing content with its architectural owner; exact bytes retained.
archive/docs/hpzr2-regression-2026-09-23/smoke-default/case-01.candidate.json.gz,engineering/archive/docs/hpzr2-regression-2026-09-23/smoke-default/case-01.candidate.json.gz,move,Colocate existing content with its architectural owner; exact bytes retained.
archive/docs/hpzr2-regression-2026-09-23/smoke-default/manifest.json,engineering/archive/docs/hpzr2-regression-2026-09-23/smoke-default/manifest.json,move,Colocate existing content with its architectural owner; exact bytes retained.
archive/docs/hpzr2-regression-2026-09-23/synthetic-benchmark/repeat-baseline-1.normalized.json,engineering/archive/docs/hpzr2-regression-2026-09-23/synthetic-benchmark/repeat-baseline-1.normalized.json,move,Colocate existing content with its architectural owner; exact bytes retained.
archive/docs/hpzr2-regression-2026-09-23/synthetic-benchmark/repeat-baseline-1.summary.json,engineering/archive/docs/hpzr2-regression-2026-09-23/synthetic-benchmark/repeat-baseline-1.summary.json,move,Colocate existing content with its architectural owner; exact bytes retained.
archive/docs/hpzr2-regression-2026-09-23/synthetic-benchmark/repeat-baseline-2.summary.json,engineering/archive/docs/hpzr2-regression-2026-09-23/synthetic-benchmark/repeat-baseline-2.summary.json,move,Colocate existing content with its architectural owner; exact bytes retained.
archive/docs/hpzr2-regression-2026-09-23/synthetic-benchmark/repeat-baseline-3.summary.json,engineering/archive/docs/hpzr2-regression-2026-09-23/synthetic-benchmark/repeat-baseline-3.summary.json,move,Colocate existing content with its architectural owner; exact bytes retained.
archive/docs/hpzr2-regression-2026-09-23/synthetic-benchmark/repeat-default-baseline-1.normalized.json,engineering/archive/docs/hpzr2-regression-2026-09-23/synthetic-benchmark/repeat-default-baseline-1.normalized.json,move,Colocate existing content with its architectural owner; exact bytes retained.
archive/docs/hpzr2-regression-2026-09-23/synthetic-benchmark/repeat-default-baseline-1.summary.json,engineering/archive/docs/hpzr2-regression-2026-09-23/synthetic-benchmark/repeat-default-baseline-1.summary.json,move,Colocate existing content with its architectural owner; exact bytes retained.
archive/docs/hpzr2-regression-2026-09-23/synthetic-benchmark/repeat-default-baseline-2.summary.json,engineering/archive/docs/hpzr2-regression-2026-09-23/synthetic-benchmark/repeat-default-baseline-2.summary.json,move,Colocate existing content with its architectural owner; exact bytes retained.
archive/docs/hpzr2-regression-2026-09-23/synthetic-benchmark/repeat-default-baseline-3.summary.json,engineering/archive/docs/hpzr2-regression-2026-09-23/synthetic-benchmark/repeat-default-baseline-3.summary.json,move,Colocate existing content with its architectural owner; exact bytes retained.
archive/docs/hpzr2-regression-2026-09-23/synthetic-benchmark/repeat-default-optimized-1.normalized.json,engineering/archive/docs/hpzr2-regression-2026-09-23/synthetic-benchmark/repeat-default-optimized-1.normalized.json,move,Colocate existing content with its architectural owner; exact bytes retained.
archive/docs/hpzr2-regression-2026-09-23/synthetic-benchmark/repeat-default-optimized-1.summary.json,engineering/archive/docs/hpzr2-regression-2026-09-23/synthetic-benchmark/repeat-default-optimized-1.summary.json,move,Colocate existing content with its architectural owner; exact bytes retained.
archive/docs/hpzr2-regression-2026-09-23/synthetic-benchmark/repeat-default-optimized-2.summary.json,engineering/archive/docs/hpzr2-regression-2026-09-23/synthetic-benchmark/repeat-default-optimized-2.summary.json,move,Colocate existing content with its architectural owner; exact bytes retained.
archive/docs/hpzr2-regression-2026-09-23/synthetic-benchmark/repeat-default-optimized-3.summary.json,engineering/archive/docs/hpzr2-regression-2026-09-23/synthetic-benchmark/repeat-default-optimized-3.summary.json,move,Colocate existing content with its architectural owner; exact bytes retained.
archive/docs/hpzr2-regression-2026-09-23/synthetic-benchmark/repeat-optimized-1.normalized.json,engineering/archive/docs/hpzr2-regression-2026-09-23/synthetic-benchmark/repeat-optimized-1.normalized.json,move,Colocate existing content with its architectural owner; exact bytes retained.
archive/docs/hpzr2-regression-2026-09-23/synthetic-benchmark/repeat-optimized-1.summary.json,engineering/archive/docs/hpzr2-regression-2026-09-23/synthetic-benchmark/repeat-optimized-1.summary.json,move,Colocate existing content with its architectural owner; exact bytes retained.
archive/docs/hpzr2-regression-2026-09-23/synthetic-benchmark/repeat-optimized-2.summary.json,engineering/archive/docs/hpzr2-regression-2026-09-23/synthetic-benchmark/repeat-optimized-2.summary.json,move,Colocate existing content with its architectural owner; exact bytes retained.
archive/docs/hpzr2-regression-2026-09-23/synthetic-benchmark/repeat-optimized-3.summary.json,engineering/archive/docs/hpzr2-regression-2026-09-23/synthetic-benchmark/repeat-optimized-3.summary.json,move,Colocate existing content with its architectural owner; exact bytes retained.
archive/docs/hpzr2-regression-2026-09-23/synthetic-benchmark/synthetic-60000.json,engineering/archive/docs/hpzr2-regression-2026-09-23/synthetic-benchmark/synthetic-60000.json,move,Colocate existing content with its architectural owner; exact bytes retained.
archive/docs/order-architecture-2026-09-27/phase1-engine-source.zip,engineering/archive/docs/order-architecture-2026-09-27/phase1-engine-source.zip,move,Colocate existing content with its architectural owner; exact bytes retained.
archive/docs/order-architecture-2026-09-27/PHASE_1_DIAGNOSTIC_INTERRUPTED/case-01.json.gz,engineering/archive/docs/order-architecture-2026-09-27/PHASE_1_DIAGNOSTIC_INTERRUPTED/case-01.json.gz,move,Colocate existing content with its architectural owner; exact bytes retained.
archive/docs/order-architecture-2026-09-27/PHASE_1_DIAGNOSTIC_INTERRUPTED/case-01.stderr.log,engineering/archive/docs/order-architecture-2026-09-27/PHASE_1_DIAGNOSTIC_INTERRUPTED/case-01.stderr.log,move,Colocate existing content with its architectural owner; exact bytes retained.
archive/docs/order-architecture-2026-09-27/PHASE_1_DIAGNOSTIC_INTERRUPTED/case-02.json.gz,engineering/archive/docs/order-architecture-2026-09-27/PHASE_1_DIAGNOSTIC_INTERRUPTED/case-02.json.gz,move,Colocate existing content with its architectural owner; exact bytes retained.
archive/docs/order-architecture-2026-09-27/PHASE_1_DIAGNOSTIC_INTERRUPTED/case-02.stderr.log,engineering/archive/docs/order-architecture-2026-09-27/PHASE_1_DIAGNOSTIC_INTERRUPTED/case-02.stderr.log,move,Colocate existing content with its architectural owner; exact bytes retained.
archive/docs/order-architecture-2026-09-27/PHASE_1_DIAGNOSTIC_INTERRUPTED/case-03.json,engineering/archive/docs/order-architecture-2026-09-27/PHASE_1_DIAGNOSTIC_INTERRUPTED/case-03.json,move,Colocate existing content with its architectural owner; exact bytes retained.
archive/docs/order-architecture-2026-09-27/PHASE_1_DIAGNOSTIC_INTERRUPTED/case-03.stderr.log,engineering/archive/docs/order-architecture-2026-09-27/PHASE_1_DIAGNOSTIC_INTERRUPTED/case-03.stderr.log,move,Colocate existing content with its architectural owner; exact bytes retained.
archive/docs/order-architecture-2026-09-27/PHASE_1_DIAGNOSTIC_INTERRUPTED/manifest.json,engineering/archive/docs/order-architecture-2026-09-27/PHASE_1_DIAGNOSTIC_INTERRUPTED/manifest.json,move,Colocate existing content with its architectural owner; exact bytes retained.
archive/docs/order-architecture-2026-09-27/PHASE_1_FINAL_BASELINE/case-01.json.gz,engineering/archive/docs/order-architecture-2026-09-27/PHASE_1_FINAL_BASELINE/case-01.json.gz,move,Colocate existing content with its architectural owner; exact bytes retained.
archive/docs/order-architecture-2026-09-27/PHASE_1_FINAL_BASELINE/case-01.stderr.log,engineering/archive/docs/order-architecture-2026-09-27/PHASE_1_FINAL_BASELINE/case-01.stderr.log,move,Colocate existing content with its architectural owner; exact bytes retained.
archive/docs/order-architecture-2026-09-27/PHASE_1_FINAL_BASELINE/case-02.json.gz,engineering/archive/docs/order-architecture-2026-09-27/PHASE_1_FINAL_BASELINE/case-02.json.gz,move,Colocate existing content with its architectural owner; exact bytes retained.
archive/docs/order-architecture-2026-09-27/PHASE_1_FINAL_BASELINE/case-02.stderr.log,engineering/archive/docs/order-architecture-2026-09-27/PHASE_1_FINAL_BASELINE/case-02.stderr.log,move,Colocate existing content with its architectural owner; exact bytes retained.
archive/docs/order-architecture-2026-09-27/PHASE_1_FINAL_BASELINE/case-03.json.gz,engineering/archive/docs/order-architecture-2026-09-27/PHASE_1_FINAL_BASELINE/case-03.json.gz,move,Colocate existing content with its architectural owner; exact bytes retained.
archive/docs/order-architecture-2026-09-27/PHASE_1_FINAL_BASELINE/case-03.stderr.log,engineering/archive/docs/order-architecture-2026-09-27/PHASE_1_FINAL_BASELINE/case-03.stderr.log,move,Colocate existing content with its architectural owner; exact bytes retained.
archive/docs/order-architecture-2026-09-27/PHASE_1_FINAL_BASELINE/case-04.json.gz,engineering/archive/docs/order-architecture-2026-09-27/PHASE_1_FINAL_BASELINE/case-04.json.gz,move,Colocate existing content with its architectural owner; exact bytes retained.
archive/docs/order-architecture-2026-09-27/PHASE_1_FINAL_BASELINE/case-04.stderr.log,engineering/archive/docs/order-architecture-2026-09-27/PHASE_1_FINAL_BASELINE/case-04.stderr.log,move,Colocate existing content with its architectural owner; exact bytes retained.
archive/docs/order-architecture-2026-09-27/PHASE_1_FINAL_BASELINE/case-05.json.gz,engineering/archive/docs/order-architecture-2026-09-27/PHASE_1_FINAL_BASELINE/case-05.json.gz,move,Colocate existing content with its architectural owner; exact bytes retained.
archive/docs/order-architecture-2026-09-27/PHASE_1_FINAL_BASELINE/case-05.stderr.log,engineering/archive/docs/order-architecture-2026-09-27/PHASE_1_FINAL_BASELINE/case-05.stderr.log,move,Colocate existing content with its architectural owner; exact bytes retained.
archive/docs/order-architecture-2026-09-27/PHASE_1_FINAL_BASELINE/case-06.json.gz,engineering/archive/docs/order-architecture-2026-09-27/PHASE_1_FINAL_BASELINE/case-06.json.gz,move,Colocate existing content with its architectural owner; exact bytes retained.
archive/docs/order-architecture-2026-09-27/PHASE_1_FINAL_BASELINE/case-06.stderr.log,engineering/archive/docs/order-architecture-2026-09-27/PHASE_1_FINAL_BASELINE/case-06.stderr.log,move,Colocate existing content with its architectural owner; exact bytes retained.
archive/docs/order-architecture-2026-09-27/PHASE_1_FINAL_BASELINE/case-07.json.gz,engineering/archive/docs/order-architecture-2026-09-27/PHASE_1_FINAL_BASELINE/case-07.json.gz,move,Colocate existing content with its architectural owner; exact bytes retained.
archive/docs/order-architecture-2026-09-27/PHASE_1_FINAL_BASELINE/case-07.stderr.log,engineering/archive/docs/order-architecture-2026-09-27/PHASE_1_FINAL_BASELINE/case-07.stderr.log,move,Colocate existing content with its architectural owner; exact bytes retained.
archive/docs/order-architecture-2026-09-27/PHASE_1_FINAL_BASELINE/case-08.json.gz,engineering/archive/docs/order-architecture-2026-09-27/PHASE_1_FINAL_BASELINE/case-08.json.gz,move,Colocate existing content with its architectural owner; exact bytes retained.
archive/docs/order-architecture-2026-09-27/PHASE_1_FINAL_BASELINE/case-08.stderr.log,engineering/archive/docs/order-architecture-2026-09-27/PHASE_1_FINAL_BASELINE/case-08.stderr.log,move,Colocate existing content with its architectural owner; exact bytes retained.
archive/docs/order-architecture-2026-09-27/PHASE_1_FINAL_BASELINE/case-09.json.gz,engineering/archive/docs/order-architecture-2026-09-27/PHASE_1_FINAL_BASELINE/case-09.json.gz,move,Colocate existing content with its architectural owner; exact bytes retained.
archive/docs/order-architecture-2026-09-27/PHASE_1_FINAL_BASELINE/case-09.stderr.log,engineering/archive/docs/order-architecture-2026-09-27/PHASE_1_FINAL_BASELINE/case-09.stderr.log,move,Colocate existing content with its architectural owner; exact bytes retained.
archive/docs/order-architecture-2026-09-27/PHASE_1_FINAL_BASELINE/manifest.json,engineering/archive/docs/order-architecture-2026-09-27/PHASE_1_FINAL_BASELINE/manifest.json,move,Colocate existing content with its architectural owner; exact bytes retained.
archive/docs/order-architecture-2026-09-27/PHASE_2_FINAL_REGRESSION/case-01.json.gz,engineering/archive/docs/order-architecture-2026-09-27/PHASE_2_FINAL_REGRESSION/case-01.json.gz,move,Colocate existing content with its architectural owner; exact bytes retained.
archive/docs/order-architecture-2026-09-27/PHASE_2_FINAL_REGRESSION/case-01.stderr.log,engineering/archive/docs/order-architecture-2026-09-27/PHASE_2_FINAL_REGRESSION/case-01.stderr.log,move,Colocate existing content with its architectural owner; exact bytes retained.
archive/docs/order-architecture-2026-09-27/PHASE_2_FINAL_REGRESSION/case-02.json.gz,engineering/archive/docs/order-architecture-2026-09-27/PHASE_2_FINAL_REGRESSION/case-02.json.gz,move,Colocate existing content with its architectural owner; exact bytes retained.
archive/docs/order-architecture-2026-09-27/PHASE_2_FINAL_REGRESSION/case-02.stderr.log,engineering/archive/docs/order-architecture-2026-09-27/PHASE_2_FINAL_REGRESSION/case-02.stderr.log,move,Colocate existing content with its architectural owner; exact bytes retained.
archive/docs/order-architecture-2026-09-27/PHASE_2_FINAL_REGRESSION/case-03.json.gz,engineering/archive/docs/order-architecture-2026-09-27/PHASE_2_FINAL_REGRESSION/case-03.json.gz,move,Colocate existing content with its architectural owner; exact bytes retained.
archive/docs/order-architecture-2026-09-27/PHASE_2_FINAL_REGRESSION/case-03.stderr.log,engineering/archive/docs/order-architecture-2026-09-27/PHASE_2_FINAL_REGRESSION/case-03.stderr.log,move,Colocate existing content with its architectural owner; exact bytes retained.
archive/docs/order-architecture-2026-09-27/PHASE_2_FINAL_REGRESSION/case-04.json.gz,engineering/archive/docs/order-architecture-2026-09-27/PHASE_2_FINAL_REGRESSION/case-04.json.gz,move,Colocate existing content with its architectural owner; exact bytes retained.
archive/docs/order-architecture-2026-09-27/PHASE_2_FINAL_REGRESSION/case-04.stderr.log,engineering/archive/docs/order-architecture-2026-09-27/PHASE_2_FINAL_REGRESSION/case-04.stderr.log,move,Colocate existing content with its architectural owner; exact bytes retained.
archive/docs/order-architecture-2026-09-27/PHASE_2_FINAL_REGRESSION/case-05.json.gz,engineering/archive/docs/order-architecture-2026-09-27/PHASE_2_FINAL_REGRESSION/case-05.json.gz,move,Colocate existing content with its architectural owner; exact bytes retained.
archive/docs/order-architecture-2026-09-27/PHASE_2_FINAL_REGRESSION/case-05.stderr.log,engineering/archive/docs/order-architecture-2026-09-27/PHASE_2_FINAL_REGRESSION/case-05.stderr.log,move,Colocate existing content with its architectural owner; exact bytes retained.
archive/docs/order-architecture-2026-09-27/PHASE_2_FINAL_REGRESSION/case-06.json.gz,engineering/archive/docs/order-architecture-2026-09-27/PHASE_2_FINAL_REGRESSION/case-06.json.gz,move,Colocate existing content with its architectural owner; exact bytes retained.
archive/docs/order-architecture-2026-09-27/PHASE_2_FINAL_REGRESSION/case-06.stderr.log,engineering/archive/docs/order-architecture-2026-09-27/PHASE_2_FINAL_REGRESSION/case-06.stderr.log,move,Colocate existing content with its architectural owner; exact bytes retained.
archive/docs/order-architecture-2026-09-27/PHASE_2_FINAL_REGRESSION/case-07.json.gz,engineering/archive/docs/order-architecture-2026-09-27/PHASE_2_FINAL_REGRESSION/case-07.json.gz,move,Colocate existing content with its architectural owner; exact bytes retained.
archive/docs/order-architecture-2026-09-27/PHASE_2_FINAL_REGRESSION/case-07.stderr.log,engineering/archive/docs/order-architecture-2026-09-27/PHASE_2_FINAL_REGRESSION/case-07.stderr.log,move,Colocate existing content with its architectural owner; exact bytes retained.
archive/docs/order-architecture-2026-09-27/PHASE_2_FINAL_REGRESSION/case-08.json.gz,engineering/archive/docs/order-architecture-2026-09-27/PHASE_2_FINAL_REGRESSION/case-08.json.gz,move,Colocate existing content with its architectural owner; exact bytes retained.
archive/docs/order-architecture-2026-09-27/PHASE_2_FINAL_REGRESSION/case-08.stderr.log,engineering/archive/docs/order-architecture-2026-09-27/PHASE_2_FINAL_REGRESSION/case-08.stderr.log,move,Colocate existing content with its architectural owner; exact bytes retained.
archive/docs/order-architecture-2026-09-27/PHASE_2_FINAL_REGRESSION/case-09.json.gz,engineering/archive/docs/order-architecture-2026-09-27/PHASE_2_FINAL_REGRESSION/case-09.json.gz,move,Colocate existing content with its architectural owner; exact bytes retained.
archive/docs/order-architecture-2026-09-27/PHASE_2_FINAL_REGRESSION/case-09.stderr.log,engineering/archive/docs/order-architecture-2026-09-27/PHASE_2_FINAL_REGRESSION/case-09.stderr.log,move,Colocate existing content with its architectural owner; exact bytes retained.
archive/docs/order-architecture-2026-09-27/PHASE_2_FINAL_REGRESSION/manifest.json,engineering/archive/docs/order-architecture-2026-09-27/PHASE_2_FINAL_REGRESSION/manifest.json,move,Colocate existing content with its architectural owner; exact bytes retained.
archive/docs/order-architecture-2026-09-27/phase2-cache-targeted/case-01.json.gz,engineering/archive/docs/order-architecture-2026-09-27/phase2-cache-targeted/case-01.json.gz,move,Colocate existing content with its architectural owner; exact bytes retained.
archive/docs/order-architecture-2026-09-27/phase2-cache-targeted/case-01.stderr.log,engineering/archive/docs/order-architecture-2026-09-27/phase2-cache-targeted/case-01.stderr.log,move,Colocate existing content with its architectural owner; exact bytes retained.
archive/docs/order-architecture-2026-09-27/phase2-cache-targeted/case-02.json.gz,engineering/archive/docs/order-architecture-2026-09-27/phase2-cache-targeted/case-02.json.gz,move,Colocate existing content with its architectural owner; exact bytes retained.
archive/docs/order-architecture-2026-09-27/phase2-cache-targeted/case-02.stderr.log,engineering/archive/docs/order-architecture-2026-09-27/phase2-cache-targeted/case-02.stderr.log,move,Colocate existing content with its architectural owner; exact bytes retained.
archive/docs/order-architecture-2026-09-27/phase2-cache-targeted/manifest.json,engineering/archive/docs/order-architecture-2026-09-27/phase2-cache-targeted/manifest.json,move,Colocate existing content with its architectural owner; exact bytes retained.
archive/docs/order-architecture-2026-09-27/phase2-extract-smoke/case-01.json.gz,engineering/archive/docs/order-architecture-2026-09-27/phase2-extract-smoke/case-01.json.gz,move,Colocate existing content with its architectural owner; exact bytes retained.
archive/docs/order-architecture-2026-09-27/phase2-extract-smoke/case-01.stderr.log,engineering/archive/docs/order-architecture-2026-09-27/phase2-extract-smoke/case-01.stderr.log,move,Colocate existing content with its architectural owner; exact bytes retained.
archive/docs/order-architecture-2026-09-27/phase2-extract-smoke/manifest.json,engineering/archive/docs/order-architecture-2026-09-27/phase2-extract-smoke/manifest.json,move,Colocate existing content with its architectural owner; exact bytes retained.
archive/docs/order-architecture-2026-09-27/phase2-extract-targeted/case-01.json.gz,engineering/archive/docs/order-architecture-2026-09-27/phase2-extract-targeted/case-01.json.gz,move,Colocate existing content with its architectural owner; exact bytes retained.
archive/docs/order-architecture-2026-09-27/phase2-extract-targeted/case-01.stderr.log,engineering/archive/docs/order-architecture-2026-09-27/phase2-extract-targeted/case-01.stderr.log,move,Colocate existing content with its architectural owner; exact bytes retained.
archive/docs/order-architecture-2026-09-27/phase2-extract-targeted/case-02.json.gz,engineering/archive/docs/order-architecture-2026-09-27/phase2-extract-targeted/case-02.json.gz,move,Colocate existing content with its architectural owner; exact bytes retained.
archive/docs/order-architecture-2026-09-27/phase2-extract-targeted/case-02.stderr.log,engineering/archive/docs/order-architecture-2026-09-27/phase2-extract-targeted/case-02.stderr.log,move,Colocate existing content with its architectural owner; exact bytes retained.
archive/docs/order-architecture-2026-09-27/phase2-extract-targeted/manifest.json,engineering/archive/docs/order-architecture-2026-09-27/phase2-extract-targeted/manifest.json,move,Colocate existing content with its architectural owner; exact bytes retained.
archive/docs/order-architecture-2026-09-27/phase2-s-extract-smoke/case-01.json.gz,engineering/archive/docs/order-architecture-2026-09-27/phase2-s-extract-smoke/case-01.json.gz,move,Colocate existing content with its architectural owner; exact bytes retained.
archive/docs/order-architecture-2026-09-27/phase2-s-extract-smoke/case-01.stderr.log,engineering/archive/docs/order-architecture-2026-09-27/phase2-s-extract-smoke/case-01.stderr.log,move,Colocate existing content with its architectural owner; exact bytes retained.
archive/docs/order-architecture-2026-09-27/phase2-s-extract-smoke/manifest.json,engineering/archive/docs/order-architecture-2026-09-27/phase2-s-extract-smoke/manifest.json,move,Colocate existing content with its architectural owner; exact bytes retained.
archive/docs/order-architecture-2026-09-27/recovery-smoke/case-01.json.gz,engineering/archive/docs/order-architecture-2026-09-27/recovery-smoke/case-01.json.gz,move,Colocate existing content with its architectural owner; exact bytes retained.
archive/docs/order-architecture-2026-09-27/recovery-smoke/case-01.stderr.log,engineering/archive/docs/order-architecture-2026-09-27/recovery-smoke/case-01.stderr.log,move,Colocate existing content with its architectural owner; exact bytes retained.
archive/docs/order-architecture-2026-09-27/recovery-smoke/manifest.json,engineering/archive/docs/order-architecture-2026-09-27/recovery-smoke/manifest.json,move,Colocate existing content with its architectural owner; exact bytes retained.
archive/docs/order-architecture-2026-09-27/smoke-precision/case-01.json.gz,engineering/archive/docs/order-architecture-2026-09-27/smoke-precision/case-01.json.gz,move,Colocate existing content with its architectural owner; exact bytes retained.
archive/docs/order-architecture-2026-09-27/smoke-precision/case-01.stderr.log,engineering/archive/docs/order-architecture-2026-09-27/smoke-precision/case-01.stderr.log,move,Colocate existing content with its architectural owner; exact bytes retained.
archive/docs/order-architecture-2026-09-27/smoke-precision/manifest.json,engineering/archive/docs/order-architecture-2026-09-27/smoke-precision/manifest.json,move,Colocate existing content with its architectural owner; exact bytes retained.
archive/docs/order-architecture-2026-09-27/smoke-usoil-precision/case-01.json.gz,engineering/archive/docs/order-architecture-2026-09-27/smoke-usoil-precision/case-01.json.gz,move,Colocate existing content with its architectural owner; exact bytes retained.
archive/docs/order-architecture-2026-09-27/smoke-usoil-precision/case-01.stderr.log,engineering/archive/docs/order-architecture-2026-09-27/smoke-usoil-precision/case-01.stderr.log,move,Colocate existing content with its architectural owner; exact bytes retained.
archive/docs/order-architecture-2026-09-27/smoke-usoil-precision/manifest.json,engineering/archive/docs/order-architecture-2026-09-27/smoke-usoil-precision/manifest.json,move,Colocate existing content with its architectural owner; exact bytes retained.
archive/docs/superpowers/plans/2026-09-17-tradingbot-v2-stable-audit.md,engineering/archive/docs/superpowers/plans/2026-09-17-tradingbot-v2-stable-audit.md,move,Colocate existing content with its architectural owner; exact bytes retained.
archive/docs/superpowers/plans/2026-09-21-complete-project-engineering-audit.md,engineering/archive/docs/superpowers/plans/2026-09-21-complete-project-engineering-audit.md,move,Colocate existing content with its architectural owner; exact bytes retained.
archive/docs/validation-temp/probe-fetch-ports.mjs,engineering/archive/docs/validation-temp/probe-fetch-ports.mjs,move,Colocate existing content with its architectural owner; exact bytes retained.
archive/docs/validation-temp/validate-static.mjs,engineering/archive/docs/validation-temp/validate-static.mjs,move,Colocate existing content with its architectural owner; exact bytes retained.
archive/docs/validation-temp/build/index.html,engineering/archive/docs/validation-temp/build/index.html,move,Colocate existing content with its architectural owner; exact bytes retained.
archive/docs/validation-temp/build/assets/index-BTET6XLF.css,engineering/archive/docs/validation-temp/build/assets/index-BTET6XLF.css,move,Colocate existing content with its architectural owner; exact bytes retained.
archive/docs/validation-temp/build/assets/index-gIdNgkcc.js,engineering/archive/docs/validation-temp/build/assets/index-gIdNgkcc.js,move,Colocate existing content with its architectural owner; exact bytes retained.
archive/scripts/build_order_references.py,engineering/archive/scripts/build_order_references.py,move,Colocate existing content with its architectural owner; exact bytes retained.
archive/scripts/extract_order_module.py,engineering/archive/scripts/extract_order_module.py,move,Colocate existing content with its architectural owner; exact bytes retained.
archive/scripts/extract_s_order_methods.py,engineering/archive/scripts/extract_s_order_methods.py,move,Colocate existing content with its architectural owner; exact bytes retained.
cache/drawings/.gitkeep,apps/chart/state/cache/drawings/.gitkeep,move,Colocate existing content with its architectural owner; exact bytes retained.
cache/drawings/FOREXCOM-XAUUSD/RAW-FOREXCOM_XAUUSD-1S-FROM-2026-08-18-04-44-40-TO-2026-09-03-00-29-39--1238cae0203672c1.json,apps/chart/state/cache/drawings/FOREXCOM-XAUUSD/RAW-FOREXCOM_XAUUSD-1S-FROM-2026-08-18-04-44-40-TO-2026-09-03-00-29-39--1238cae0203672c1.json,move,Colocate existing content with its architectural owner; exact bytes retained.
cache/drawings/FOREXCOM-XAUUSD/RAW-FOREXCOM_XAUUSD-1S-FROM-2026-08-18-04-44-40-TO-2026-09-05-00-29-39--f5638c6a219922ab.json,apps/chart/state/cache/drawings/FOREXCOM-XAUUSD/RAW-FOREXCOM_XAUUSD-1S-FROM-2026-08-18-04-44-40-TO-2026-09-05-00-29-39--f5638c6a219922ab.json,move,Colocate existing content with its architectural owner; exact bytes retained.
cache/drawings/FOREXCOM-XAUUSD/RAW-FOREXCOM_XAUUSD-1S-FROM-2026-08-18-04-44-40-TO-2026-09-07-16-27-44--4f200d2252b5a292.json,apps/chart/state/cache/drawings/FOREXCOM-XAUUSD/RAW-FOREXCOM_XAUUSD-1S-FROM-2026-08-18-04-44-40-TO-2026-09-07-16-27-44--4f200d2252b5a292.json,move,Colocate existing content with its architectural owner; exact bytes retained.
cache/drawings/FOREXCOM-XAUUSD/RAW-FOREXCOM_XAUUSD-1S-FROM-2026-08-18-04-44-40-TO-2026-09-07-21-59-58--66d9ed634a922075.json,apps/chart/state/cache/drawings/FOREXCOM-XAUUSD/RAW-FOREXCOM_XAUUSD-1S-FROM-2026-08-18-04-44-40-TO-2026-09-07-21-59-58--66d9ed634a922075.json,move,Colocate existing content with its architectural owner; exact bytes retained.
cache/drawings/FOREXCOM-XAUUSD/RAW-FOREXCOM_XAUUSD-1S-FROM-2026-09-02-07-16-40-TO-2026-09-03-18-59-27--6aa7b8ec9e924b05.json,apps/chart/state/cache/drawings/FOREXCOM-XAUUSD/RAW-FOREXCOM_XAUUSD-1S-FROM-2026-09-02-07-16-40-TO-2026-09-03-18-59-27--6aa7b8ec9e924b05.json,move,Colocate existing content with its architectural owner; exact bytes retained.
cache/drawings/FOREXCOM-XAUUSD/RAW-FOREXCOM_XAUUSD-1S-FROM-2026-09-02-07-16-40-TO-2026-09-05-00-29-39--df8e08aad9ab57d2.json,apps/chart/state/cache/drawings/FOREXCOM-XAUUSD/RAW-FOREXCOM_XAUUSD-1S-FROM-2026-09-02-07-16-40-TO-2026-09-05-00-29-39--df8e08aad9ab57d2.json,move,Colocate existing content with its architectural owner; exact bytes retained.
cache/drawings/FOREXCOM-XAUUSD/RAW-FOREXCOM_XAUUSD-1S-FROM-2026-09-02-20-30-40-TO-2026-09-04-04-35-59--91837763e3fad922.json,apps/chart/state/cache/drawings/FOREXCOM-XAUUSD/RAW-FOREXCOM_XAUUSD-1S-FROM-2026-09-02-20-30-40-TO-2026-09-04-04-35-59--91837763e3fad922.json,move,Colocate existing content with its architectural owner; exact bytes retained.
cache/drawings/FOREXCOM-XAUUSD/RAW-FOREXCOM_XAUUSD-1S-FROM-2026-09-02-20-30-40-TO-2026-09-04-08-28-28--cb4c737c50108b1c.json,apps/chart/state/cache/drawings/FOREXCOM-XAUUSD/RAW-FOREXCOM_XAUUSD-1S-FROM-2026-09-02-20-30-40-TO-2026-09-04-08-28-28--cb4c737c50108b1c.json,move,Colocate existing content with its architectural owner; exact bytes retained.
cache/drawings/FOREXCOM-XAUUSD/RAW-FOREXCOM_XAUUSD-1S-FROM-2026-09-02-20-30-40-TO-2026-09-04-09-09-43--1f9792c891d4988a.json,apps/chart/state/cache/drawings/FOREXCOM-XAUUSD/RAW-FOREXCOM_XAUUSD-1S-FROM-2026-09-02-20-30-40-TO-2026-09-04-09-09-43--1f9792c891d4988a.json,move,Colocate existing content with its architectural owner; exact bytes retained.
cache/drawings/FOREXCOM-XAUUSD/RAW-FOREXCOM_XAUUSD-1S-FROM-2026-09-03-19-05-40-TO-2026-09-04-04-35-59--ef96d876e95ecc3b.json,apps/chart/state/cache/drawings/FOREXCOM-XAUUSD/RAW-FOREXCOM_XAUUSD-1S-FROM-2026-09-03-19-05-40-TO-2026-09-04-04-35-59--ef96d876e95ecc3b.json,move,Colocate existing content with its architectural owner; exact bytes retained.
cache/drawings/FOREXCOM-XAUUSD/RAW-FOREXCOM_XAUUSD-1S-FROM-2026-09-03-19-05-40-TO-2026-09-08-03-05-16--d9790c450f3d9351.json,apps/chart/state/cache/drawings/FOREXCOM-XAUUSD/RAW-FOREXCOM_XAUUSD-1S-FROM-2026-09-03-19-05-40-TO-2026-09-08-03-05-16--d9790c450f3d9351.json,move,Colocate existing content with its architectural owner; exact bytes retained.
cache/drawings/FOREXCOM-XAUUSD/RAW-FOREXCOM_XAUUSD-1S-FROM-2026-09-03-19-05-40-TO-2026-09-08-03-18-28--d97e2cae12c18ce6.json,apps/chart/state/cache/drawings/FOREXCOM-XAUUSD/RAW-FOREXCOM_XAUUSD-1S-FROM-2026-09-03-19-05-40-TO-2026-09-08-03-18-28--d97e2cae12c18ce6.json,move,Colocate existing content with its architectural owner; exact bytes retained.
cache/drawings/FOREXCOM-XAUUSD/RAW-FOREXCOM_XAUUSD-1S-FROM-2026-09-03-19-05-40-TO-2026-09-14-15-45-26--2b324fd027742dd7.json,apps/chart/state/cache/drawings/FOREXCOM-XAUUSD/RAW-FOREXCOM_XAUUSD-1S-FROM-2026-09-03-19-05-40-TO-2026-09-14-15-45-26--2b324fd027742dd7.json,move,Colocate existing content with its architectural owner; exact bytes retained.
cache/drawings/FOREXCOM-XAUUSD/RAW-FOREXCOM_XAUUSD-1S-FROM-2026-09-04-16-48-10-TO-2026-09-08-02-49-33--395f9be07f4352ae.json,apps/chart/state/cache/drawings/FOREXCOM-XAUUSD/RAW-FOREXCOM_XAUUSD-1S-FROM-2026-09-04-16-48-10-TO-2026-09-08-02-49-33--395f9be07f4352ae.json,move,Colocate existing content with its architectural owner; exact bytes retained.
cache/drawings/FXCM-USOIL/RAW-FXCM_USOIL-1S-FROM-2026-09-03-13-46-40-TO-2026-09-04-03-45-05--aa0a9fdd66e0b585.json,apps/chart/state/cache/drawings/FXCM-USOIL/RAW-FXCM_USOIL-1S-FROM-2026-09-03-13-46-40-TO-2026-09-04-03-45-05--aa0a9fdd66e0b585.json,move,Colocate existing content with its architectural owner; exact bytes retained.
cache/drawings/FXCM-USOIL/RAW-FXCM_USOIL-1S-FROM-2026-09-04-17-41-10-TO-2026-09-08-03-28-24--f66e0264c171fb7f.json,apps/chart/state/cache/drawings/FXCM-USOIL/RAW-FXCM_USOIL-1S-FROM-2026-09-04-17-41-10-TO-2026-09-08-03-28-24--f66e0264c171fb7f.json,move,Colocate existing content with its architectural owner; exact bytes retained.
cache/drawings/FXCM-USOIL/RAW-FXCM_USOIL-1S-FROM-2026-09-04-17-41-10-TO-2026-09-08-03-40-02--a997ade23e205b75.json,apps/chart/state/cache/drawings/FXCM-USOIL/RAW-FXCM_USOIL-1S-FROM-2026-09-04-17-41-10-TO-2026-09-08-03-40-02--a997ade23e205b75.json,move,Colocate existing content with its architectural owner; exact bytes retained.
cache/drawings/FXCM-USOIL/RAW-FXCM_USOIL-5S-FROM-2026-08-26-14-09-20-TO-2026-09-09-23-57-45--f5d63b4bed194bc9.json,apps/chart/state/cache/drawings/FXCM-USOIL/RAW-FXCM_USOIL-5S-FROM-2026-08-26-14-09-20-TO-2026-09-09-23-57-45--f5d63b4bed194bc9.json,move,Colocate existing content with its architectural owner; exact bytes retained.
cache/drawings/FXCM-USOIL/RAW-FXCM_USOIL-5S-FROM-2026-08-27-02-00-00-TO-2026-09-02-20-38-00--afb89b57681cae54.json,apps/chart/state/cache/drawings/FXCM-USOIL/RAW-FXCM_USOIL-5S-FROM-2026-08-27-02-00-00-TO-2026-09-02-20-38-00--afb89b57681cae54.json,move,Colocate existing content with its architectural owner; exact bytes retained.
cache/drawings/FXCM-USOIL/RAW-FXCM_USOIL-5S-FROM-2026-09-08-07-23-20-TO-2026-09-12-00-14-55--a233e0bcded08a8f.json,apps/chart/state/cache/drawings/FXCM-USOIL/RAW-FXCM_USOIL-5S-FROM-2026-09-08-07-23-20-TO-2026-09-12-00-14-55--a233e0bcded08a8f.json,move,Colocate existing content with its architectural owner; exact bytes retained.
cache/drawings/FXCM-USOIL/RAW-FXCM_USOIL-5S-FROM-2026-09-08-21-59-20-TO-2026-09-10-00-29-55--ee34ecf89aa449f9.json,apps/chart/state/cache/drawings/FXCM-USOIL/RAW-FXCM_USOIL-5S-FROM-2026-09-08-21-59-20-TO-2026-09-10-00-29-55--ee34ecf89aa449f9.json,move,Colocate existing content with its architectural owner; exact bytes retained.
cache/drawings/FXCM-USOIL/RAW-FXCM_USOIL-5S-FROM-2026-09-11-02-53-30-TO-2026-09-12-00-14-55--3c82c61a37636bb9.json,apps/chart/state/cache/drawings/FXCM-USOIL/RAW-FXCM_USOIL-5S-FROM-2026-09-11-02-53-30-TO-2026-09-12-00-14-55--3c82c61a37636bb9.json,move,Colocate existing content with its architectural owner; exact bytes retained.
cache/drawings/FXCM-USOIL/RAW-FXCM_USOIL-5S-FROM-2026-09-11-02-53-30-TO-2026-09-14-16-05-05--8747a645c2f9988f.json,apps/chart/state/cache/drawings/FXCM-USOIL/RAW-FXCM_USOIL-5S-FROM-2026-09-11-02-53-30-TO-2026-09-14-16-05-05--8747a645c2f9988f.json,move,Colocate existing content with its architectural owner; exact bytes retained.
cache/drawings/FXCM-USOIL/RAW-FXCM_USOIL-5S-FROM-2026-09-11-02-53-30-TO-2026-09-15-06-44-00--c3b7f5dc6ea06669.json,apps/chart/state/cache/drawings/FXCM-USOIL/RAW-FXCM_USOIL-5S-FROM-2026-09-11-02-53-30-TO-2026-09-15-06-44-00--c3b7f5dc6ea06669.json,move,Colocate existing content with its architectural owner; exact bytes retained.
cache/drawings/RAW-FOREXCOM/RAW_FOREXCOM_XAUUSD_30S_FROM_2026_08_25_12_04_30_TO_2026_09_01_22--07b806212e54355a.json,apps/chart/state/cache/drawings/RAW-FOREXCOM/RAW_FOREXCOM_XAUUSD_30S_FROM_2026_08_25_12_04_30_TO_2026_09_01_22--07b806212e54355a.json,move,Colocate existing content with its architectural owner; exact bytes retained.
cache/drawings/USOIL/RAW-FARAZ_FXCM_USOIL-5S-FROM-1789082610-TO-1789442040--0d16c4eaf3ccb5d3.json,apps/chart/state/cache/drawings/USOIL/RAW-FARAZ_FXCM_USOIL-5S-FROM-1789082610-TO-1789442040--0d16c4eaf3ccb5d3.json,move,Colocate existing content with its architectural owner; exact bytes retained.
cache/drawings/USOIL/chart-2b7323f469c41534.json,apps/chart/state/cache/drawings/USOIL/chart-2b7323f469c41534.json,move,Colocate existing content with its architectural owner; exact bytes retained.
cache/drawings/USOIL/chart-372904e2766e9f32.json,apps/chart/state/cache/drawings/USOIL/chart-372904e2766e9f32.json,move,Colocate existing content with its architectural owner; exact bytes retained.
cache/drawings/USOIL/chart-48b381fa86baaa25.json,apps/chart/state/cache/drawings/USOIL/chart-48b381fa86baaa25.json,move,Colocate existing content with its architectural owner; exact bytes retained.
cache/drawings/USOIL/chart-c10d386ff197bca7.json,apps/chart/state/cache/drawings/USOIL/chart-c10d386ff197bca7.json,move,Colocate existing content with its architectural owner; exact bytes retained.
cache/drawings/XAUUSD/RAW-FARAZ_FOREXCOM_XAUUSD-1S-FROM-1788449740-TO-1789388126--36996c536ed16e20.json,apps/chart/state/cache/drawings/XAUUSD/RAW-FARAZ_FOREXCOM_XAUUSD-1S-FROM-1788449740-TO-1789388126--36996c536ed16e20.json,move,Colocate existing content with its architectural owner; exact bytes retained.
cache/drawings/XAUUSD/chart-18e2683422883f92.json,apps/chart/state/cache/drawings/XAUUSD/chart-18e2683422883f92.json,move,Colocate existing content with its architectural owner; exact bytes retained.
cache/drawings/XAUUSD/chart-1bb085bb0d404610.json,apps/chart/state/cache/drawings/XAUUSD/chart-1bb085bb0d404610.json,move,Colocate existing content with its architectural owner; exact bytes retained.
cache/drawings/XAUUSD/chart-5733c3db1c1d1180.json,apps/chart/state/cache/drawings/XAUUSD/chart-5733c3db1c1d1180.json,move,Colocate existing content with its architectural owner; exact bytes retained.
cache/drawings/XAUUSD/chart-5f638fec65138f5d.json,apps/chart/state/cache/drawings/XAUUSD/chart-5f638fec65138f5d.json,move,Colocate existing content with its architectural owner; exact bytes retained.
cache/drawings/XAUUSD/chart-8bf7f4ca24a60c28.json,apps/chart/state/cache/drawings/XAUUSD/chart-8bf7f4ca24a60c28.json,move,Colocate existing content with its architectural owner; exact bytes retained.
cache/drawings/XAUUSD/chart-8c8927720def6abe.json,apps/chart/state/cache/drawings/XAUUSD/chart-8c8927720def6abe.json,move,Colocate existing content with its architectural owner; exact bytes retained.
cache/drawings/XAUUSD/chart-b7d7f898c11cbf6e.json,apps/chart/state/cache/drawings/XAUUSD/chart-b7d7f898c11cbf6e.json,move,Colocate existing content with its architectural owner; exact bytes retained.
cache/drawings/XAUUSD/chart-cb5bec23b0561fd0.json,apps/chart/state/cache/drawings/XAUUSD/chart-cb5bec23b0561fd0.json,move,Colocate existing content with its architectural owner; exact bytes retained.
cache/drawings/XAUUSD/chart-cef495ec7a341f0e.json,apps/chart/state/cache/drawings/XAUUSD/chart-cef495ec7a341f0e.json,move,Colocate existing content with its architectural owner; exact bytes retained.
cache/drawings/XAUUSD/chart-fa04d41be36c5a8e.json,apps/chart/state/cache/drawings/XAUUSD/chart-fa04d41be36c5a8e.json,move,Colocate existing content with its architectural owner; exact bytes retained.
cache/indicator-calculations/.gitkeep,apps/chart/state/cache/indicator-calculations/.gitkeep,move,Colocate existing content with its architectural owner; exact bytes retained.
cache/indicator-calculations/USOIL/30s/bearish/1790018670-1790190600--017d6dabe3f7eed9.json,apps/chart/state/cache/indicator-calculations/USOIL/30s/bearish/1790018670-1790190600--017d6dabe3f7eed9.json,move,Colocate existing content with its architectural owner; exact bytes retained.
cache/indicator-calculations/USOIL/30s/bearish/1790018670-1790190600--017d6dabe3f7eed9.json.info.json,apps/chart/state/cache/indicator-calculations/USOIL/30s/bearish/1790018670-1790190600--017d6dabe3f7eed9.json.info.json,move,Colocate existing content with its architectural owner; exact bytes retained.
cache/indicator-calculations/USOIL/30s/bearish/1790593380-1790669760--61d97ae8221d1e7a.json,apps/chart/state/cache/indicator-calculations/USOIL/30s/bearish/1790593380-1790669760--61d97ae8221d1e7a.json,move,Colocate existing content with its architectural owner; exact bytes retained.
cache/indicator-calculations/USOIL/30s/bearish/1790593380-1790669760--61d97ae8221d1e7a.json.info.json,apps/chart/state/cache/indicator-calculations/USOIL/30s/bearish/1790593380-1790669760--61d97ae8221d1e7a.json.info.json,move,Colocate existing content with its architectural owner; exact bytes retained.
cache/indicator-calculations/USOIL/30s/bullish/1790139360-1790666430--2196bee779a7813a.json,apps/chart/state/cache/indicator-calculations/USOIL/30s/bullish/1790139360-1790666430--2196bee779a7813a.json,move,Colocate existing content with its architectural owner; exact bytes retained.
cache/indicator-calculations/USOIL/30s/bullish/1790139360-1790666430--2196bee779a7813a.json.info.json,apps/chart/state/cache/indicator-calculations/USOIL/30s/bullish/1790139360-1790666430--2196bee779a7813a.json.info.json,move,Colocate existing content with its architectural owner; exact bytes retained.
cache/indicator-calculations/USOIL/30s/bullish/1790139360-1790666490--3681a54eb8fbaee3.json,apps/chart/state/cache/indicator-calculations/USOIL/30s/bullish/1790139360-1790666490--3681a54eb8fbaee3.json,move,Colocate existing content with its architectural owner; exact bytes retained.
cache/indicator-calculations/USOIL/30s/bullish/1790139360-1790666490--3681a54eb8fbaee3.json.info.json,apps/chart/state/cache/indicator-calculations/USOIL/30s/bullish/1790139360-1790666490--3681a54eb8fbaee3.json.info.json,move,Colocate existing content with its architectural owner; exact bytes retained.
cache/indicator-calculations/USOIL/30s/bullish/1790615520-1790669760--4cd72e24bcd790e9.json,apps/chart/state/cache/indicator-calculations/USOIL/30s/bullish/1790615520-1790669760--4cd72e24bcd790e9.json,move,Colocate existing content with its architectural owner; exact bytes retained.
cache/indicator-calculations/USOIL/30s/bullish/1790615520-1790669760--4cd72e24bcd790e9.json.info.json,apps/chart/state/cache/indicator-calculations/USOIL/30s/bullish/1790615520-1790669760--4cd72e24bcd790e9.json.info.json,move,Colocate existing content with its architectural owner; exact bytes retained.
cache/indicator-calculations/XAUUSD/30s/bearish/1787617410-1790173860--e3f91446c52dd0a8.json,apps/chart/state/cache/indicator-calculations/XAUUSD/30s/bearish/1787617410-1790173860--e3f91446c52dd0a8.json,move,Colocate existing content with its architectural owner; exact bytes retained.
cache/indicator-calculations/XAUUSD/30s/bearish/1787617410-1790173860--e3f91446c52dd0a8.json.info.json,apps/chart/state/cache/indicator-calculations/XAUUSD/30s/bearish/1787617410-1790173860--e3f91446c52dd0a8.json.info.json,move,Colocate existing content with its architectural owner; exact bytes retained.
cache/indicator-calculations/XAUUSD/30s/bearish/1788449730-1788824880--e560c2382dfa8348.json,apps/chart/state/cache/indicator-calculations/XAUUSD/30s/bearish/1788449730-1788824880--e560c2382dfa8348.json,move,Colocate existing content with its architectural owner; exact bytes retained.
cache/indicator-calculations/XAUUSD/30s/bearish/1788449730-1788824880--e560c2382dfa8348.json.info.json,apps/chart/state/cache/indicator-calculations/XAUUSD/30s/bearish/1788449730-1788824880--e560c2382dfa8348.json.info.json,move,Colocate existing content with its architectural owner; exact bytes retained.
cache/indicator-calculations/XAUUSD/30s/bearish/1788535110-1788824880--24369254ad3cb4b6.json,apps/chart/state/cache/indicator-calculations/XAUUSD/30s/bearish/1788535110-1788824880--24369254ad3cb4b6.json,move,Colocate existing content with its architectural owner; exact bytes retained.
cache/indicator-calculations/XAUUSD/30s/bearish/1788535110-1788824880--24369254ad3cb4b6.json.info.json,apps/chart/state/cache/indicator-calculations/XAUUSD/30s/bearish/1788535110-1788824880--24369254ad3cb4b6.json.info.json,move,Colocate existing content with its architectural owner; exact bytes retained.
cache/indicator-calculations/XAUUSD/30s/bearish/1788535200-1788824880--c69291f2f8c1471d.json,apps/chart/state/cache/indicator-calculations/XAUUSD/30s/bearish/1788535200-1788824880--c69291f2f8c1471d.json,move,Colocate existing content with its architectural owner; exact bytes retained.
cache/indicator-calculations/XAUUSD/30s/bearish/1788535200-1788824880--c69291f2f8c1471d.json.info.json,apps/chart/state/cache/indicator-calculations/XAUUSD/30s/bearish/1788535200-1788824880--c69291f2f8c1471d.json.info.json,move,Colocate existing content with its architectural owner; exact bytes retained.
cache/indicator-calculations/XAUUSD/30s/bullish/1788527880-1788824880--2c1c4e67855561da.json,apps/chart/state/cache/indicator-calculations/XAUUSD/30s/bullish/1788527880-1788824880--2c1c4e67855561da.json,move,Colocate existing content with its architectural owner; exact bytes retained.
cache/indicator-calculations/XAUUSD/30s/bullish/1788527880-1788824880--2c1c4e67855561da.json.info.json,apps/chart/state/cache/indicator-calculations/XAUUSD/30s/bullish/1788527880-1788824880--2c1c4e67855561da.json.info.json,move,Colocate existing content with its architectural owner; exact bytes retained.
cache/indicator-calculations/XAUUSD/30s/bullish/1790062200-1790670300--ce6e8d63be22191f.json,apps/chart/state/cache/indicator-calculations/XAUUSD/30s/bullish/1790062200-1790670300--ce6e8d63be22191f.json,move,Colocate existing content with its architectural owner; exact bytes retained.
cache/indicator-calculations/XAUUSD/30s/bullish/1790062200-1790670300--ce6e8d63be22191f.json.info.json,apps/chart/state/cache/indicator-calculations/XAUUSD/30s/bullish/1790062200-1790670300--ce6e8d63be22191f.json.info.json,move,Colocate existing content with its architectural owner; exact bytes retained.
cache/indicator-calculations/XAUUSD/30s/bullish/1790607420-1790670300--77de0ccd84b1ca6a.json,apps/chart/state/cache/indicator-calculations/XAUUSD/30s/bullish/1790607420-1790670300--77de0ccd84b1ca6a.json,move,Colocate existing content with its architectural owner; exact bytes retained.
cache/indicator-calculations/XAUUSD/30s/bullish/1790607420-1790670300--77de0ccd84b1ca6a.json.info.json,apps/chart/state/cache/indicator-calculations/XAUUSD/30s/bullish/1790607420-1790670300--77de0ccd84b1ca6a.json.info.json,move,Colocate existing content with its architectural owner; exact bytes retained.
cache/indicator-templates/templates.json,apps/chart/state/cache/indicator-templates/templates.json,move,Colocate existing content with its architectural owner; exact bytes retained.
cleanup-2026-09-29/FINAL_REPORT.md,engineering/verification/history/cleanup-2026-09-29/FINAL_REPORT.md,move,Colocate existing content with its architectural owner; exact bytes retained.
cleanup-2026-09-29/HPZR2_Projection_Report.md,engineering/verification/history/cleanup-2026-09-29/HPZR2_Projection_Report.md,move,Colocate existing content with its architectural owner; exact bytes retained.
cleanup-2026-09-29/TradingBot-clean-repository-2026-09-29.zip,engineering/verification/history/cleanup-2026-09-29/TradingBot-clean-repository-2026-09-29.zip,move,Colocate existing content with its architectural owner; exact bytes retained.
cleanup-2026-09-29/TradingBot-local-tests-2026-09-29.zip,engineering/verification/history/cleanup-2026-09-29/TradingBot-local-tests-2026-09-29.zip,move,Colocate existing content with its architectural owner; exact bytes retained.
cleanup-2026-09-29/audit.py,engineering/verification/history/cleanup-2026-09-29/audit.py,move,Colocate existing content with its architectural owner; exact bytes retained.
cleanup-2026-09-29/baseline-branch.txt,engineering/verification/history/cleanup-2026-09-29/baseline-branch.txt,move,Colocate existing content with its architectural owner; exact bytes retained.
cleanup-2026-09-29/baseline-branches.txt,engineering/verification/history/cleanup-2026-09-29/baseline-branches.txt,move,Colocate existing content with its architectural owner; exact bytes retained.
cleanup-2026-09-29/baseline-diff-cached.txt,engineering/verification/history/cleanup-2026-09-29/baseline-diff-cached.txt,move,Colocate existing content with its architectural owner; exact bytes retained.
cleanup-2026-09-29/baseline-diff-stat.txt,engineering/verification/history/cleanup-2026-09-29/baseline-diff-stat.txt,move,Colocate existing content with its architectural owner; exact bytes retained.
cleanup-2026-09-29/baseline-diff.txt,engineering/verification/history/cleanup-2026-09-29/baseline-diff.txt,move,Colocate existing content with its architectural owner; exact bytes retained.
cleanup-2026-09-29/baseline-directories.json,engineering/verification/history/cleanup-2026-09-29/baseline-directories.json,move,Colocate existing content with its architectural owner; exact bytes retained.
cleanup-2026-09-29/baseline-git-dir.txt,engineering/verification/history/cleanup-2026-09-29/baseline-git-dir.txt,move,Colocate existing content with its architectural owner; exact bytes retained.
cleanup-2026-09-29/baseline-head.txt,engineering/verification/history/cleanup-2026-09-29/baseline-head.txt,move,Colocate existing content with its architectural owner; exact bytes retained.
cleanup-2026-09-29/baseline-ignored.txt,engineering/verification/history/cleanup-2026-09-29/baseline-ignored.txt,move,Colocate existing content with its architectural owner; exact bytes retained.
cleanup-2026-09-29/baseline-index,engineering/verification/history/cleanup-2026-09-29/baseline-index,move,Colocate existing content with its architectural owner; exact bytes retained.
cleanup-2026-09-29/baseline-inventory.json,engineering/verification/history/cleanup-2026-09-29/baseline-inventory.json,move,Colocate existing content with its architectural owner; exact bytes retained.
cleanup-2026-09-29/baseline-node-tests.log,engineering/verification/history/cleanup-2026-09-29/baseline-node-tests.log,move,Colocate existing content with its architectural owner; exact bytes retained.
cleanup-2026-09-29/baseline-python-tests.log,engineering/verification/history/cleanup-2026-09-29/baseline-python-tests.log,move,Colocate existing content with its architectural owner; exact bytes retained.
cleanup-2026-09-29/baseline-remotes.txt,engineering/verification/history/cleanup-2026-09-29/baseline-remotes.txt,move,Colocate existing content with its architectural owner; exact bytes retained.
cleanup-2026-09-29/baseline-root.txt,engineering/verification/history/cleanup-2026-09-29/baseline-root.txt,move,Colocate existing content with its architectural owner; exact bytes retained.
cleanup-2026-09-29/baseline-secret-history.txt,engineering/verification/history/cleanup-2026-09-29/baseline-secret-history.txt,move,Colocate existing content with its architectural owner; exact bytes retained.
cleanup-2026-09-29/baseline-status-branch.txt,engineering/verification/history/cleanup-2026-09-29/baseline-status-branch.txt,move,Colocate existing content with its architectural owner; exact bytes retained.
cleanup-2026-09-29/baseline-status-short.txt,engineering/verification/history/cleanup-2026-09-29/baseline-status-short.txt,move,Colocate existing content with its architectural owner; exact bytes retained.
cleanup-2026-09-29/baseline-submodules.txt,engineering/verification/history/cleanup-2026-09-29/baseline-submodules.txt,move,Colocate existing content with its architectural owner; exact bytes retained.
cleanup-2026-09-29/baseline-tags.txt,engineering/verification/history/cleanup-2026-09-29/baseline-tags.txt,move,Colocate existing content with its architectural owner; exact bytes retained.
cleanup-2026-09-29/baseline-topology.json,engineering/verification/history/cleanup-2026-09-29/baseline-topology.json,move,Colocate existing content with its architectural owner; exact bytes retained.
cleanup-2026-09-29/baseline-topology.txt,engineering/verification/history/cleanup-2026-09-29/baseline-topology.txt,move,Colocate existing content with its architectural owner; exact bytes retained.
cleanup-2026-09-29/baseline-tracked.txt,engineering/verification/history/cleanup-2026-09-29/baseline-tracked.txt,move,Colocate existing content with its architectural owner; exact bytes retained.
cleanup-2026-09-29/baseline-untracked.txt,engineering/verification/history/cleanup-2026-09-29/baseline-untracked.txt,move,Colocate existing content with its architectural owner; exact bytes retained.
cleanup-2026-09-29/baseline-worktrees.txt,engineering/verification/history/cleanup-2026-09-29/baseline-worktrees.txt,move,Colocate existing content with its architectural owner; exact bytes retained.
cleanup-2026-09-29/build.log,engineering/verification/history/cleanup-2026-09-29/build.log,move,Colocate existing content with its architectural owner; exact bytes retained.
cleanup-2026-09-29/cleanup-manifest.csv,engineering/verification/history/cleanup-2026-09-29/cleanup-manifest.csv,move,Colocate existing content with its architectural owner; exact bytes retained.
cleanup-2026-09-29/cleanup-manifest.json,engineering/verification/history/cleanup-2026-09-29/cleanup-manifest.json,move,Colocate existing content with its architectural owner; exact bytes retained.
cleanup-2026-09-29/delivery-verification.json,engineering/verification/history/cleanup-2026-09-29/delivery-verification.json,move,Colocate existing content with its architectural owner; exact bytes retained.
cleanup-2026-09-29/final-audit.json,engineering/verification/history/cleanup-2026-09-29/final-audit.json,move,Colocate existing content with its architectural owner; exact bytes retained.
cleanup-2026-09-29/final-name-status.txt,engineering/verification/history/cleanup-2026-09-29/final-name-status.txt,move,Colocate existing content with its architectural owner; exact bytes retained.
cleanup-2026-09-29/final-node-tests.log,engineering/verification/history/cleanup-2026-09-29/final-node-tests.log,move,Colocate existing content with its architectural owner; exact bytes retained.
cleanup-2026-09-29/final-staged-diff.txt,engineering/verification/history/cleanup-2026-09-29/final-staged-diff.txt,move,Colocate existing content with its architectural owner; exact bytes retained.
cleanup-2026-09-29/final-staged-stat.txt,engineering/verification/history/cleanup-2026-09-29/final-staged-stat.txt,move,Colocate existing content with its architectural owner; exact bytes retained.
cleanup-2026-09-29/final-status.txt,engineering/verification/history/cleanup-2026-09-29/final-status.txt,move,Colocate existing content with its architectural owner; exact bytes retained.
cleanup-2026-09-29/final_audit.py,engineering/verification/history/cleanup-2026-09-29/final_audit.py,move,Colocate existing content with its architectural owner; exact bytes retained.
cleanup-2026-09-29/github-files.txt,engineering/verification/history/cleanup-2026-09-29/github-files.txt,move,Colocate existing content with its architectural owner; exact bytes retained.
cleanup-2026-09-29/github-tree.txt,engineering/verification/history/cleanup-2026-09-29/github-tree.txt,move,Colocate existing content with its architectural owner; exact bytes retained.
cleanup-2026-09-29/implementation-plan.md,engineering/verification/history/cleanup-2026-09-29/implementation-plan.md,move,Colocate existing content with its architectural owner; exact bytes retained.
cleanup-2026-09-29/live-storage-check.json,engineering/verification/history/cleanup-2026-09-29/live-storage-check.json,move,Colocate existing content with its architectural owner; exact bytes retained.
cleanup-2026-09-29/live-storage-check.mjs,engineering/verification/history/cleanup-2026-09-29/live-storage-check.mjs,move,Colocate existing content with its architectural owner; exact bytes retained.
cleanup-2026-09-29/markdown-links.json,engineering/verification/history/cleanup-2026-09-29/markdown-links.json,move,Colocate existing content with its architectural owner; exact bytes retained.
cleanup-2026-09-29/migrate.ps1,engineering/verification/history/cleanup-2026-09-29/migrate.ps1,move,Colocate existing content with its architectural owner; exact bytes retained.
cleanup-2026-09-29/migration-actions.json,engineering/verification/history/cleanup-2026-09-29/migration-actions.json,move,Colocate existing content with its architectural owner; exact bytes retained.
cleanup-2026-09-29/npm-ci.log,engineering/verification/history/cleanup-2026-09-29/npm-ci.log,move,Colocate existing content with its architectural owner; exact bytes retained.
cleanup-2026-09-29/physical-files.txt,engineering/verification/history/cleanup-2026-09-29/physical-files.txt,move,Colocate existing content with its architectural owner; exact bytes retained.
cleanup-2026-09-29/physical-tree.txt,engineering/verification/history/cleanup-2026-09-29/physical-tree.txt,move,Colocate existing content with its architectural owner; exact bytes retained.
cleanup-2026-09-29/pre-cleanup-project.zip,engineering/verification/history/cleanup-2026-09-29/pre-cleanup-project.zip,move,Colocate existing content with its architectural owner; exact bytes retained.
cleanup-2026-09-29/pre-stage-secret-audit.json,engineering/verification/history/cleanup-2026-09-29/pre-stage-secret-audit.json,move,Colocate existing content with its architectural owner; exact bytes retained.
cleanup-2026-09-29/protected-engine-hashes.json,engineering/verification/history/cleanup-2026-09-29/protected-engine-hashes.json,move,Colocate existing content with its architectural owner; exact bytes retained.
cleanup-2026-09-29/readme.txt,engineering/verification/history/cleanup-2026-09-29/readme.txt,move,Colocate existing content with its architectural owner; exact bytes retained.
cleanup-2026-09-29/relative-imports.json,engineering/verification/history/cleanup-2026-09-29/relative-imports.json,move,Colocate existing content with its architectural owner; exact bytes retained.
cleanup-2026-09-29/repair.py,engineering/verification/history/cleanup-2026-09-29/repair.py,move,Colocate existing content with its architectural owner; exact bytes retained.
cleanup-2026-09-29/report.py,engineering/verification/history/cleanup-2026-09-29/report.py,move,Colocate existing content with its architectural owner; exact bytes retained.
cleanup-2026-09-29/secret-history-audit.json,engineering/verification/history/cleanup-2026-09-29/secret-history-audit.json,move,Colocate existing content with its architectural owner; exact bytes retained.
cleanup-2026-09-29/stage-command.log,engineering/verification/history/cleanup-2026-09-29/stage-command.log,move,Colocate existing content with its architectural owner; exact bytes retained.
cleanup-2026-09-29/staged-whitespace-check.log,engineering/verification/history/cleanup-2026-09-29/staged-whitespace-check.log,move,Colocate existing content with its architectural owner; exact bytes retained.
cleanup-2026-09-29/structural-checks.json,engineering/verification/history/cleanup-2026-09-29/structural-checks.json,move,Colocate existing content with its architectural owner; exact bytes retained.
cleanup-2026-09-29/structural_checks.py,engineering/verification/history/cleanup-2026-09-29/structural_checks.py,move,Colocate existing content with its architectural owner; exact bytes retained.
cleanup-2026-09-29/task-whitespace-check.log,engineering/verification/history/cleanup-2026-09-29/task-whitespace-check.log,move,Colocate existing content with its architectural owner; exact bytes retained.
cleanup-2026-09-29/validation-results.json,engineering/verification/history/cleanup-2026-09-29/validation-results.json,move,Colocate existing content with its architectural owner; exact bytes retained.
cleanup-2026-09-29/regenerated-artifacts/dist/index.html,engineering/verification/history/cleanup-2026-09-29/regenerated-artifacts/dist/index.html,move,Colocate existing content with its architectural owner; exact bytes retained.
cleanup-2026-09-29/regenerated-artifacts/dist/assets/index-Bs4qDQ5z.js,engineering/verification/history/cleanup-2026-09-29/regenerated-artifacts/dist/assets/index-Bs4qDQ5z.js,move,Colocate existing content with its architectural owner; exact bytes retained.
cleanup-2026-09-29/regenerated-artifacts/dist/assets/index-Cg5ouiIq.css,engineering/verification/history/cleanup-2026-09-29/regenerated-artifacts/dist/assets/index-Cg5ouiIq.css,move,Colocate existing content with its architectural owner; exact bytes retained.
cleanup-2026-09-29/regenerated-artifacts/node_modules/.package-lock.json,engineering/verification/history/cleanup-2026-09-29/regenerated-artifacts/node_modules/.package-lock.json,move,Colocate existing content with its architectural owner; exact bytes retained.
cleanup-2026-09-29/regenerated-artifacts/node_modules/.bin/nanoid,engineering/verification/history/cleanup-2026-09-29/regenerated-artifacts/node_modules/.bin/nanoid,move,Colocate existing content with its architectural owner; exact bytes retained.
cleanup-2026-09-29/regenerated-artifacts/node_modules/.bin/nanoid.cmd,engineering/verification/history/cleanup-2026-09-29/regenerated-artifacts/node_modules/.bin/nanoid.cmd,move,Colocate existing content with its architectural owner; exact bytes retained.
cleanup-2026-09-29/regenerated-artifacts/node_modules/.bin/nanoid.ps1,engineering/verification/history/cleanup-2026-09-29/regenerated-artifacts/node_modules/.bin/nanoid.ps1,move,Colocate existing content with its architectural owner; exact bytes retained.
cleanup-2026-09-29/regenerated-artifacts/node_modules/.bin/playwright-core,engineering/verification/history/cleanup-2026-09-29/regenerated-artifacts/node_modules/.bin/playwright-core,move,Colocate existing content with its architectural owner; exact bytes retained.
cleanup-2026-09-29/regenerated-artifacts/node_modules/.bin/playwright-core.cmd,engineering/verification/history/cleanup-2026-09-29/regenerated-artifacts/node_modules/.bin/playwright-core.cmd,move,Colocate existing content with its architectural owner; exact bytes retained.
cleanup-2026-09-29/regenerated-artifacts/node_modules/.bin/playwright-core.ps1,engineering/verification/history/cleanup-2026-09-29/regenerated-artifacts/node_modules/.bin/playwright-core.ps1,move,Colocate existing content with its architectural owner; exact bytes retained.
cleanup-2026-09-29/regenerated-artifacts/node_modules/.bin/rolldown,engineering/verification/history/cleanup-2026-09-29/regenerated-artifacts/node_modules/.bin/rolldown,move,Colocate existing content with its architectural owner; exact bytes retained.
cleanup-2026-09-29/regenerated-artifacts/node_modules/.bin/rolldown.cmd,engineering/verification/history/cleanup-2026-09-29/regenerated-artifacts/node_modules/.bin/rolldown.cmd,move,Colocate existing content with its architectural owner; exact bytes retained.
cleanup-2026-09-29/regenerated-artifacts/node_modules/.bin/rolldown.ps1,engineering/verification/history/cleanup-2026-09-29/regenerated-artifacts/node_modules/.bin/rolldown.ps1,move,Colocate existing content with its architectural owner; exact bytes retained.
cleanup-2026-09-29/regenerated-artifacts/node_modules/.bin/vite,engineering/verification/history/cleanup-2026-09-29/regenerated-artifacts/node_modules/.bin/vite,move,Colocate existing content with its architectural owner; exact bytes retained.
cleanup-2026-09-29/regenerated-artifacts/node_modules/.bin/vite.cmd,engineering/verification/history/cleanup-2026-09-29/regenerated-artifacts/node_modules/.bin/vite.cmd,move,Colocate existing content with its architectural owner; exact bytes retained.
cleanup-2026-09-29/regenerated-artifacts/node_modules/.bin/vite.ps1,engineering/verification/history/cleanup-2026-09-29/regenerated-artifacts/node_modules/.bin/vite.ps1,move,Colocate existing content with its architectural owner; exact bytes retained.
cleanup-2026-09-29/regenerated-artifacts/node_modules/.vite/deps_temp_728b837a/package.json,engineering/verification/history/cleanup-2026-09-29/regenerated-artifacts/node_modules/.vite/deps_temp_728b837a/package.json,move,Colocate existing content with its architectural owner; exact bytes retained.
cleanup-2026-09-29/regenerated-artifacts/node_modules/.vite/deps_temp_92b881a8/package.json,engineering/verification/history/cleanup-2026-09-29/regenerated-artifacts/node_modules/.vite/deps_temp_92b881a8/package.json,move,Colocate existing content with its architectural owner; exact bytes retained.
cleanup-2026-09-29/regenerated-artifacts/node_modules/@oxc-project/types/LICENSE,engineering/verification/history/cleanup-2026-09-29/regenerated-artifacts/node_modules/@oxc-project/types/LICENSE,move,Colocate existing content with its architectural owner; exact bytes retained.
cleanup-2026-09-29/regenerated-artifacts/node_modules/@oxc-project/types/README.md,engineering/verification/history/cleanup-2026-09-29/regenerated-artifacts/node_modules/@oxc-project/types/README.md,move,Colocate existing content with its architectural owner; exact bytes retained.
cleanup-2026-09-29/regenerated-artifacts/node_modules/@oxc-project/types/package.json,engineering/verification/history/cleanup-2026-09-29/regenerated-artifacts/node_modules/@oxc-project/types/package.json,move,Colocate existing content with its architectural owner; exact bytes retained.
cleanup-2026-09-29/regenerated-artifacts/node_modules/@oxc-project/types/types.d.ts,engineering/verification/history/cleanup-2026-09-29/regenerated-artifacts/node_modules/@oxc-project/types/types.d.ts,move,Colocate existing content with its architectural owner; exact bytes retained.
cleanup-2026-09-29/regenerated-artifacts/node_modules/@rolldown/binding-win32-x64-msvc/README.md,engineering/verification/history/cleanup-2026-09-29/regenerated-artifacts/node_modules/@rolldown/binding-win32-x64-msvc/README.md,move,Colocate existing content with its architectural owner; exact bytes retained.
cleanup-2026-09-29/regenerated-artifacts/node_modules/@rolldown/binding-win32-x64-msvc/package.json,engineering/verification/history/cleanup-2026-09-29/regenerated-artifacts/node_modules/@rolldown/binding-win32-x64-msvc/package.json,move,Colocate existing content with its architectural owner; exact bytes retained.
cleanup-2026-09-29/regenerated-artifacts/node_modules/@rolldown/binding-win32-x64-msvc/rolldown-binding.win32-x64-msvc.node,engineering/verification/history/cleanup-2026-09-29/regenerated-artifacts/node_modules/@rolldown/binding-win32-x64-msvc/rolldown-binding.win32-x64-msvc.node,move,Colocate existing content with its architectural owner; exact bytes retained.
cleanup-2026-09-29/regenerated-artifacts/node_modules/@rolldown/pluginutils/LICENSE,engineering/verification/history/cleanup-2026-09-29/regenerated-artifacts/node_modules/@rolldown/pluginutils/LICENSE,move,Colocate existing content with its architectural owner; exact bytes retained.
cleanup-2026-09-29/regenerated-artifacts/node_modules/@rolldown/pluginutils/README.md,engineering/verification/history/cleanup-2026-09-29/regenerated-artifacts/node_modules/@rolldown/pluginutils/README.md,move,Colocate existing content with its architectural owner; exact bytes retained.
cleanup-2026-09-29/regenerated-artifacts/node_modules/@rolldown/pluginutils/package.json,engineering/verification/history/cleanup-2026-09-29/regenerated-artifacts/node_modules/@rolldown/pluginutils/package.json,move,Colocate existing content with its architectural owner; exact bytes retained.
cleanup-2026-09-29/regenerated-artifacts/node_modules/@rolldown/pluginutils/dist/filter-B_mD-HGz.mjs,engineering/verification/history/cleanup-2026-09-29/regenerated-artifacts/node_modules/@rolldown/pluginutils/dist/filter-B_mD-HGz.mjs,move,Colocate existing content with its architectural owner; exact bytes retained.
cleanup-2026-09-29/regenerated-artifacts/node_modules/@rolldown/pluginutils/dist/index.d.mts,engineering/verification/history/cleanup-2026-09-29/regenerated-artifacts/node_modules/@rolldown/pluginutils/dist/index.d.mts,move,Colocate existing content with its architectural owner; exact bytes retained.
cleanup-2026-09-29/regenerated-artifacts/node_modules/@rolldown/pluginutils/dist/index.mjs,engineering/verification/history/cleanup-2026-09-29/regenerated-artifacts/node_modules/@rolldown/pluginutils/dist/index.mjs,move,Colocate existing content with its architectural owner; exact bytes retained.
cleanup-2026-09-29/regenerated-artifacts/node_modules/@rolldown/pluginutils/dist/filter/index.d.mts,engineering/verification/history/cleanup-2026-09-29/regenerated-artifacts/node_modules/@rolldown/pluginutils/dist/filter/index.d.mts,move,Colocate existing content with its architectural owner; exact bytes retained.
cleanup-2026-09-29/regenerated-artifacts/node_modules/@rolldown/pluginutils/dist/filter/index.mjs,engineering/verification/history/cleanup-2026-09-29/regenerated-artifacts/node_modules/@rolldown/pluginutils/dist/filter/index.mjs,move,Colocate existing content with its architectural owner; exact bytes retained.
cleanup-2026-09-29/regenerated-artifacts/node_modules/detect-libc/LICENSE,engineering/verification/history/cleanup-2026-09-29/regenerated-artifacts/node_modules/detect-libc/LICENSE,move,Colocate existing content with its architectural owner; exact bytes retained.
cleanup-2026-09-29/regenerated-artifacts/node_modules/detect-libc/README.md,engineering/verification/history/cleanup-2026-09-29/regenerated-artifacts/node_modules/detect-libc/README.md,move,Colocate existing content with its architectural owner; exact bytes retained.
cleanup-2026-09-29/regenerated-artifacts/node_modules/detect-libc/index.d.ts,engineering/verification/history/cleanup-2026-09-29/regenerated-artifacts/node_modules/detect-libc/index.d.ts,move,Colocate existing content with its architectural owner; exact bytes retained.
cleanup-2026-09-29/regenerated-artifacts/node_modules/detect-libc/package.json,engineering/verification/history/cleanup-2026-09-29/regenerated-artifacts/node_modules/detect-libc/package.json,move,Colocate existing content with its architectural owner; exact bytes retained.
cleanup-2026-09-29/regenerated-artifacts/node_modules/detect-libc/lib/detect-libc.js,engineering/verification/history/cleanup-2026-09-29/regenerated-artifacts/node_modules/detect-libc/lib/detect-libc.js,move,Colocate existing content with its architectural owner; exact bytes retained.
cleanup-2026-09-29/regenerated-artifacts/node_modules/detect-libc/lib/elf.js,engineering/verification/history/cleanup-2026-09-29/regenerated-artifacts/node_modules/detect-libc/lib/elf.js,move,Colocate existing content with its architectural owner; exact bytes retained.
cleanup-2026-09-29/regenerated-artifacts/node_modules/detect-libc/lib/filesystem.js,engineering/verification/history/cleanup-2026-09-29/regenerated-artifacts/node_modules/detect-libc/lib/filesystem.js,move,Colocate existing content with its architectural owner; exact bytes retained.
cleanup-2026-09-29/regenerated-artifacts/node_modules/detect-libc/lib/process.js,engineering/verification/history/cleanup-2026-09-29/regenerated-artifacts/node_modules/detect-libc/lib/process.js,move,Colocate existing content with its architectural owner; exact bytes retained.
cleanup-2026-09-29/regenerated-artifacts/node_modules/fancy-canvas/canvas-element-bitmap-size.d.mts,engineering/verification/history/cleanup-2026-09-29/regenerated-artifacts/node_modules/fancy-canvas/canvas-element-bitmap-size.d.mts,move,Colocate existing content with its architectural owner; exact bytes retained.
cleanup-2026-09-29/regenerated-artifacts/node_modules/fancy-canvas/canvas-element-bitmap-size.d.ts,engineering/verification/history/cleanup-2026-09-29/regenerated-artifacts/node_modules/fancy-canvas/canvas-element-bitmap-size.d.ts,move,Colocate existing content with its architectural owner; exact bytes retained.
cleanup-2026-09-29/regenerated-artifacts/node_modules/fancy-canvas/canvas-element-bitmap-size.js,engineering/verification/history/cleanup-2026-09-29/regenerated-artifacts/node_modules/fancy-canvas/canvas-element-bitmap-size.js,move,Colocate existing content with its architectural owner; exact bytes retained.
cleanup-2026-09-29/regenerated-artifacts/node_modules/fancy-canvas/canvas-element-bitmap-size.mjs,engineering/verification/history/cleanup-2026-09-29/regenerated-artifacts/node_modules/fancy-canvas/canvas-element-bitmap-size.mjs,move,Colocate existing content with its architectural owner; exact bytes retained.
cleanup-2026-09-29/regenerated-artifacts/node_modules/fancy-canvas/canvas-rendering-target.d.mts,engineering/verification/history/cleanup-2026-09-29/regenerated-artifacts/node_modules/fancy-canvas/canvas-rendering-target.d.mts,move,Colocate existing content with its architectural owner; exact bytes retained.
cleanup-2026-09-29/regenerated-artifacts/node_modules/fancy-canvas/canvas-rendering-target.d.ts,engineering/verification/history/cleanup-2026-09-29/regenerated-artifacts/node_modules/fancy-canvas/canvas-rendering-target.d.ts,move,Colocate existing content with its architectural owner; exact bytes retained.
cleanup-2026-09-29/regenerated-artifacts/node_modules/fancy-canvas/canvas-rendering-target.js,engineering/verification/history/cleanup-2026-09-29/regenerated-artifacts/node_modules/fancy-canvas/canvas-rendering-target.js,move,Colocate existing content with its architectural owner; exact bytes retained.
cleanup-2026-09-29/regenerated-artifacts/node_modules/fancy-canvas/canvas-rendering-target.mjs,engineering/verification/history/cleanup-2026-09-29/regenerated-artifacts/node_modules/fancy-canvas/canvas-rendering-target.mjs,move,Colocate existing content with its architectural owner; exact bytes retained.
cleanup-2026-09-29/regenerated-artifacts/node_modules/fancy-canvas/device-pixel-ratio.d.mts,engineering/verification/history/cleanup-2026-09-29/regenerated-artifacts/node_modules/fancy-canvas/device-pixel-ratio.d.mts,move,Colocate existing content with its architectural owner; exact bytes retained.
cleanup-2026-09-29/regenerated-artifacts/node_modules/fancy-canvas/device-pixel-ratio.d.ts,engineering/verification/history/cleanup-2026-09-29/regenerated-artifacts/node_modules/fancy-canvas/device-pixel-ratio.d.ts,move,Colocate existing content with its architectural owner; exact bytes retained.
cleanup-2026-09-29/regenerated-artifacts/node_modules/fancy-canvas/device-pixel-ratio.js,engineering/verification/history/cleanup-2026-09-29/regenerated-artifacts/node_modules/fancy-canvas/device-pixel-ratio.js,move,Colocate existing content with its architectural owner; exact bytes retained.
cleanup-2026-09-29/regenerated-artifacts/node_modules/fancy-canvas/device-pixel-ratio.mjs,engineering/verification/history/cleanup-2026-09-29/regenerated-artifacts/node_modules/fancy-canvas/device-pixel-ratio.mjs,move,Colocate existing content with its architectural owner; exact bytes retained.
cleanup-2026-09-29/regenerated-artifacts/node_modules/fancy-canvas/disposable.d.mts,engineering/verification/history/cleanup-2026-09-29/regenerated-artifacts/node_modules/fancy-canvas/disposable.d.mts,move,Colocate existing content with its architectural owner; exact bytes retained.
cleanup-2026-09-29/regenerated-artifacts/node_modules/fancy-canvas/disposable.d.ts,engineering/verification/history/cleanup-2026-09-29/regenerated-artifacts/node_modules/fancy-canvas/disposable.d.ts,move,Colocate existing content with its architectural owner; exact bytes retained.
cleanup-2026-09-29/regenerated-artifacts/node_modules/fancy-canvas/disposable.js,engineering/verification/history/cleanup-2026-09-29/regenerated-artifacts/node_modules/fancy-canvas/disposable.js,move,Colocate existing content with its architectural owner; exact bytes retained.
cleanup-2026-09-29/regenerated-artifacts/node_modules/fancy-canvas/disposable.mjs,engineering/verification/history/cleanup-2026-09-29/regenerated-artifacts/node_modules/fancy-canvas/disposable.mjs,move,Colocate existing content with its architectural owner; exact bytes retained.
cleanup-2026-09-29/regenerated-artifacts/node_modules/fancy-canvas/index.d.mts,engineering/verification/history/cleanup-2026-09-29/regenerated-artifacts/node_modules/fancy-canvas/index.d.mts,move,Colocate existing content with its architectural owner; exact bytes retained.
cleanup-2026-09-29/regenerated-artifacts/node_modules/fancy-canvas/index.d.ts,engineering/verification/history/cleanup-2026-09-29/regenerated-artifacts/node_modules/fancy-canvas/index.d.ts,move,Colocate existing content with its architectural owner; exact bytes retained.
cleanup-2026-09-29/regenerated-artifacts/node_modules/fancy-canvas/index.js,engineering/verification/history/cleanup-2026-09-29/regenerated-artifacts/node_modules/fancy-canvas/index.js,move,Colocate existing content with its architectural owner; exact bytes retained.
cleanup-2026-09-29/regenerated-artifacts/node_modules/fancy-canvas/index.mjs,engineering/verification/history/cleanup-2026-09-29/regenerated-artifacts/node_modules/fancy-canvas/index.mjs,move,Colocate existing content with its architectural owner; exact bytes retained.
cleanup-2026-09-29/regenerated-artifacts/node_modules/fancy-canvas/package.json,engineering/verification/history/cleanup-2026-09-29/regenerated-artifacts/node_modules/fancy-canvas/package.json,move,Colocate existing content with its architectural owner; exact bytes retained.
cleanup-2026-09-29/regenerated-artifacts/node_modules/fancy-canvas/rx.d.mts,engineering/verification/history/cleanup-2026-09-29/regenerated-artifacts/node_modules/fancy-canvas/rx.d.mts,move,Colocate existing content with its architectural owner; exact bytes retained.
cleanup-2026-09-29/regenerated-artifacts/node_modules/fancy-canvas/rx.d.ts,engineering/verification/history/cleanup-2026-09-29/regenerated-artifacts/node_modules/fancy-canvas/rx.d.ts,move,Colocate existing content with its architectural owner; exact bytes retained.
cleanup-2026-09-29/regenerated-artifacts/node_modules/fancy-canvas/rx.js,engineering/verification/history/cleanup-2026-09-29/regenerated-artifacts/node_modules/fancy-canvas/rx.js,move,Colocate existing content with its architectural owner; exact bytes retained.
cleanup-2026-09-29/regenerated-artifacts/node_modules/fancy-canvas/rx.mjs,engineering/verification/history/cleanup-2026-09-29/regenerated-artifacts/node_modules/fancy-canvas/rx.mjs,move,Colocate existing content with its architectural owner; exact bytes retained.
cleanup-2026-09-29/regenerated-artifacts/node_modules/fancy-canvas/size.d.mts,engineering/verification/history/cleanup-2026-09-29/regenerated-artifacts/node_modules/fancy-canvas/size.d.mts,move,Colocate existing content with its architectural owner; exact bytes retained.
cleanup-2026-09-29/regenerated-artifacts/node_modules/fancy-canvas/size.d.ts,engineering/verification/history/cleanup-2026-09-29/regenerated-artifacts/node_modules/fancy-canvas/size.d.ts,move,Colocate existing content with its architectural owner; exact bytes retained.
cleanup-2026-09-29/regenerated-artifacts/node_modules/fancy-canvas/size.js,engineering/verification/history/cleanup-2026-09-29/regenerated-artifacts/node_modules/fancy-canvas/size.js,move,Colocate existing content with its architectural owner; exact bytes retained.
cleanup-2026-09-29/regenerated-artifacts/node_modules/fancy-canvas/size.mjs,engineering/verification/history/cleanup-2026-09-29/regenerated-artifacts/node_modules/fancy-canvas/size.mjs,move,Colocate existing content with its architectural owner; exact bytes retained.
cleanup-2026-09-29/regenerated-artifacts/node_modules/fdir/LICENSE,engineering/verification/history/cleanup-2026-09-29/regenerated-artifacts/node_modules/fdir/LICENSE,move,Colocate existing content with its architectural owner; exact bytes retained.
cleanup-2026-09-29/regenerated-artifacts/node_modules/fdir/README.md,engineering/verification/history/cleanup-2026-09-29/regenerated-artifacts/node_modules/fdir/README.md,move,Colocate existing content with its architectural owner; exact bytes retained.
cleanup-2026-09-29/regenerated-artifacts/node_modules/fdir/package.json,engineering/verification/history/cleanup-2026-09-29/regenerated-artifacts/node_modules/fdir/package.json,move,Colocate existing content with its architectural owner; exact bytes retained.
cleanup-2026-09-29/regenerated-artifacts/node_modules/fdir/dist/index.cjs,engineering/verification/history/cleanup-2026-09-29/regenerated-artifacts/node_modules/fdir/dist/index.cjs,move,Colocate existing content with its architectural owner; exact bytes retained.
cleanup-2026-09-29/regenerated-artifacts/node_modules/fdir/dist/index.d.cts,engineering/verification/history/cleanup-2026-09-29/regenerated-artifacts/node_modules/fdir/dist/index.d.cts,move,Colocate existing content with its architectural owner; exact bytes retained.
cleanup-2026-09-29/regenerated-artifacts/node_modules/fdir/dist/index.d.mts,engineering/verification/history/cleanup-2026-09-29/regenerated-artifacts/node_modules/fdir/dist/index.d.mts,move,Colocate existing content with its architectural owner; exact bytes retained.
cleanup-2026-09-29/regenerated-artifacts/node_modules/fdir/dist/index.mjs,engineering/verification/history/cleanup-2026-09-29/regenerated-artifacts/node_modules/fdir/dist/index.mjs,move,Colocate existing content with its architectural owner; exact bytes retained.
cleanup-2026-09-29/regenerated-artifacts/node_modules/lightningcss/LICENSE,engineering/verification/history/cleanup-2026-09-29/regenerated-artifacts/node_modules/lightningcss/LICENSE,move,Colocate existing content with its architectural owner; exact bytes retained.
cleanup-2026-09-29/regenerated-artifacts/node_modules/lightningcss/README.md,engineering/verification/history/cleanup-2026-09-29/regenerated-artifacts/node_modules/lightningcss/README.md,move,Colocate existing content with its architectural owner; exact bytes retained.
cleanup-2026-09-29/regenerated-artifacts/node_modules/lightningcss/package.json,engineering/verification/history/cleanup-2026-09-29/regenerated-artifacts/node_modules/lightningcss/package.json,move,Colocate existing content with its architectural owner; exact bytes retained.
cleanup-2026-09-29/regenerated-artifacts/node_modules/lightningcss/node/ast.d.ts,engineering/verification/history/cleanup-2026-09-29/regenerated-artifacts/node_modules/lightningcss/node/ast.d.ts,move,Colocate existing content with its architectural owner; exact bytes retained.
cleanup-2026-09-29/regenerated-artifacts/node_modules/lightningcss/node/ast.js.flow,engineering/verification/history/cleanup-2026-09-29/regenerated-artifacts/node_modules/lightningcss/node/ast.js.flow,move,Colocate existing content with its architectural owner; exact bytes retained.
cleanup-2026-09-29/regenerated-artifacts/node_modules/lightningcss/node/browserslistToTargets.js,engineering/verification/history/cleanup-2026-09-29/regenerated-artifacts/node_modules/lightningcss/node/browserslistToTargets.js,move,Colocate existing content with its architectural owner; exact bytes retained.
cleanup-2026-09-29/regenerated-artifacts/node_modules/lightningcss/node/composeVisitors.js,engineering/verification/history/cleanup-2026-09-29/regenerated-artifacts/node_modules/lightningcss/node/composeVisitors.js,move,Colocate existing content with its architectural owner; exact bytes retained.
cleanup-2026-09-29/regenerated-artifacts/node_modules/lightningcss/node/flags.js,engineering/verification/history/cleanup-2026-09-29/regenerated-artifacts/node_modules/lightningcss/node/flags.js,move,Colocate existing content with its architectural owner; exact bytes retained.
cleanup-2026-09-29/regenerated-artifacts/node_modules/lightningcss/node/index.d.ts,engineering/verification/history/cleanup-2026-09-29/regenerated-artifacts/node_modules/lightningcss/node/index.d.ts,move,Colocate existing content with its architectural owner; exact bytes retained.
cleanup-2026-09-29/regenerated-artifacts/node_modules/lightningcss/node/index.js,engineering/verification/history/cleanup-2026-09-29/regenerated-artifacts/node_modules/lightningcss/node/index.js,move,Colocate existing content with its architectural owner; exact bytes retained.
cleanup-2026-09-29/regenerated-artifacts/node_modules/lightningcss/node/index.js.flow,engineering/verification/history/cleanup-2026-09-29/regenerated-artifacts/node_modules/lightningcss/node/index.js.flow,move,Colocate existing content with its architectural owner; exact bytes retained.
cleanup-2026-09-29/regenerated-artifacts/node_modules/lightningcss/node/index.mjs,engineering/verification/history/cleanup-2026-09-29/regenerated-artifacts/node_modules/lightningcss/node/index.mjs,move,Colocate existing content with its architectural owner; exact bytes retained.
cleanup-2026-09-29/regenerated-artifacts/node_modules/lightningcss/node/targets.d.ts,engineering/verification/history/cleanup-2026-09-29/regenerated-artifacts/node_modules/lightningcss/node/targets.d.ts,move,Colocate existing content with its architectural owner; exact bytes retained.
cleanup-2026-09-29/regenerated-artifacts/node_modules/lightningcss/node/targets.js.flow,engineering/verification/history/cleanup-2026-09-29/regenerated-artifacts/node_modules/lightningcss/node/targets.js.flow,move,Colocate existing content with its architectural owner; exact bytes retained.
cleanup-2026-09-29/regenerated-artifacts/node_modules/lightningcss-win32-x64-msvc/LICENSE,engineering/verification/history/cleanup-2026-09-29/regenerated-artifacts/node_modules/lightningcss-win32-x64-msvc/LICENSE,move,Colocate existing content with its architectural owner; exact bytes retained.
cleanup-2026-09-29/regenerated-artifacts/node_modules/lightningcss-win32-x64-msvc/README.md,engineering/verification/history/cleanup-2026-09-29/regenerated-artifacts/node_modules/lightningcss-win32-x64-msvc/README.md,move,Colocate existing content with its architectural owner; exact bytes retained.
cleanup-2026-09-29/regenerated-artifacts/node_modules/lightningcss-win32-x64-msvc/lightningcss.win32-x64-msvc.node,engineering/verification/history/cleanup-2026-09-29/regenerated-artifacts/node_modules/lightningcss-win32-x64-msvc/lightningcss.win32-x64-msvc.node,move,Colocate existing content with its architectural owner; exact bytes retained.
cleanup-2026-09-29/regenerated-artifacts/node_modules/lightningcss-win32-x64-msvc/package.json,engineering/verification/history/cleanup-2026-09-29/regenerated-artifacts/node_modules/lightningcss-win32-x64-msvc/package.json,move,Colocate existing content with its architectural owner; exact bytes retained.
cleanup-2026-09-29/regenerated-artifacts/node_modules/lightweight-charts/LICENSE,engineering/verification/history/cleanup-2026-09-29/regenerated-artifacts/node_modules/lightweight-charts/LICENSE,move,Colocate existing content with its architectural owner; exact bytes retained.
cleanup-2026-09-29/regenerated-artifacts/node_modules/lightweight-charts/README.md,engineering/verification/history/cleanup-2026-09-29/regenerated-artifacts/node_modules/lightweight-charts/README.md,move,Colocate existing content with its architectural owner; exact bytes retained.
cleanup-2026-09-29/regenerated-artifacts/node_modules/lightweight-charts/package.json,engineering/verification/history/cleanup-2026-09-29/regenerated-artifacts/node_modules/lightweight-charts/package.json,move,Colocate existing content with its architectural owner; exact bytes retained.
cleanup-2026-09-29/regenerated-artifacts/node_modules/lightweight-charts/dist/lightweight-charts.development.mjs,engineering/verification/history/cleanup-2026-09-29/regenerated-artifacts/node_modules/lightweight-charts/dist/lightweight-charts.development.mjs,move,Colocate existing content with its architectural owner; exact bytes retained.
cleanup-2026-09-29/regenerated-artifacts/node_modules/lightweight-charts/dist/lightweight-charts.production.mjs,engineering/verification/history/cleanup-2026-09-29/regenerated-artifacts/node_modules/lightweight-charts/dist/lightweight-charts.production.mjs,move,Colocate existing content with its architectural owner; exact bytes retained.
cleanup-2026-09-29/regenerated-artifacts/node_modules/lightweight-charts/dist/lightweight-charts.standalone.development.js,engineering/verification/history/cleanup-2026-09-29/regenerated-artifacts/node_modules/lightweight-charts/dist/lightweight-charts.standalone.development.js,move,Colocate existing content with its architectural owner; exact bytes retained.
cleanup-2026-09-29/regenerated-artifacts/node_modules/lightweight-charts/dist/lightweight-charts.standalone.development.mjs,engineering/verification/history/cleanup-2026-09-29/regenerated-artifacts/node_modules/lightweight-charts/dist/lightweight-charts.standalone.development.mjs,move,Colocate existing content with its architectural owner; exact bytes retained.
cleanup-2026-09-29/regenerated-artifacts/node_modules/lightweight-charts/dist/lightweight-charts.standalone.production.js,engineering/verification/history/cleanup-2026-09-29/regenerated-artifacts/node_modules/lightweight-charts/dist/lightweight-charts.standalone.production.js,move,Colocate existing content with its architectural owner; exact bytes retained.
cleanup-2026-09-29/regenerated-artifacts/node_modules/lightweight-charts/dist/lightweight-charts.standalone.production.mjs,engineering/verification/history/cleanup-2026-09-29/regenerated-artifacts/node_modules/lightweight-charts/dist/lightweight-charts.standalone.production.mjs,move,Colocate existing content with its architectural owner; exact bytes retained.
cleanup-2026-09-29/regenerated-artifacts/node_modules/lightweight-charts/dist/typings.d.ts,engineering/verification/history/cleanup-2026-09-29/regenerated-artifacts/node_modules/lightweight-charts/dist/typings.d.ts,move,Colocate existing content with its architectural owner; exact bytes retained.
cleanup-2026-09-29/regenerated-artifacts/node_modules/nanoid/LICENSE,engineering/verification/history/cleanup-2026-09-29/regenerated-artifacts/node_modules/nanoid/LICENSE,move,Colocate existing content with its architectural owner; exact bytes retained.
cleanup-2026-09-29/regenerated-artifacts/node_modules/nanoid/README.md,engineering/verification/history/cleanup-2026-09-29/regenerated-artifacts/node_modules/nanoid/README.md,move,Colocate existing content with its architectural owner; exact bytes retained.
cleanup-2026-09-29/regenerated-artifacts/node_modules/nanoid/index.browser.cjs,engineering/verification/history/cleanup-2026-09-29/regenerated-artifacts/node_modules/nanoid/index.browser.cjs,move,Colocate existing content with its architectural owner; exact bytes retained.
cleanup-2026-09-29/regenerated-artifacts/node_modules/nanoid/index.browser.js,engineering/verification/history/cleanup-2026-09-29/regenerated-artifacts/node_modules/nanoid/index.browser.js,move,Colocate existing content with its architectural owner; exact bytes retained.
cleanup-2026-09-29/regenerated-artifacts/node_modules/nanoid/index.cjs,engineering/verification/history/cleanup-2026-09-29/regenerated-artifacts/node_modules/nanoid/index.cjs,move,Colocate existing content with its architectural owner; exact bytes retained.
cleanup-2026-09-29/regenerated-artifacts/node_modules/nanoid/index.d.cts,engineering/verification/history/cleanup-2026-09-29/regenerated-artifacts/node_modules/nanoid/index.d.cts,move,Colocate existing content with its architectural owner; exact bytes retained.
cleanup-2026-09-29/regenerated-artifacts/node_modules/nanoid/index.d.ts,engineering/verification/history/cleanup-2026-09-29/regenerated-artifacts/node_modules/nanoid/index.d.ts,move,Colocate existing content with its architectural owner; exact bytes retained.
cleanup-2026-09-29/regenerated-artifacts/node_modules/nanoid/index.js,engineering/verification/history/cleanup-2026-09-29/regenerated-artifacts/node_modules/nanoid/index.js,move,Colocate existing content with its architectural owner; exact bytes retained.
cleanup-2026-09-29/regenerated-artifacts/node_modules/nanoid/nanoid.js,engineering/verification/history/cleanup-2026-09-29/regenerated-artifacts/node_modules/nanoid/nanoid.js,move,Colocate existing content with its architectural owner; exact bytes retained.
cleanup-2026-09-29/regenerated-artifacts/node_modules/nanoid/package.json,engineering/verification/history/cleanup-2026-09-29/regenerated-artifacts/node_modules/nanoid/package.json,move,Colocate existing content with its architectural owner; exact bytes retained.
cleanup-2026-09-29/regenerated-artifacts/node_modules/nanoid/async/index.browser.cjs,engineering/verification/history/cleanup-2026-09-29/regenerated-artifacts/node_modules/nanoid/async/index.browser.cjs,move,Colocate existing content with its architectural owner; exact bytes retained.
cleanup-2026-09-29/regenerated-artifacts/node_modules/nanoid/async/index.browser.js,engineering/verification/history/cleanup-2026-09-29/regenerated-artifacts/node_modules/nanoid/async/index.browser.js,move,Colocate existing content with its architectural owner; exact bytes retained.
cleanup-2026-09-29/regenerated-artifacts/node_modules/nanoid/async/index.cjs,engineering/verification/history/cleanup-2026-09-29/regenerated-artifacts/node_modules/nanoid/async/index.cjs,move,Colocate existing content with its architectural owner; exact bytes retained.
cleanup-2026-09-29/regenerated-artifacts/node_modules/nanoid/async/index.d.ts,engineering/verification/history/cleanup-2026-09-29/regenerated-artifacts/node_modules/nanoid/async/index.d.ts,move,Colocate existing content with its architectural owner; exact bytes retained.
cleanup-2026-09-29/regenerated-artifacts/node_modules/nanoid/async/index.js,engineering/verification/history/cleanup-2026-09-29/regenerated-artifacts/node_modules/nanoid/async/index.js,move,Colocate existing content with its architectural owner; exact bytes retained.
cleanup-2026-09-29/regenerated-artifacts/node_modules/nanoid/async/index.native.js,engineering/verification/history/cleanup-2026-09-29/regenerated-artifacts/node_modules/nanoid/async/index.native.js,move,Colocate existing content with its architectural owner; exact bytes retained.
cleanup-2026-09-29/regenerated-artifacts/node_modules/nanoid/async/package.json,engineering/verification/history/cleanup-2026-09-29/regenerated-artifacts/node_modules/nanoid/async/package.json,move,Colocate existing content with its architectural owner; exact bytes retained.
cleanup-2026-09-29/regenerated-artifacts/node_modules/nanoid/bin/nanoid.cjs,engineering/verification/history/cleanup-2026-09-29/regenerated-artifacts/node_modules/nanoid/bin/nanoid.cjs,move,Colocate existing content with its architectural owner; exact bytes retained.
cleanup-2026-09-29/regenerated-artifacts/node_modules/nanoid/non-secure/index.cjs,engineering/verification/history/cleanup-2026-09-29/regenerated-artifacts/node_modules/nanoid/non-secure/index.cjs,move,Colocate existing content with its architectural owner; exact bytes retained.
cleanup-2026-09-29/regenerated-artifacts/node_modules/nanoid/non-secure/index.d.ts,engineering/verification/history/cleanup-2026-09-29/regenerated-artifacts/node_modules/nanoid/non-secure/index.d.ts,move,Colocate existing content with its architectural owner; exact bytes retained.
cleanup-2026-09-29/regenerated-artifacts/node_modules/nanoid/non-secure/index.js,engineering/verification/history/cleanup-2026-09-29/regenerated-artifacts/node_modules/nanoid/non-secure/index.js,move,Colocate existing content with its architectural owner; exact bytes retained.
cleanup-2026-09-29/regenerated-artifacts/node_modules/nanoid/non-secure/package.json,engineering/verification/history/cleanup-2026-09-29/regenerated-artifacts/node_modules/nanoid/non-secure/package.json,move,Colocate existing content with its architectural owner; exact bytes retained.
cleanup-2026-09-29/regenerated-artifacts/node_modules/nanoid/url-alphabet/index.cjs,engineering/verification/history/cleanup-2026-09-29/regenerated-artifacts/node_modules/nanoid/url-alphabet/index.cjs,move,Colocate existing content with its architectural owner; exact bytes retained.
cleanup-2026-09-29/regenerated-artifacts/node_modules/nanoid/url-alphabet/index.js,engineering/verification/history/cleanup-2026-09-29/regenerated-artifacts/node_modules/nanoid/url-alphabet/index.js,move,Colocate existing content with its architectural owner; exact bytes retained.
cleanup-2026-09-29/regenerated-artifacts/node_modules/nanoid/url-alphabet/package.json,engineering/verification/history/cleanup-2026-09-29/regenerated-artifacts/node_modules/nanoid/url-alphabet/package.json,move,Colocate existing content with its architectural owner; exact bytes retained.
cleanup-2026-09-29/regenerated-artifacts/node_modules/picocolors/LICENSE,engineering/verification/history/cleanup-2026-09-29/regenerated-artifacts/node_modules/picocolors/LICENSE,move,Colocate existing content with its architectural owner; exact bytes retained.
cleanup-2026-09-29/regenerated-artifacts/node_modules/picocolors/README.md,engineering/verification/history/cleanup-2026-09-29/regenerated-artifacts/node_modules/picocolors/README.md,move,Colocate existing content with its architectural owner; exact bytes retained.
cleanup-2026-09-29/regenerated-artifacts/node_modules/picocolors/package.json,engineering/verification/history/cleanup-2026-09-29/regenerated-artifacts/node_modules/picocolors/package.json,move,Colocate existing content with its architectural owner; exact bytes retained.
cleanup-2026-09-29/regenerated-artifacts/node_modules/picocolors/picocolors.browser.js,engineering/verification/history/cleanup-2026-09-29/regenerated-artifacts/node_modules/picocolors/picocolors.browser.js,move,Colocate existing content with its architectural owner; exact bytes retained.
cleanup-2026-09-29/regenerated-artifacts/node_modules/picocolors/picocolors.d.ts,engineering/verification/history/cleanup-2026-09-29/regenerated-artifacts/node_modules/picocolors/picocolors.d.ts,move,Colocate existing content with its architectural owner; exact bytes retained.
cleanup-2026-09-29/regenerated-artifacts/node_modules/picocolors/picocolors.js,engineering/verification/history/cleanup-2026-09-29/regenerated-artifacts/node_modules/picocolors/picocolors.js,move,Colocate existing content with its architectural owner; exact bytes retained.
cleanup-2026-09-29/regenerated-artifacts/node_modules/picocolors/types.d.ts,engineering/verification/history/cleanup-2026-09-29/regenerated-artifacts/node_modules/picocolors/types.d.ts,move,Colocate existing content with its architectural owner; exact bytes retained.
cleanup-2026-09-29/regenerated-artifacts/node_modules/picomatch/LICENSE,engineering/verification/history/cleanup-2026-09-29/regenerated-artifacts/node_modules/picomatch/LICENSE,move,Colocate existing content with its architectural owner; exact bytes retained.
cleanup-2026-09-29/regenerated-artifacts/node_modules/picomatch/README.md,engineering/verification/history/cleanup-2026-09-29/regenerated-artifacts/node_modules/picomatch/README.md,move,Colocate existing content with its architectural owner; exact bytes retained.
cleanup-2026-09-29/regenerated-artifacts/node_modules/picomatch/index.js,engineering/verification/history/cleanup-2026-09-29/regenerated-artifacts/node_modules/picomatch/index.js,move,Colocate existing content with its architectural owner; exact bytes retained.
cleanup-2026-09-29/regenerated-artifacts/node_modules/picomatch/package.json,engineering/verification/history/cleanup-2026-09-29/regenerated-artifacts/node_modules/picomatch/package.json,move,Colocate existing content with its architectural owner; exact bytes retained.
cleanup-2026-09-29/regenerated-artifacts/node_modules/picomatch/posix.js,engineering/verification/history/cleanup-2026-09-29/regenerated-artifacts/node_modules/picomatch/posix.js,move,Colocate existing content with its architectural owner; exact bytes retained.
cleanup-2026-09-29/regenerated-artifacts/node_modules/picomatch/lib/constants.js,engineering/verification/history/cleanup-2026-09-29/regenerated-artifacts/node_modules/picomatch/lib/constants.js,move,Colocate existing content with its architectural owner; exact bytes retained.
cleanup-2026-09-29/regenerated-artifacts/node_modules/picomatch/lib/parse.js,engineering/verification/history/cleanup-2026-09-29/regenerated-artifacts/node_modules/picomatch/lib/parse.js,move,Colocate existing content with its architectural owner; exact bytes retained.
cleanup-2026-09-29/regenerated-artifacts/node_modules/picomatch/lib/picomatch.js,engineering/verification/history/cleanup-2026-09-29/regenerated-artifacts/node_modules/picomatch/lib/picomatch.js,move,Colocate existing content with its architectural owner; exact bytes retained.
cleanup-2026-09-29/regenerated-artifacts/node_modules/picomatch/lib/scan.js,engineering/verification/history/cleanup-2026-09-29/regenerated-artifacts/node_modules/picomatch/lib/scan.js,move,Colocate existing content with its architectural owner; exact bytes retained.
cleanup-2026-09-29/regenerated-artifacts/node_modules/picomatch/lib/utils.js,engineering/verification/history/cleanup-2026-09-29/regenerated-artifacts/node_modules/picomatch/lib/utils.js,move,Colocate existing content with its architectural owner; exact bytes retained.
cleanup-2026-09-29/regenerated-artifacts/node_modules/playwright-core/LICENSE,engineering/verification/history/cleanup-2026-09-29/regenerated-artifacts/node_modules/playwright-core/LICENSE,move,Colocate existing content with its architectural owner; exact bytes retained.
cleanup-2026-09-29/regenerated-artifacts/node_modules/playwright-core/NOTICE,engineering/verification/history/cleanup-2026-09-29/regenerated-artifacts/node_modules/playwright-core/NOTICE,move,Colocate existing content with its architectural owner; exact bytes retained.
cleanup-2026-09-29/regenerated-artifacts/node_modules/playwright-core/README.md,engineering/verification/history/cleanup-2026-09-29/regenerated-artifacts/node_modules/playwright-core/README.md,move,Colocate existing content with its architectural owner; exact bytes retained.
cleanup-2026-09-29/regenerated-artifacts/node_modules/playwright-core/ThirdPartyNotices.txt,engineering/verification/history/cleanup-2026-09-29/regenerated-artifacts/node_modules/playwright-core/ThirdPartyNotices.txt,move,Colocate existing content with its architectural owner; exact bytes retained.
cleanup-2026-09-29/regenerated-artifacts/node_modules/playwright-core/browsers.json,engineering/verification/history/cleanup-2026-09-29/regenerated-artifacts/node_modules/playwright-core/browsers.json,move,Colocate existing content with its architectural owner; exact bytes retained.
cleanup-2026-09-29/regenerated-artifacts/node_modules/playwright-core/cli.js,engineering/verification/history/cleanup-2026-09-29/regenerated-artifacts/node_modules/playwright-core/cli.js,move,Colocate existing content with its architectural owner; exact bytes retained.
cleanup-2026-09-29/regenerated-artifacts/node_modules/playwright-core/index.d.ts,engineering/verification/history/cleanup-2026-09-29/regenerated-artifacts/node_modules/playwright-core/index.d.ts,move,Colocate existing content with its architectural owner; exact bytes retained.
cleanup-2026-09-29/regenerated-artifacts/node_modules/playwright-core/index.js,engineering/verification/history/cleanup-2026-09-29/regenerated-artifacts/node_modules/playwright-core/index.js,move,Colocate existing content with its architectural owner; exact bytes retained.
cleanup-2026-09-29/regenerated-artifacts/node_modules/playwright-core/index.mjs,engineering/verification/history/cleanup-2026-09-29/regenerated-artifacts/node_modules/playwright-core/index.mjs,move,Colocate existing content with its architectural owner; exact bytes retained.
cleanup-2026-09-29/regenerated-artifacts/node_modules/playwright-core/package.json,engineering/verification/history/cleanup-2026-09-29/regenerated-artifacts/node_modules/playwright-core/package.json,move,Colocate existing content with its architectural owner; exact bytes retained.
cleanup-2026-09-29/regenerated-artifacts/node_modules/playwright-core/bin/install_media_pack.ps1,engineering/verification/history/cleanup-2026-09-29/regenerated-artifacts/node_modules/playwright-core/bin/install_media_pack.ps1,move,Colocate existing content with its architectural owner; exact bytes retained.
cleanup-2026-09-29/regenerated-artifacts/node_modules/playwright-core/bin/install_webkit_wsl.ps1,engineering/verification/history/cleanup-2026-09-29/regenerated-artifacts/node_modules/playwright-core/bin/install_webkit_wsl.ps1,move,Colocate existing content with its architectural owner; exact bytes retained.
cleanup-2026-09-29/regenerated-artifacts/node_modules/playwright-core/bin/reinstall_chrome_beta_linux.sh,engineering/verification/history/cleanup-2026-09-29/regenerated-artifacts/node_modules/playwright-core/bin/reinstall_chrome_beta_linux.sh,move,Colocate existing content with its architectural owner; exact bytes retained.
cleanup-2026-09-29/regenerated-artifacts/node_modules/playwright-core/bin/reinstall_chrome_beta_mac.sh,engineering/verification/history/cleanup-2026-09-29/regenerated-artifacts/node_modules/playwright-core/bin/reinstall_chrome_beta_mac.sh,move,Colocate existing content with its architectural owner; exact bytes retained.
cleanup-2026-09-29/regenerated-artifacts/node_modules/playwright-core/bin/reinstall_chrome_beta_win.ps1,engineering/verification/history/cleanup-2026-09-29/regenerated-artifacts/node_modules/playwright-core/bin/reinstall_chrome_beta_win.ps1,move,Colocate existing content with its architectural owner; exact bytes retained.
cleanup-2026-09-29/regenerated-artifacts/node_modules/playwright-core/bin/reinstall_chrome_stable_linux.sh,engineering/verification/history/cleanup-2026-09-29/regenerated-artifacts/node_modules/playwright-core/bin/reinstall_chrome_stable_linux.sh,move,Colocate existing content with its architectural owner; exact bytes retained.
cleanup-2026-09-29/regenerated-artifacts/node_modules/playwright-core/bin/reinstall_chrome_stable_mac.sh,engineering/verification/history/cleanup-2026-09-29/regenerated-artifacts/node_modules/playwright-core/bin/reinstall_chrome_stable_mac.sh,move,Colocate existing content with its architectural owner; exact bytes retained.
cleanup-2026-09-29/regenerated-artifacts/node_modules/playwright-core/bin/reinstall_chrome_stable_win.ps1,engineering/verification/history/cleanup-2026-09-29/regenerated-artifacts/node_modules/playwright-core/bin/reinstall_chrome_stable_win.ps1,move,Colocate existing content with its architectural owner; exact bytes retained.
cleanup-2026-09-29/regenerated-artifacts/node_modules/playwright-core/bin/reinstall_msedge_beta_linux.sh,engineering/verification/history/cleanup-2026-09-29/regenerated-artifacts/node_modules/playwright-core/bin/reinstall_msedge_beta_linux.sh,move,Colocate existing content with its architectural owner; exact bytes retained.
cleanup-2026-09-29/regenerated-artifacts/node_modules/playwright-core/bin/reinstall_msedge_beta_mac.sh,engineering/verification/history/cleanup-2026-09-29/regenerated-artifacts/node_modules/playwright-core/bin/reinstall_msedge_beta_mac.sh,move,Colocate existing content with its architectural owner; exact bytes retained.
cleanup-2026-09-29/regenerated-artifacts/node_modules/playwright-core/bin/reinstall_msedge_beta_win.ps1,engineering/verification/history/cleanup-2026-09-29/regenerated-artifacts/node_modules/playwright-core/bin/reinstall_msedge_beta_win.ps1,move,Colocate existing content with its architectural owner; exact bytes retained.
cleanup-2026-09-29/regenerated-artifacts/node_modules/playwright-core/bin/reinstall_msedge_dev_linux.sh,engineering/verification/history/cleanup-2026-09-29/regenerated-artifacts/node_modules/playwright-core/bin/reinstall_msedge_dev_linux.sh,move,Colocate existing content with its architectural owner; exact bytes retained.
cleanup-2026-09-29/regenerated-artifacts/node_modules/playwright-core/bin/reinstall_msedge_dev_mac.sh,engineering/verification/history/cleanup-2026-09-29/regenerated-artifacts/node_modules/playwright-core/bin/reinstall_msedge_dev_mac.sh,move,Colocate existing content with its architectural owner; exact bytes retained.
cleanup-2026-09-29/regenerated-artifacts/node_modules/playwright-core/bin/reinstall_msedge_dev_win.ps1,engineering/verification/history/cleanup-2026-09-29/regenerated-artifacts/node_modules/playwright-core/bin/reinstall_msedge_dev_win.ps1,move,Colocate existing content with its architectural owner; exact bytes retained.
cleanup-2026-09-29/regenerated-artifacts/node_modules/playwright-core/bin/reinstall_msedge_stable_linux.sh,engineering/verification/history/cleanup-2026-09-29/regenerated-artifacts/node_modules/playwright-core/bin/reinstall_msedge_stable_linux.sh,move,Colocate existing content with its architectural owner; exact bytes retained.
cleanup-2026-09-29/regenerated-artifacts/node_modules/playwright-core/bin/reinstall_msedge_stable_mac.sh,engineering/verification/history/cleanup-2026-09-29/regenerated-artifacts/node_modules/playwright-core/bin/reinstall_msedge_stable_mac.sh,move,Colocate existing content with its architectural owner; exact bytes retained.
cleanup-2026-09-29/regenerated-artifacts/node_modules/playwright-core/bin/reinstall_msedge_stable_win.ps1,engineering/verification/history/cleanup-2026-09-29/regenerated-artifacts/node_modules/playwright-core/bin/reinstall_msedge_stable_win.ps1,move,Colocate existing content with its architectural owner; exact bytes retained.
cleanup-2026-09-29/regenerated-artifacts/node_modules/playwright-core/lib/bootstrap.js,engineering/verification/history/cleanup-2026-09-29/regenerated-artifacts/node_modules/playwright-core/lib/bootstrap.js,move,Colocate existing content with its architectural owner; exact bytes retained.
cleanup-2026-09-29/regenerated-artifacts/node_modules/playwright-core/lib/coreBundle.js,engineering/verification/history/cleanup-2026-09-29/regenerated-artifacts/node_modules/playwright-core/lib/coreBundle.js,move,Colocate existing content with its architectural owner; exact bytes retained.
cleanup-2026-09-29/regenerated-artifacts/node_modules/playwright-core/lib/package.js,engineering/verification/history/cleanup-2026-09-29/regenerated-artifacts/node_modules/playwright-core/lib/package.js,move,Colocate existing content with its architectural owner; exact bytes retained.
cleanup-2026-09-29/regenerated-artifacts/node_modules/playwright-core/lib/serverRegistry.js,engineering/verification/history/cleanup-2026-09-29/regenerated-artifacts/node_modules/playwright-core/lib/serverRegistry.js,move,Colocate existing content with its architectural owner; exact bytes retained.
cleanup-2026-09-29/regenerated-artifacts/node_modules/playwright-core/lib/serverRegistry.js.LICENSE,engineering/verification/history/cleanup-2026-09-29/regenerated-artifacts/node_modules/playwright-core/lib/serverRegistry.js.LICENSE,move,Colocate existing content with its architectural owner; exact bytes retained.
cleanup-2026-09-29/regenerated-artifacts/node_modules/playwright-core/lib/utilsBundle.js,engineering/verification/history/cleanup-2026-09-29/regenerated-artifacts/node_modules/playwright-core/lib/utilsBundle.js,move,Colocate existing content with its architectural owner; exact bytes retained.
cleanup-2026-09-29/regenerated-artifacts/node_modules/playwright-core/lib/utilsBundle.js.LICENSE,engineering/verification/history/cleanup-2026-09-29/regenerated-artifacts/node_modules/playwright-core/lib/utilsBundle.js.LICENSE,move,Colocate existing content with its architectural owner; exact bytes retained.
cleanup-2026-09-29/regenerated-artifacts/node_modules/playwright-core/lib/webp_codec.LICENSE,engineering/verification/history/cleanup-2026-09-29/regenerated-artifacts/node_modules/playwright-core/lib/webp_codec.LICENSE,move,Colocate existing content with its architectural owner; exact bytes retained.
cleanup-2026-09-29/regenerated-artifacts/node_modules/playwright-core/lib/webp_codec.wasm,engineering/verification/history/cleanup-2026-09-29/regenerated-artifacts/node_modules/playwright-core/lib/webp_codec.wasm,move,Colocate existing content with its architectural owner; exact bytes retained.
cleanup-2026-09-29/regenerated-artifacts/node_modules/playwright-core/lib/xdg-open,engineering/verification/history/cleanup-2026-09-29/regenerated-artifacts/node_modules/playwright-core/lib/xdg-open,move,Colocate existing content with its architectural owner; exact bytes retained.
cleanup-2026-09-29/regenerated-artifacts/node_modules/playwright-core/lib/entry/cliDaemon.js,engineering/verification/history/cleanup-2026-09-29/regenerated-artifacts/node_modules/playwright-core/lib/entry/cliDaemon.js,move,Colocate existing content with its architectural owner; exact bytes retained.
cleanup-2026-09-29/regenerated-artifacts/node_modules/playwright-core/lib/entry/dashboardApp.js,engineering/verification/history/cleanup-2026-09-29/regenerated-artifacts/node_modules/playwright-core/lib/entry/dashboardApp.js,move,Colocate existing content with its architectural owner; exact bytes retained.
cleanup-2026-09-29/regenerated-artifacts/node_modules/playwright-core/lib/entry/mcp.js,engineering/verification/history/cleanup-2026-09-29/regenerated-artifacts/node_modules/playwright-core/lib/entry/mcp.js,move,Colocate existing content with its architectural owner; exact bytes retained.
cleanup-2026-09-29/regenerated-artifacts/node_modules/playwright-core/lib/entry/oopBrowserDownload.js,engineering/verification/history/cleanup-2026-09-29/regenerated-artifacts/node_modules/playwright-core/lib/entry/oopBrowserDownload.js,move,Colocate existing content with its architectural owner; exact bytes retained.
cleanup-2026-09-29/regenerated-artifacts/node_modules/playwright-core/lib/server/chromium/appIcon.png,engineering/verification/history/cleanup-2026-09-29/regenerated-artifacts/node_modules/playwright-core/lib/server/chromium/appIcon.png,move,Colocate existing content with its architectural owner; exact bytes retained.
cleanup-2026-09-29/regenerated-artifacts/node_modules/playwright-core/lib/server/electron/loader.js,engineering/verification/history/cleanup-2026-09-29/regenerated-artifacts/node_modules/playwright-core/lib/server/electron/loader.js,move,Colocate existing content with its architectural owner; exact bytes retained.
cleanup-2026-09-29/regenerated-artifacts/node_modules/playwright-core/lib/tools/cli-client/channelSessions.js,engineering/verification/history/cleanup-2026-09-29/regenerated-artifacts/node_modules/playwright-core/lib/tools/cli-client/channelSessions.js,move,Colocate existing content with its architectural owner; exact bytes retained.
cleanup-2026-09-29/regenerated-artifacts/node_modules/playwright-core/lib/tools/cli-client/cli.js,engineering/verification/history/cleanup-2026-09-29/regenerated-artifacts/node_modules/playwright-core/lib/tools/cli-client/cli.js,move,Colocate existing content with its architectural owner; exact bytes retained.
cleanup-2026-09-29/regenerated-artifacts/node_modules/playwright-core/lib/tools/cli-client/help.json,engineering/verification/history/cleanup-2026-09-29/regenerated-artifacts/node_modules/playwright-core/lib/tools/cli-client/help.json,move,Colocate existing content with its architectural owner; exact bytes retained.
cleanup-2026-09-29/regenerated-artifacts/node_modules/playwright-core/lib/tools/cli-client/minimist.js,engineering/verification/history/cleanup-2026-09-29/regenerated-artifacts/node_modules/playwright-core/lib/tools/cli-client/minimist.js,move,Colocate existing content with its architectural owner; exact bytes retained.
cleanup-2026-09-29/regenerated-artifacts/node_modules/playwright-core/lib/tools/cli-client/output.js,engineering/verification/history/cleanup-2026-09-29/regenerated-artifacts/node_modules/playwright-core/lib/tools/cli-client/output.js,move,Colocate existing content with its architectural owner; exact bytes retained.
cleanup-2026-09-29/regenerated-artifacts/node_modules/playwright-core/lib/tools/cli-client/program.js,engineering/verification/history/cleanup-2026-09-29/regenerated-artifacts/node_modules/playwright-core/lib/tools/cli-client/program.js,move,Colocate existing content with its architectural owner; exact bytes retained.
cleanup-2026-09-29/regenerated-artifacts/node_modules/playwright-core/lib/tools/cli-client/registry.js,engineering/verification/history/cleanup-2026-09-29/regenerated-artifacts/node_modules/playwright-core/lib/tools/cli-client/registry.js,move,Colocate existing content with its architectural owner; exact bytes retained.
cleanup-2026-09-29/regenerated-artifacts/node_modules/playwright-core/lib/tools/cli-client/session.js,engineering/verification/history/cleanup-2026-09-29/regenerated-artifacts/node_modules/playwright-core/lib/tools/cli-client/session.js,move,Colocate existing content with its architectural owner; exact bytes retained.
cleanup-2026-09-29/regenerated-artifacts/node_modules/playwright-core/lib/tools/dashboard/appIcon.png,engineering/verification/history/cleanup-2026-09-29/regenerated-artifacts/node_modules/playwright-core/lib/tools/dashboard/appIcon.png,move,Colocate existing content with its architectural owner; exact bytes retained.
cleanup-2026-09-29/regenerated-artifacts/node_modules/playwright-core/lib/tools/skills/playwright-cli/SKILL.md,engineering/verification/history/cleanup-2026-09-29/regenerated-artifacts/node_modules/playwright-core/lib/tools/skills/playwright-cli/SKILL.md,move,Colocate existing content with its architectural owner; exact bytes retained.
cleanup-2026-09-29/regenerated-artifacts/node_modules/playwright-core/lib/tools/skills/playwright-cli/references/element-attributes.md,engineering/verification/history/cleanup-2026-09-29/regenerated-artifacts/node_modules/playwright-core/lib/tools/skills/playwright-cli/references/element-attributes.md,move,Colocate existing content with its architectural owner; exact bytes retained.
cleanup-2026-09-29/regenerated-artifacts/node_modules/playwright-core/lib/tools/skills/playwright-cli/references/playwright-tests.md,engineering/verification/history/cleanup-2026-09-29/regenerated-artifacts/node_modules/playwright-core/lib/tools/skills/playwright-cli/references/playwright-tests.md,move,Colocate existing content with its architectural owner; exact bytes retained.
cleanup-2026-09-29/regenerated-artifacts/node_modules/playwright-core/lib/tools/skills/playwright-cli/references/request-mocking.md,engineering/verification/history/cleanup-2026-09-29/regenerated-artifacts/node_modules/playwright-core/lib/tools/skills/playwright-cli/references/request-mocking.md,move,Colocate existing content with its architectural owner; exact bytes retained.
cleanup-2026-09-29/regenerated-artifacts/node_modules/playwright-core/lib/tools/skills/playwright-cli/references/running-code.md,engineering/verification/history/cleanup-2026-09-29/regenerated-artifacts/node_modules/playwright-core/lib/tools/skills/playwright-cli/references/running-code.md,move,Colocate existing content with its architectural owner; exact bytes retained.
cleanup-2026-09-29/regenerated-artifacts/node_modules/playwright-core/lib/tools/skills/playwright-cli/references/session-management.md,engineering/verification/history/cleanup-2026-09-29/regenerated-artifacts/node_modules/playwright-core/lib/tools/skills/playwright-cli/references/session-management.md,move,Colocate existing content with its architectural owner; exact bytes retained.
cleanup-2026-09-29/regenerated-artifacts/node_modules/playwright-core/lib/tools/skills/playwright-cli/references/storage-state.md,engineering/verification/history/cleanup-2026-09-29/regenerated-artifacts/node_modules/playwright-core/lib/tools/skills/playwright-cli/references/storage-state.md,move,Colocate existing content with its architectural owner; exact bytes retained.
cleanup-2026-09-29/regenerated-artifacts/node_modules/playwright-core/lib/tools/skills/playwright-cli/references/test-generation.md,engineering/verification/history/cleanup-2026-09-29/regenerated-artifacts/node_modules/playwright-core/lib/tools/skills/playwright-cli/references/test-generation.md,move,Colocate existing content with its architectural owner; exact bytes retained.
cleanup-2026-09-29/regenerated-artifacts/node_modules/playwright-core/lib/tools/skills/playwright-cli/references/tracing.md,engineering/verification/history/cleanup-2026-09-29/regenerated-artifacts/node_modules/playwright-core/lib/tools/skills/playwright-cli/references/tracing.md,move,Colocate existing content with its architectural owner; exact bytes retained.
cleanup-2026-09-29/regenerated-artifacts/node_modules/playwright-core/lib/tools/skills/playwright-cli/references/video-recording.md,engineering/verification/history/cleanup-2026-09-29/regenerated-artifacts/node_modules/playwright-core/lib/tools/skills/playwright-cli/references/video-recording.md,move,Colocate existing content with its architectural owner; exact bytes retained.
cleanup-2026-09-29/regenerated-artifacts/node_modules/playwright-core/lib/tools/skills/playwright-component-testing/SKILL.md,engineering/verification/history/cleanup-2026-09-29/regenerated-artifacts/node_modules/playwright-core/lib/tools/skills/playwright-component-testing/SKILL.md,move,Colocate existing content with its architectural owner; exact bytes retained.
cleanup-2026-09-29/regenerated-artifacts/node_modules/playwright-core/lib/tools/skills/playwright-component-testing/references/gallery-spec.md,engineering/verification/history/cleanup-2026-09-29/regenerated-artifacts/node_modules/playwright-core/lib/tools/skills/playwright-component-testing/references/gallery-spec.md,move,Colocate existing content with its architectural owner; exact bytes retained.
cleanup-2026-09-29/regenerated-artifacts/node_modules/playwright-core/lib/tools/skills/playwright-component-testing/references/migration.md,engineering/verification/history/cleanup-2026-09-29/regenerated-artifacts/node_modules/playwright-core/lib/tools/skills/playwright-component-testing/references/migration.md,move,Colocate existing content with its architectural owner; exact bytes retained.
cleanup-2026-09-29/regenerated-artifacts/node_modules/playwright-core/lib/tools/skills/playwright-component-testing/references/react.md,engineering/verification/history/cleanup-2026-09-29/regenerated-artifacts/node_modules/playwright-core/lib/tools/skills/playwright-component-testing/references/react.md,move,Colocate existing content with its architectural owner; exact bytes retained.
cleanup-2026-09-29/regenerated-artifacts/node_modules/playwright-core/lib/tools/skills/playwright-component-testing/references/typing.md,engineering/verification/history/cleanup-2026-09-29/regenerated-artifacts/node_modules/playwright-core/lib/tools/skills/playwright-component-testing/references/typing.md,move,Colocate existing content with its architectural owner; exact bytes retained.
cleanup-2026-09-29/regenerated-artifacts/node_modules/playwright-core/lib/tools/skills/playwright-component-testing/references/vue.md,engineering/verification/history/cleanup-2026-09-29/regenerated-artifacts/node_modules/playwright-core/lib/tools/skills/playwright-component-testing/references/vue.md,move,Colocate existing content with its architectural owner; exact bytes retained.
cleanup-2026-09-29/regenerated-artifacts/node_modules/playwright-core/lib/tools/skills/playwright-trace/SKILL.md,engineering/verification/history/cleanup-2026-09-29/regenerated-artifacts/node_modules/playwright-core/lib/tools/skills/playwright-trace/SKILL.md,move,Colocate existing content with its architectural owner; exact bytes retained.
cleanup-2026-09-29/regenerated-artifacts/node_modules/playwright-core/lib/tools/utils/extension.js,engineering/verification/history/cleanup-2026-09-29/regenerated-artifacts/node_modules/playwright-core/lib/tools/utils/extension.js,move,Colocate existing content with its architectural owner; exact bytes retained.
cleanup-2026-09-29/regenerated-artifacts/node_modules/playwright-core/lib/tools/utils/socketConnection.js,engineering/verification/history/cleanup-2026-09-29/regenerated-artifacts/node_modules/playwright-core/lib/tools/utils/socketConnection.js,move,Colocate existing content with its architectural owner; exact bytes retained.
cleanup-2026-09-29/regenerated-artifacts/node_modules/playwright-core/lib/vite/dashboard/index.html,engineering/verification/history/cleanup-2026-09-29/regenerated-artifacts/node_modules/playwright-core/lib/vite/dashboard/index.html,move,Colocate existing content with its architectural owner; exact bytes retained.
cleanup-2026-09-29/regenerated-artifacts/node_modules/playwright-core/lib/vite/dashboard/playwright-logo.svg,engineering/verification/history/cleanup-2026-09-29/regenerated-artifacts/node_modules/playwright-core/lib/vite/dashboard/playwright-logo.svg,move,Colocate existing content with its architectural owner; exact bytes retained.
cleanup-2026-09-29/regenerated-artifacts/node_modules/playwright-core/lib/vite/dashboard/assets/codeMirrorModule--QdMvsKi.css,engineering/verification/history/cleanup-2026-09-29/regenerated-artifacts/node_modules/playwright-core/lib/vite/dashboard/assets/codeMirrorModule--QdMvsKi.css,move,Colocate existing content with its architectural owner; exact bytes retained.
cleanup-2026-09-29/regenerated-artifacts/node_modules/playwright-core/lib/vite/dashboard/assets/codeMirrorModule-CQ8RZGBm.js,engineering/verification/history/cleanup-2026-09-29/regenerated-artifacts/node_modules/playwright-core/lib/vite/dashboard/assets/codeMirrorModule-CQ8RZGBm.js,move,Colocate existing content with its architectural owner; exact bytes retained.
cleanup-2026-09-29/regenerated-artifacts/node_modules/playwright-core/lib/vite/dashboard/assets/codicon-DCmgc-ay.ttf,engineering/verification/history/cleanup-2026-09-29/regenerated-artifacts/node_modules/playwright-core/lib/vite/dashboard/assets/codicon-DCmgc-ay.ttf,move,Colocate existing content with its architectural owner; exact bytes retained.
cleanup-2026-09-29/regenerated-artifacts/node_modules/playwright-core/lib/vite/dashboard/assets/firefox-1bWoP6pv.svg,engineering/verification/history/cleanup-2026-09-29/regenerated-artifacts/node_modules/playwright-core/lib/vite/dashboard/assets/firefox-1bWoP6pv.svg,move,Colocate existing content with its architectural owner; exact bytes retained.
cleanup-2026-09-29/regenerated-artifacts/node_modules/playwright-core/lib/vite/dashboard/assets/firefox-beta-k3eOH_eK.svg,engineering/verification/history/cleanup-2026-09-29/regenerated-artifacts/node_modules/playwright-core/lib/vite/dashboard/assets/firefox-beta-k3eOH_eK.svg,move,Colocate existing content with its architectural owner; exact bytes retained.
cleanup-2026-09-29/regenerated-artifacts/node_modules/playwright-core/lib/vite/dashboard/assets/firefox-nightly-Cp5nfeDT.svg,engineering/verification/history/cleanup-2026-09-29/regenerated-artifacts/node_modules/playwright-core/lib/vite/dashboard/assets/firefox-nightly-Cp5nfeDT.svg,move,Colocate existing content with its architectural owner; exact bytes retained.
cleanup-2026-09-29/regenerated-artifacts/node_modules/playwright-core/lib/vite/dashboard/assets/index-AwgwcYie.css,engineering/verification/history/cleanup-2026-09-29/regenerated-artifacts/node_modules/playwright-core/lib/vite/dashboard/assets/index-AwgwcYie.css,move,Colocate existing content with its architectural owner; exact bytes retained.
cleanup-2026-09-29/regenerated-artifacts/node_modules/playwright-core/lib/vite/dashboard/assets/index-hRvO4yU2.js,engineering/verification/history/cleanup-2026-09-29/regenerated-artifacts/node_modules/playwright-core/lib/vite/dashboard/assets/index-hRvO4yU2.js,move,Colocate existing content with its architectural owner; exact bytes retained.
cleanup-2026-09-29/regenerated-artifacts/node_modules/playwright-core/lib/vite/dashboard/assets/safari-na3_-uQk.svg,engineering/verification/history/cleanup-2026-09-29/regenerated-artifacts/node_modules/playwright-core/lib/vite/dashboard/assets/safari-na3_-uQk.svg,move,Colocate existing content with its architectural owner; exact bytes retained.
cleanup-2026-09-29/regenerated-artifacts/node_modules/playwright-core/lib/vite/htmlReport/index.html,engineering/verification/history/cleanup-2026-09-29/regenerated-artifacts/node_modules/playwright-core/lib/vite/htmlReport/index.html,move,Colocate existing content with its architectural owner; exact bytes retained.
cleanup-2026-09-29/regenerated-artifacts/node_modules/playwright-core/lib/vite/htmlReport/report.css,engineering/verification/history/cleanup-2026-09-29/regenerated-artifacts/node_modules/playwright-core/lib/vite/htmlReport/report.css,move,Colocate existing content with its architectural owner; exact bytes retained.
cleanup-2026-09-29/regenerated-artifacts/node_modules/playwright-core/lib/vite/htmlReport/report.js,engineering/verification/history/cleanup-2026-09-29/regenerated-artifacts/node_modules/playwright-core/lib/vite/htmlReport/report.js,move,Colocate existing content with its architectural owner; exact bytes retained.
cleanup-2026-09-29/regenerated-artifacts/node_modules/playwright-core/lib/vite/recorder/index.html,engineering/verification/history/cleanup-2026-09-29/regenerated-artifacts/node_modules/playwright-core/lib/vite/recorder/index.html,move,Colocate existing content with its architectural owner; exact bytes retained.
cleanup-2026-09-29/regenerated-artifacts/node_modules/playwright-core/lib/vite/recorder/playwright-logo.svg,engineering/verification/history/cleanup-2026-09-29/regenerated-artifacts/node_modules/playwright-core/lib/vite/recorder/playwright-logo.svg,move,Colocate existing content with its architectural owner; exact bytes retained.
cleanup-2026-09-29/regenerated-artifacts/node_modules/playwright-core/lib/vite/recorder/assets/codeMirrorModule--QdMvsKi.css,engineering/verification/history/cleanup-2026-09-29/regenerated-artifacts/node_modules/playwright-core/lib/vite/recorder/assets/codeMirrorModule--QdMvsKi.css,move,Colocate existing content with its architectural owner; exact bytes retained.
cleanup-2026-09-29/regenerated-artifacts/node_modules/playwright-core/lib/vite/recorder/assets/codeMirrorModule-CVQWJZAA.js,engineering/verification/history/cleanup-2026-09-29/regenerated-artifacts/node_modules/playwright-core/lib/vite/recorder/assets/codeMirrorModule-CVQWJZAA.js,move,Colocate existing content with its architectural owner; exact bytes retained.
cleanup-2026-09-29/regenerated-artifacts/node_modules/playwright-core/lib/vite/recorder/assets/codicon-DCmgc-ay.ttf,engineering/verification/history/cleanup-2026-09-29/regenerated-artifacts/node_modules/playwright-core/lib/vite/recorder/assets/codicon-DCmgc-ay.ttf,move,Colocate existing content with its architectural owner; exact bytes retained.
cleanup-2026-09-29/regenerated-artifacts/node_modules/playwright-core/lib/vite/recorder/assets/index-BZpYJZ-P.css,engineering/verification/history/cleanup-2026-09-29/regenerated-artifacts/node_modules/playwright-core/lib/vite/recorder/assets/index-BZpYJZ-P.css,move,Colocate existing content with its architectural owner; exact bytes retained.
cleanup-2026-09-29/regenerated-artifacts/node_modules/playwright-core/lib/vite/recorder/assets/index-hrlLqLtq.js,engineering/verification/history/cleanup-2026-09-29/regenerated-artifacts/node_modules/playwright-core/lib/vite/recorder/assets/index-hrlLqLtq.js,move,Colocate existing content with its architectural owner; exact bytes retained.
cleanup-2026-09-29/regenerated-artifacts/node_modules/playwright-core/lib/vite/traceViewer/codeMirrorModule.-QdMvsKi.css,engineering/verification/history/cleanup-2026-09-29/regenerated-artifacts/node_modules/playwright-core/lib/vite/traceViewer/codeMirrorModule.-QdMvsKi.css,move,Colocate existing content with its architectural owner; exact bytes retained.
cleanup-2026-09-29/regenerated-artifacts/node_modules/playwright-core/lib/vite/traceViewer/codicon.DCmgc-ay.ttf,engineering/verification/history/cleanup-2026-09-29/regenerated-artifacts/node_modules/playwright-core/lib/vite/traceViewer/codicon.DCmgc-ay.ttf,move,Colocate existing content with its architectural owner; exact bytes retained.
cleanup-2026-09-29/regenerated-artifacts/node_modules/playwright-core/lib/vite/traceViewer/defaultSettingsView.Bqk9acqE.css,engineering/verification/history/cleanup-2026-09-29/regenerated-artifacts/node_modules/playwright-core/lib/vite/traceViewer/defaultSettingsView.Bqk9acqE.css,move,Colocate existing content with its architectural owner; exact bytes retained.
cleanup-2026-09-29/regenerated-artifacts/node_modules/playwright-core/lib/vite/traceViewer/index.B4cLoZK3.js,engineering/verification/history/cleanup-2026-09-29/regenerated-artifacts/node_modules/playwright-core/lib/vite/traceViewer/index.B4cLoZK3.js,move,Colocate existing content with its architectural owner; exact bytes retained.
cleanup-2026-09-29/regenerated-artifacts/node_modules/playwright-core/lib/vite/traceViewer/index.B_TqY17P.css,engineering/verification/history/cleanup-2026-09-29/regenerated-artifacts/node_modules/playwright-core/lib/vite/traceViewer/index.B_TqY17P.css,move,Colocate existing content with its architectural owner; exact bytes retained.
cleanup-2026-09-29/regenerated-artifacts/node_modules/playwright-core/lib/vite/traceViewer/index.html,engineering/verification/history/cleanup-2026-09-29/regenerated-artifacts/node_modules/playwright-core/lib/vite/traceViewer/index.html,move,Colocate existing content with its architectural owner; exact bytes retained.
cleanup-2026-09-29/regenerated-artifacts/node_modules/playwright-core/lib/vite/traceViewer/manifest.webmanifest,engineering/verification/history/cleanup-2026-09-29/regenerated-artifacts/node_modules/playwright-core/lib/vite/traceViewer/manifest.webmanifest,move,Colocate existing content with its architectural owner; exact bytes retained.
cleanup-2026-09-29/regenerated-artifacts/node_modules/playwright-core/lib/vite/traceViewer/playwright-logo.svg,engineering/verification/history/cleanup-2026-09-29/regenerated-artifacts/node_modules/playwright-core/lib/vite/traceViewer/playwright-logo.svg,move,Colocate existing content with its architectural owner; exact bytes retained.
cleanup-2026-09-29/regenerated-artifacts/node_modules/playwright-core/lib/vite/traceViewer/snapshot.B_Jk1wbt.js,engineering/verification/history/cleanup-2026-09-29/regenerated-artifacts/node_modules/playwright-core/lib/vite/traceViewer/snapshot.B_Jk1wbt.js,move,Colocate existing content with its architectural owner; exact bytes retained.
cleanup-2026-09-29/regenerated-artifacts/node_modules/playwright-core/lib/vite/traceViewer/snapshot.html,engineering/verification/history/cleanup-2026-09-29/regenerated-artifacts/node_modules/playwright-core/lib/vite/traceViewer/snapshot.html,move,Colocate existing content with its architectural owner; exact bytes retained.
cleanup-2026-09-29/regenerated-artifacts/node_modules/playwright-core/lib/vite/traceViewer/sw.bundle.js,engineering/verification/history/cleanup-2026-09-29/regenerated-artifacts/node_modules/playwright-core/lib/vite/traceViewer/sw.bundle.js,move,Colocate existing content with its architectural owner; exact bytes retained.
cleanup-2026-09-29/regenerated-artifacts/node_modules/playwright-core/lib/vite/traceViewer/uiMode.CU5KtEkS.js,engineering/verification/history/cleanup-2026-09-29/regenerated-artifacts/node_modules/playwright-core/lib/vite/traceViewer/uiMode.CU5KtEkS.js,move,Colocate existing content with its architectural owner; exact bytes retained.
cleanup-2026-09-29/regenerated-artifacts/node_modules/playwright-core/lib/vite/traceViewer/uiMode.CyMfwkXJ.css,engineering/verification/history/cleanup-2026-09-29/regenerated-artifacts/node_modules/playwright-core/lib/vite/traceViewer/uiMode.CyMfwkXJ.css,move,Colocate existing content with its architectural owner; exact bytes retained.
cleanup-2026-09-29/regenerated-artifacts/node_modules/playwright-core/lib/vite/traceViewer/uiMode.html,engineering/verification/history/cleanup-2026-09-29/regenerated-artifacts/node_modules/playwright-core/lib/vite/traceViewer/uiMode.html,move,Colocate existing content with its architectural owner; exact bytes retained.
cleanup-2026-09-29/regenerated-artifacts/node_modules/playwright-core/lib/vite/traceViewer/xtermModule.kHJ-D0s7.css,engineering/verification/history/cleanup-2026-09-29/regenerated-artifacts/node_modules/playwright-core/lib/vite/traceViewer/xtermModule.kHJ-D0s7.css,move,Colocate existing content with its architectural owner; exact bytes retained.
cleanup-2026-09-29/regenerated-artifacts/node_modules/playwright-core/lib/vite/traceViewer/assets/codeMirrorModule-BbkfBe3n.js,engineering/verification/history/cleanup-2026-09-29/regenerated-artifacts/node_modules/playwright-core/lib/vite/traceViewer/assets/codeMirrorModule-BbkfBe3n.js,move,Colocate existing content with its architectural owner; exact bytes retained.
cleanup-2026-09-29/regenerated-artifacts/node_modules/playwright-core/lib/vite/traceViewer/assets/defaultSettingsView-Ds6CBOo0.js,engineering/verification/history/cleanup-2026-09-29/regenerated-artifacts/node_modules/playwright-core/lib/vite/traceViewer/assets/defaultSettingsView-Ds6CBOo0.js,move,Colocate existing content with its architectural owner; exact bytes retained.
cleanup-2026-09-29/regenerated-artifacts/node_modules/playwright-core/lib/vite/traceViewer/assets/urlMatch-L3liM589.js,engineering/verification/history/cleanup-2026-09-29/regenerated-artifacts/node_modules/playwright-core/lib/vite/traceViewer/assets/urlMatch-L3liM589.js,move,Colocate existing content with its architectural owner; exact bytes retained.
cleanup-2026-09-29/regenerated-artifacts/node_modules/playwright-core/lib/vite/traceViewer/assets/xtermModule-DywYcAf8.js,engineering/verification/history/cleanup-2026-09-29/regenerated-artifacts/node_modules/playwright-core/lib/vite/traceViewer/assets/xtermModule-DywYcAf8.js,move,Colocate existing content with its architectural owner; exact bytes retained.
cleanup-2026-09-29/regenerated-artifacts/node_modules/playwright-core/types/protocol.d.ts,engineering/verification/history/cleanup-2026-09-29/regenerated-artifacts/node_modules/playwright-core/types/protocol.d.ts,move,Colocate existing content with its architectural owner; exact bytes retained.
cleanup-2026-09-29/regenerated-artifacts/node_modules/playwright-core/types/structs.d.ts,engineering/verification/history/cleanup-2026-09-29/regenerated-artifacts/node_modules/playwright-core/types/structs.d.ts,move,Colocate existing content with its architectural owner; exact bytes retained.
cleanup-2026-09-29/regenerated-artifacts/node_modules/playwright-core/types/types.d.ts,engineering/verification/history/cleanup-2026-09-29/regenerated-artifacts/node_modules/playwright-core/types/types.d.ts,move,Colocate existing content with its architectural owner; exact bytes retained.
cleanup-2026-09-29/regenerated-artifacts/node_modules/postcss/LICENSE,engineering/verification/history/cleanup-2026-09-29/regenerated-artifacts/node_modules/postcss/LICENSE,move,Colocate existing content with its architectural owner; exact bytes retained.
cleanup-2026-09-29/regenerated-artifacts/node_modules/postcss/README.md,engineering/verification/history/cleanup-2026-09-29/regenerated-artifacts/node_modules/postcss/README.md,move,Colocate existing content with its architectural owner; exact bytes retained.
cleanup-2026-09-29/regenerated-artifacts/node_modules/postcss/package.json,engineering/verification/history/cleanup-2026-09-29/regenerated-artifacts/node_modules/postcss/package.json,move,Colocate existing content with its architectural owner; exact bytes retained.
cleanup-2026-09-29/regenerated-artifacts/node_modules/postcss/lib/at-rule.d.ts,engineering/verification/history/cleanup-2026-09-29/regenerated-artifacts/node_modules/postcss/lib/at-rule.d.ts,move,Colocate existing content with its architectural owner; exact bytes retained.
cleanup-2026-09-29/regenerated-artifacts/node_modules/postcss/lib/at-rule.js,engineering/verification/history/cleanup-2026-09-29/regenerated-artifacts/node_modules/postcss/lib/at-rule.js,move,Colocate existing content with its architectural owner; exact bytes retained.
cleanup-2026-09-29/regenerated-artifacts/node_modules/postcss/lib/comment.d.ts,engineering/verification/history/cleanup-2026-09-29/regenerated-artifacts/node_modules/postcss/lib/comment.d.ts,move,Colocate existing content with its architectural owner; exact bytes retained.
cleanup-2026-09-29/regenerated-artifacts/node_modules/postcss/lib/comment.js,engineering/verification/history/cleanup-2026-09-29/regenerated-artifacts/node_modules/postcss/lib/comment.js,move,Colocate existing content with its architectural owner; exact bytes retained.
cleanup-2026-09-29/regenerated-artifacts/node_modules/postcss/lib/container.d.ts,engineering/verification/history/cleanup-2026-09-29/regenerated-artifacts/node_modules/postcss/lib/container.d.ts,move,Colocate existing content with its architectural owner; exact bytes retained.
cleanup-2026-09-29/regenerated-artifacts/node_modules/postcss/lib/container.js,engineering/verification/history/cleanup-2026-09-29/regenerated-artifacts/node_modules/postcss/lib/container.js,move,Colocate existing content with its architectural owner; exact bytes retained.
cleanup-2026-09-29/regenerated-artifacts/node_modules/postcss/lib/css-syntax-error.d.ts,engineering/verification/history/cleanup-2026-09-29/regenerated-artifacts/node_modules/postcss/lib/css-syntax-error.d.ts,move,Colocate existing content with its architectural owner; exact bytes retained.
cleanup-2026-09-29/regenerated-artifacts/node_modules/postcss/lib/css-syntax-error.js,engineering/verification/history/cleanup-2026-09-29/regenerated-artifacts/node_modules/postcss/lib/css-syntax-error.js,move,Colocate existing content with its architectural owner; exact bytes retained.
cleanup-2026-09-29/regenerated-artifacts/node_modules/postcss/lib/declaration.d.ts,engineering/verification/history/cleanup-2026-09-29/regenerated-artifacts/node_modules/postcss/lib/declaration.d.ts,move,Colocate existing content with its architectural owner; exact bytes retained.
cleanup-2026-09-29/regenerated-artifacts/node_modules/postcss/lib/declaration.js,engineering/verification/history/cleanup-2026-09-29/regenerated-artifacts/node_modules/postcss/lib/declaration.js,move,Colocate existing content with its architectural owner; exact bytes retained.
cleanup-2026-09-29/regenerated-artifacts/node_modules/postcss/lib/document.d.ts,engineering/verification/history/cleanup-2026-09-29/regenerated-artifacts/node_modules/postcss/lib/document.d.ts,move,Colocate existing content with its architectural owner; exact bytes retained.
cleanup-2026-09-29/regenerated-artifacts/node_modules/postcss/lib/document.js,engineering/verification/history/cleanup-2026-09-29/regenerated-artifacts/node_modules/postcss/lib/document.js,move,Colocate existing content with its architectural owner; exact bytes retained.
cleanup-2026-09-29/regenerated-artifacts/node_modules/postcss/lib/fromJSON.d.ts,engineering/verification/history/cleanup-2026-09-29/regenerated-artifacts/node_modules/postcss/lib/fromJSON.d.ts,move,Colocate existing content with its architectural owner; exact bytes retained.
cleanup-2026-09-29/regenerated-artifacts/node_modules/postcss/lib/fromJSON.js,engineering/verification/history/cleanup-2026-09-29/regenerated-artifacts/node_modules/postcss/lib/fromJSON.js,move,Colocate existing content with its architectural owner; exact bytes retained.
cleanup-2026-09-29/regenerated-artifacts/node_modules/postcss/lib/input.d.ts,engineering/verification/history/cleanup-2026-09-29/regenerated-artifacts/node_modules/postcss/lib/input.d.ts,move,Colocate existing content with its architectural owner; exact bytes retained.
cleanup-2026-09-29/regenerated-artifacts/node_modules/postcss/lib/input.js,engineering/verification/history/cleanup-2026-09-29/regenerated-artifacts/node_modules/postcss/lib/input.js,move,Colocate existing content with its architectural owner; exact bytes retained.
cleanup-2026-09-29/regenerated-artifacts/node_modules/postcss/lib/lazy-result.d.ts,engineering/verification/history/cleanup-2026-09-29/regenerated-artifacts/node_modules/postcss/lib/lazy-result.d.ts,move,Colocate existing content with its architectural owner; exact bytes retained.
cleanup-2026-09-29/regenerated-artifacts/node_modules/postcss/lib/lazy-result.js,engineering/verification/history/cleanup-2026-09-29/regenerated-artifacts/node_modules/postcss/lib/lazy-result.js,move,Colocate existing content with its architectural owner; exact bytes retained.
cleanup-2026-09-29/regenerated-artifacts/node_modules/postcss/lib/list.d.ts,engineering/verification/history/cleanup-2026-09-29/regenerated-artifacts/node_modules/postcss/lib/list.d.ts,move,Colocate existing content with its architectural owner; exact bytes retained.
cleanup-2026-09-29/regenerated-artifacts/node_modules/postcss/lib/list.js,engineering/verification/history/cleanup-2026-09-29/regenerated-artifacts/node_modules/postcss/lib/list.js,move,Colocate existing content with its architectural owner; exact bytes retained.
cleanup-2026-09-29/regenerated-artifacts/node_modules/postcss/lib/map-generator.js,engineering/verification/history/cleanup-2026-09-29/regenerated-artifacts/node_modules/postcss/lib/map-generator.js,move,Colocate existing content with its architectural owner; exact bytes retained.
cleanup-2026-09-29/regenerated-artifacts/node_modules/postcss/lib/no-work-result.d.ts,engineering/verification/history/cleanup-2026-09-29/regenerated-artifacts/node_modules/postcss/lib/no-work-result.d.ts,move,Colocate existing content with its architectural owner; exact bytes retained.
cleanup-2026-09-29/regenerated-artifacts/node_modules/postcss/lib/no-work-result.js,engineering/verification/history/cleanup-2026-09-29/regenerated-artifacts/node_modules/postcss/lib/no-work-result.js,move,Colocate existing content with its architectural owner; exact bytes retained.
cleanup-2026-09-29/regenerated-artifacts/node_modules/postcss/lib/node.d.ts,engineering/verification/history/cleanup-2026-09-29/regenerated-artifacts/node_modules/postcss/lib/node.d.ts,move,Colocate existing content with its architectural owner; exact bytes retained.
cleanup-2026-09-29/regenerated-artifacts/node_modules/postcss/lib/node.js,engineering/verification/history/cleanup-2026-09-29/regenerated-artifacts/node_modules/postcss/lib/node.js,move,Colocate existing content with its architectural owner; exact bytes retained.
cleanup-2026-09-29/regenerated-artifacts/node_modules/postcss/lib/parse.d.ts,engineering/verification/history/cleanup-2026-09-29/regenerated-artifacts/node_modules/postcss/lib/parse.d.ts,move,Colocate existing content with its architectural owner; exact bytes retained.
cleanup-2026-09-29/regenerated-artifacts/node_modules/postcss/lib/parse.js,engineering/verification/history/cleanup-2026-09-29/regenerated-artifacts/node_modules/postcss/lib/parse.js,move,Colocate existing content with its architectural owner; exact bytes retained.
cleanup-2026-09-29/regenerated-artifacts/node_modules/postcss/lib/parser.js,engineering/verification/history/cleanup-2026-09-29/regenerated-artifacts/node_modules/postcss/lib/parser.js,move,Colocate existing content with its architectural owner; exact bytes retained.
cleanup-2026-09-29/regenerated-artifacts/node_modules/postcss/lib/postcss.d.mts,engineering/verification/history/cleanup-2026-09-29/regenerated-artifacts/node_modules/postcss/lib/postcss.d.mts,move,Colocate existing content with its architectural owner; exact bytes retained.
cleanup-2026-09-29/regenerated-artifacts/node_modules/postcss/lib/postcss.d.ts,engineering/verification/history/cleanup-2026-09-29/regenerated-artifacts/node_modules/postcss/lib/postcss.d.ts,move,Colocate existing content with its architectural owner; exact bytes retained.
cleanup-2026-09-29/regenerated-artifacts/node_modules/postcss/lib/postcss.js,engineering/verification/history/cleanup-2026-09-29/regenerated-artifacts/node_modules/postcss/lib/postcss.js,move,Colocate existing content with its architectural owner; exact bytes retained.
cleanup-2026-09-29/regenerated-artifacts/node_modules/postcss/lib/postcss.mjs,engineering/verification/history/cleanup-2026-09-29/regenerated-artifacts/node_modules/postcss/lib/postcss.mjs,move,Colocate existing content with its architectural owner; exact bytes retained.
cleanup-2026-09-29/regenerated-artifacts/node_modules/postcss/lib/previous-map.d.ts,engineering/verification/history/cleanup-2026-09-29/regenerated-artifacts/node_modules/postcss/lib/previous-map.d.ts,move,Colocate existing content with its architectural owner; exact bytes retained.
cleanup-2026-09-29/regenerated-artifacts/node_modules/postcss/lib/previous-map.js,engineering/verification/history/cleanup-2026-09-29/regenerated-artifacts/node_modules/postcss/lib/previous-map.js,move,Colocate existing content with its architectural owner; exact bytes retained.
cleanup-2026-09-29/regenerated-artifacts/node_modules/postcss/lib/processor.d.ts,engineering/verification/history/cleanup-2026-09-29/regenerated-artifacts/node_modules/postcss/lib/processor.d.ts,move,Colocate existing content with its architectural owner; exact bytes retained.
cleanup-2026-09-29/regenerated-artifacts/node_modules/postcss/lib/processor.js,engineering/verification/history/cleanup-2026-09-29/regenerated-artifacts/node_modules/postcss/lib/processor.js,move,Colocate existing content with its architectural owner; exact bytes retained.
cleanup-2026-09-29/regenerated-artifacts/node_modules/postcss/lib/result.d.ts,engineering/verification/history/cleanup-2026-09-29/regenerated-artifacts/node_modules/postcss/lib/result.d.ts,move,Colocate existing content with its architectural owner; exact bytes retained.
cleanup-2026-09-29/regenerated-artifacts/node_modules/postcss/lib/result.js,engineering/verification/history/cleanup-2026-09-29/regenerated-artifacts/node_modules/postcss/lib/result.js,move,Colocate existing content with its architectural owner; exact bytes retained.
cleanup-2026-09-29/regenerated-artifacts/node_modules/postcss/lib/root.d.ts,engineering/verification/history/cleanup-2026-09-29/regenerated-artifacts/node_modules/postcss/lib/root.d.ts,move,Colocate existing content with its architectural owner; exact bytes retained.
cleanup-2026-09-29/regenerated-artifacts/node_modules/postcss/lib/root.js,engineering/verification/history/cleanup-2026-09-29/regenerated-artifacts/node_modules/postcss/lib/root.js,move,Colocate existing content with its architectural owner; exact bytes retained.
cleanup-2026-09-29/regenerated-artifacts/node_modules/postcss/lib/rule.d.ts,engineering/verification/history/cleanup-2026-09-29/regenerated-artifacts/node_modules/postcss/lib/rule.d.ts,move,Colocate existing content with its architectural owner; exact bytes retained.
cleanup-2026-09-29/regenerated-artifacts/node_modules/postcss/lib/rule.js,engineering/verification/history/cleanup-2026-09-29/regenerated-artifacts/node_modules/postcss/lib/rule.js,move,Colocate existing content with its architectural owner; exact bytes retained.
cleanup-2026-09-29/regenerated-artifacts/node_modules/postcss/lib/stringifier.d.ts,engineering/verification/history/cleanup-2026-09-29/regenerated-artifacts/node_modules/postcss/lib/stringifier.d.ts,move,Colocate existing content with its architectural owner; exact bytes retained.
cleanup-2026-09-29/regenerated-artifacts/node_modules/postcss/lib/stringifier.js,engineering/verification/history/cleanup-2026-09-29/regenerated-artifacts/node_modules/postcss/lib/stringifier.js,move,Colocate existing content with its architectural owner; exact bytes retained.
cleanup-2026-09-29/regenerated-artifacts/node_modules/postcss/lib/stringify.d.ts,engineering/verification/history/cleanup-2026-09-29/regenerated-artifacts/node_modules/postcss/lib/stringify.d.ts,move,Colocate existing content with its architectural owner; exact bytes retained.
cleanup-2026-09-29/regenerated-artifacts/node_modules/postcss/lib/stringify.js,engineering/verification/history/cleanup-2026-09-29/regenerated-artifacts/node_modules/postcss/lib/stringify.js,move,Colocate existing content with its architectural owner; exact bytes retained.
cleanup-2026-09-29/regenerated-artifacts/node_modules/postcss/lib/symbols.js,engineering/verification/history/cleanup-2026-09-29/regenerated-artifacts/node_modules/postcss/lib/symbols.js,move,Colocate existing content with its architectural owner; exact bytes retained.
cleanup-2026-09-29/regenerated-artifacts/node_modules/postcss/lib/terminal-highlight.js,engineering/verification/history/cleanup-2026-09-29/regenerated-artifacts/node_modules/postcss/lib/terminal-highlight.js,move,Colocate existing content with its architectural owner; exact bytes retained.
cleanup-2026-09-29/regenerated-artifacts/node_modules/postcss/lib/tokenize.js,engineering/verification/history/cleanup-2026-09-29/regenerated-artifacts/node_modules/postcss/lib/tokenize.js,move,Colocate existing content with its architectural owner; exact bytes retained.
cleanup-2026-09-29/regenerated-artifacts/node_modules/postcss/lib/warn-once.js,engineering/verification/history/cleanup-2026-09-29/regenerated-artifacts/node_modules/postcss/lib/warn-once.js,move,Colocate existing content with its architectural owner; exact bytes retained.
cleanup-2026-09-29/regenerated-artifacts/node_modules/postcss/lib/warning.d.ts,engineering/verification/history/cleanup-2026-09-29/regenerated-artifacts/node_modules/postcss/lib/warning.d.ts,move,Colocate existing content with its architectural owner; exact bytes retained.
cleanup-2026-09-29/regenerated-artifacts/node_modules/postcss/lib/warning.js,engineering/verification/history/cleanup-2026-09-29/regenerated-artifacts/node_modules/postcss/lib/warning.js,move,Colocate existing content with its architectural owner; exact bytes retained.
cleanup-2026-09-29/regenerated-artifacts/node_modules/rolldown/LICENSE,engineering/verification/history/cleanup-2026-09-29/regenerated-artifacts/node_modules/rolldown/LICENSE,move,Colocate existing content with its architectural owner; exact bytes retained.
cleanup-2026-09-29/regenerated-artifacts/node_modules/rolldown/README.md,engineering/verification/history/cleanup-2026-09-29/regenerated-artifacts/node_modules/rolldown/README.md,move,Colocate existing content with its architectural owner; exact bytes retained.
cleanup-2026-09-29/regenerated-artifacts/node_modules/rolldown/THIRD-PARTY-LICENSE,engineering/verification/history/cleanup-2026-09-29/regenerated-artifacts/node_modules/rolldown/THIRD-PARTY-LICENSE,move,Colocate existing content with its architectural owner; exact bytes retained.
cleanup-2026-09-29/regenerated-artifacts/node_modules/rolldown/package.json,engineering/verification/history/cleanup-2026-09-29/regenerated-artifacts/node_modules/rolldown/package.json,move,Colocate existing content with its architectural owner; exact bytes retained.
cleanup-2026-09-29/regenerated-artifacts/node_modules/rolldown/bin/cli.mjs,engineering/verification/history/cleanup-2026-09-29/regenerated-artifacts/node_modules/rolldown/bin/cli.mjs,move,Colocate existing content with its architectural owner; exact bytes retained.
cleanup-2026-09-29/regenerated-artifacts/node_modules/rolldown/dist/cli.d.mts,engineering/verification/history/cleanup-2026-09-29/regenerated-artifacts/node_modules/rolldown/dist/cli.d.mts,move,Colocate existing content with its architectural owner; exact bytes retained.
cleanup-2026-09-29/regenerated-artifacts/node_modules/rolldown/dist/cli.mjs,engineering/verification/history/cleanup-2026-09-29/regenerated-artifacts/node_modules/rolldown/dist/cli.mjs,move,Colocate existing content with its architectural owner; exact bytes retained.
cleanup-2026-09-29/regenerated-artifacts/node_modules/rolldown/dist/config.d.mts,engineering/verification/history/cleanup-2026-09-29/regenerated-artifacts/node_modules/rolldown/dist/config.d.mts,move,Colocate existing content with its architectural owner; exact bytes retained.
cleanup-2026-09-29/regenerated-artifacts/node_modules/rolldown/dist/config.mjs,engineering/verification/history/cleanup-2026-09-29/regenerated-artifacts/node_modules/rolldown/dist/config.mjs,move,Colocate existing content with its architectural owner; exact bytes retained.
cleanup-2026-09-29/regenerated-artifacts/node_modules/rolldown/dist/experimental-default-runtime.mjs,engineering/verification/history/cleanup-2026-09-29/regenerated-artifacts/node_modules/rolldown/dist/experimental-default-runtime.mjs,move,Colocate existing content with its architectural owner; exact bytes retained.
cleanup-2026-09-29/regenerated-artifacts/node_modules/rolldown/dist/experimental-index.d.mts,engineering/verification/history/cleanup-2026-09-29/regenerated-artifacts/node_modules/rolldown/dist/experimental-index.d.mts,move,Colocate existing content with its architectural owner; exact bytes retained.
cleanup-2026-09-29/regenerated-artifacts/node_modules/rolldown/dist/experimental-index.mjs,engineering/verification/history/cleanup-2026-09-29/regenerated-artifacts/node_modules/rolldown/dist/experimental-index.mjs,move,Colocate existing content with its architectural owner; exact bytes retained.
cleanup-2026-09-29/regenerated-artifacts/node_modules/rolldown/dist/experimental-runtime-base.mjs,engineering/verification/history/cleanup-2026-09-29/regenerated-artifacts/node_modules/rolldown/dist/experimental-runtime-base.mjs,move,Colocate existing content with its architectural owner; exact bytes retained.
cleanup-2026-09-29/regenerated-artifacts/node_modules/rolldown/dist/experimental-runtime-types.d.ts,engineering/verification/history/cleanup-2026-09-29/regenerated-artifacts/node_modules/rolldown/dist/experimental-runtime-types.d.ts,move,Colocate existing content with its architectural owner; exact bytes retained.
cleanup-2026-09-29/regenerated-artifacts/node_modules/rolldown/dist/experimental-runtime.d.ts,engineering/verification/history/cleanup-2026-09-29/regenerated-artifacts/node_modules/rolldown/dist/experimental-runtime.d.ts,move,Colocate existing content with its architectural owner; exact bytes retained.
cleanup-2026-09-29/regenerated-artifacts/node_modules/rolldown/dist/experimental-runtime.mjs,engineering/verification/history/cleanup-2026-09-29/regenerated-artifacts/node_modules/rolldown/dist/experimental-runtime.mjs,move,Colocate existing content with its architectural owner; exact bytes retained.
cleanup-2026-09-29/regenerated-artifacts/node_modules/rolldown/dist/filter-index.d.mts,engineering/verification/history/cleanup-2026-09-29/regenerated-artifacts/node_modules/rolldown/dist/filter-index.d.mts,move,Colocate existing content with its architectural owner; exact bytes retained.
cleanup-2026-09-29/regenerated-artifacts/node_modules/rolldown/dist/filter-index.mjs,engineering/verification/history/cleanup-2026-09-29/regenerated-artifacts/node_modules/rolldown/dist/filter-index.mjs,move,Colocate existing content with its architectural owner; exact bytes retained.
cleanup-2026-09-29/regenerated-artifacts/node_modules/rolldown/dist/get-log-filter.d.mts,engineering/verification/history/cleanup-2026-09-29/regenerated-artifacts/node_modules/rolldown/dist/get-log-filter.d.mts,move,Colocate existing content with its architectural owner; exact bytes retained.
cleanup-2026-09-29/regenerated-artifacts/node_modules/rolldown/dist/get-log-filter.mjs,engineering/verification/history/cleanup-2026-09-29/regenerated-artifacts/node_modules/rolldown/dist/get-log-filter.mjs,move,Colocate existing content with its architectural owner; exact bytes retained.
cleanup-2026-09-29/regenerated-artifacts/node_modules/rolldown/dist/index.d.mts,engineering/verification/history/cleanup-2026-09-29/regenerated-artifacts/node_modules/rolldown/dist/index.d.mts,move,Colocate existing content with its architectural owner; exact bytes retained.
cleanup-2026-09-29/regenerated-artifacts/node_modules/rolldown/dist/index.mjs,engineering/verification/history/cleanup-2026-09-29/regenerated-artifacts/node_modules/rolldown/dist/index.mjs,move,Colocate existing content with its architectural owner; exact bytes retained.
cleanup-2026-09-29/regenerated-artifacts/node_modules/rolldown/dist/parallel-plugin-worker.d.mts,engineering/verification/history/cleanup-2026-09-29/regenerated-artifacts/node_modules/rolldown/dist/parallel-plugin-worker.d.mts,move,Colocate existing content with its architectural owner; exact bytes retained.
cleanup-2026-09-29/regenerated-artifacts/node_modules/rolldown/dist/parallel-plugin-worker.mjs,engineering/verification/history/cleanup-2026-09-29/regenerated-artifacts/node_modules/rolldown/dist/parallel-plugin-worker.mjs,move,Colocate existing content with its architectural owner; exact bytes retained.
cleanup-2026-09-29/regenerated-artifacts/node_modules/rolldown/dist/parallel-plugin.d.mts,engineering/verification/history/cleanup-2026-09-29/regenerated-artifacts/node_modules/rolldown/dist/parallel-plugin.d.mts,move,Colocate existing content with its architectural owner; exact bytes retained.
cleanup-2026-09-29/regenerated-artifacts/node_modules/rolldown/dist/parallel-plugin.mjs,engineering/verification/history/cleanup-2026-09-29/regenerated-artifacts/node_modules/rolldown/dist/parallel-plugin.mjs,move,Colocate existing content with its architectural owner; exact bytes retained.
cleanup-2026-09-29/regenerated-artifacts/node_modules/rolldown/dist/parse-ast-index.d.mts,engineering/verification/history/cleanup-2026-09-29/regenerated-artifacts/node_modules/rolldown/dist/parse-ast-index.d.mts,move,Colocate existing content with its architectural owner; exact bytes retained.
cleanup-2026-09-29/regenerated-artifacts/node_modules/rolldown/dist/parse-ast-index.mjs,engineering/verification/history/cleanup-2026-09-29/regenerated-artifacts/node_modules/rolldown/dist/parse-ast-index.mjs,move,Colocate existing content with its architectural owner; exact bytes retained.
cleanup-2026-09-29/regenerated-artifacts/node_modules/rolldown/dist/plugins-index.d.mts,engineering/verification/history/cleanup-2026-09-29/regenerated-artifacts/node_modules/rolldown/dist/plugins-index.d.mts,move,Colocate existing content with its architectural owner; exact bytes retained.
cleanup-2026-09-29/regenerated-artifacts/node_modules/rolldown/dist/plugins-index.mjs,engineering/verification/history/cleanup-2026-09-29/regenerated-artifacts/node_modules/rolldown/dist/plugins-index.mjs,move,Colocate existing content with its architectural owner; exact bytes retained.
cleanup-2026-09-29/regenerated-artifacts/node_modules/rolldown/dist/utils-index.d.mts,engineering/verification/history/cleanup-2026-09-29/regenerated-artifacts/node_modules/rolldown/dist/utils-index.d.mts,move,Colocate existing content with its architectural owner; exact bytes retained.
cleanup-2026-09-29/regenerated-artifacts/node_modules/rolldown/dist/utils-index.mjs,engineering/verification/history/cleanup-2026-09-29/regenerated-artifacts/node_modules/rolldown/dist/utils-index.mjs,move,Colocate existing content with its architectural owner; exact bytes retained.
cleanup-2026-09-29/regenerated-artifacts/node_modules/rolldown/dist/shared/binding-CVtkJvyl.d.mts,engineering/verification/history/cleanup-2026-09-29/regenerated-artifacts/node_modules/rolldown/dist/shared/binding-CVtkJvyl.d.mts,move,Colocate existing content with its architectural owner; exact bytes retained.
cleanup-2026-09-29/regenerated-artifacts/node_modules/rolldown/dist/shared/binding-Zhafd14U.mjs,engineering/verification/history/cleanup-2026-09-29/regenerated-artifacts/node_modules/rolldown/dist/shared/binding-Zhafd14U.mjs,move,Colocate existing content with its architectural owner; exact bytes retained.
cleanup-2026-09-29/regenerated-artifacts/node_modules/rolldown/dist/shared/bindingify-input-options-C-Zsy1EG.mjs,engineering/verification/history/cleanup-2026-09-29/regenerated-artifacts/node_modules/rolldown/dist/shared/bindingify-input-options-C-Zsy1EG.mjs,move,Colocate existing content with its architectural owner; exact bytes retained.
cleanup-2026-09-29/regenerated-artifacts/node_modules/rolldown/dist/shared/constructors-CGzna3vk.d.mts,engineering/verification/history/cleanup-2026-09-29/regenerated-artifacts/node_modules/rolldown/dist/shared/constructors-CGzna3vk.d.mts,move,Colocate existing content with its architectural owner; exact bytes retained.
cleanup-2026-09-29/regenerated-artifacts/node_modules/rolldown/dist/shared/constructors-u6EEiG8n.mjs,engineering/verification/history/cleanup-2026-09-29/regenerated-artifacts/node_modules/rolldown/dist/shared/constructors-u6EEiG8n.mjs,move,Colocate existing content with its architectural owner; exact bytes retained.
cleanup-2026-09-29/regenerated-artifacts/node_modules/rolldown/dist/shared/create-bundler-option-wRiQzEJ3.mjs,engineering/verification/history/cleanup-2026-09-29/regenerated-artifacts/node_modules/rolldown/dist/shared/create-bundler-option-wRiQzEJ3.mjs,move,Colocate existing content with its architectural owner; exact bytes retained.
cleanup-2026-09-29/regenerated-artifacts/node_modules/rolldown/dist/shared/define-config-Demdg3_4.mjs,engineering/verification/history/cleanup-2026-09-29/regenerated-artifacts/node_modules/rolldown/dist/shared/define-config-Demdg3_4.mjs,move,Colocate existing content with its architectural owner; exact bytes retained.
cleanup-2026-09-29/regenerated-artifacts/node_modules/rolldown/dist/shared/define-config-Dsp5YQR4.d.mts,engineering/verification/history/cleanup-2026-09-29/regenerated-artifacts/node_modules/rolldown/dist/shared/define-config-Dsp5YQR4.d.mts,move,Colocate existing content with its architectural owner; exact bytes retained.
cleanup-2026-09-29/regenerated-artifacts/node_modules/rolldown/dist/shared/dist-DKbukT1H.mjs,engineering/verification/history/cleanup-2026-09-29/regenerated-artifacts/node_modules/rolldown/dist/shared/dist-DKbukT1H.mjs,move,Colocate existing content with its architectural owner; exact bytes retained.
cleanup-2026-09-29/regenerated-artifacts/node_modules/rolldown/dist/shared/error-CVc7IgvG.mjs,engineering/verification/history/cleanup-2026-09-29/regenerated-artifacts/node_modules/rolldown/dist/shared/error-CVc7IgvG.mjs,move,Colocate existing content with its architectural owner; exact bytes retained.
cleanup-2026-09-29/regenerated-artifacts/node_modules/rolldown/dist/shared/get-log-filter-AjBknEEO.d.mts,engineering/verification/history/cleanup-2026-09-29/regenerated-artifacts/node_modules/rolldown/dist/shared/get-log-filter-AjBknEEO.d.mts,move,Colocate existing content with its architectural owner; exact bytes retained.
cleanup-2026-09-29/regenerated-artifacts/node_modules/rolldown/dist/shared/load-config-63nAW5KO.mjs,engineering/verification/history/cleanup-2026-09-29/regenerated-artifacts/node_modules/rolldown/dist/shared/load-config-63nAW5KO.mjs,move,Colocate existing content with its architectural owner; exact bytes retained.
cleanup-2026-09-29/regenerated-artifacts/node_modules/rolldown/dist/shared/logging-xuHO4mAy.d.mts,engineering/verification/history/cleanup-2026-09-29/regenerated-artifacts/node_modules/rolldown/dist/shared/logging-xuHO4mAy.d.mts,move,Colocate existing content with its architectural owner; exact bytes retained.
cleanup-2026-09-29/regenerated-artifacts/node_modules/rolldown/dist/shared/logs-DmYCAKcW.mjs,engineering/verification/history/cleanup-2026-09-29/regenerated-artifacts/node_modules/rolldown/dist/shared/logs-DmYCAKcW.mjs,move,Colocate existing content with its architectural owner; exact bytes retained.
cleanup-2026-09-29/regenerated-artifacts/node_modules/rolldown/dist/shared/misc-DOSKtd97.mjs,engineering/verification/history/cleanup-2026-09-29/regenerated-artifacts/node_modules/rolldown/dist/shared/misc-DOSKtd97.mjs,move,Colocate existing content with its architectural owner; exact bytes retained.
cleanup-2026-09-29/regenerated-artifacts/node_modules/rolldown/dist/shared/normalize-string-or-regex-BxRYnPRv.mjs,engineering/verification/history/cleanup-2026-09-29/regenerated-artifacts/node_modules/rolldown/dist/shared/normalize-string-or-regex-BxRYnPRv.mjs,move,Colocate existing content with its architectural owner; exact bytes retained.
cleanup-2026-09-29/regenerated-artifacts/node_modules/rolldown/dist/shared/parse-DnWvq9XZ.mjs,engineering/verification/history/cleanup-2026-09-29/regenerated-artifacts/node_modules/rolldown/dist/shared/parse-DnWvq9XZ.mjs,move,Colocate existing content with its architectural owner; exact bytes retained.
cleanup-2026-09-29/regenerated-artifacts/node_modules/rolldown/dist/shared/prompt-CH6TK0bC.mjs,engineering/verification/history/cleanup-2026-09-29/regenerated-artifacts/node_modules/rolldown/dist/shared/prompt-CH6TK0bC.mjs,move,Colocate existing content with its architectural owner; exact bytes retained.
cleanup-2026-09-29/regenerated-artifacts/node_modules/rolldown/dist/shared/resolve-tsconfig-SPewz4V3.mjs,engineering/verification/history/cleanup-2026-09-29/regenerated-artifacts/node_modules/rolldown/dist/shared/resolve-tsconfig-SPewz4V3.mjs,move,Colocate existing content with its architectural owner; exact bytes retained.
cleanup-2026-09-29/regenerated-artifacts/node_modules/rolldown/dist/shared/rolldown-DiYVDns9.mjs,engineering/verification/history/cleanup-2026-09-29/regenerated-artifacts/node_modules/rolldown/dist/shared/rolldown-DiYVDns9.mjs,move,Colocate existing content with its architectural owner; exact bytes retained.
cleanup-2026-09-29/regenerated-artifacts/node_modules/rolldown/dist/shared/transform-WmU_cI8e.d.mts,engineering/verification/history/cleanup-2026-09-29/regenerated-artifacts/node_modules/rolldown/dist/shared/transform-WmU_cI8e.d.mts,move,Colocate existing content with its architectural owner; exact bytes retained.
cleanup-2026-09-29/regenerated-artifacts/node_modules/rolldown/dist/shared/watch-BNCfUBmW.mjs,engineering/verification/history/cleanup-2026-09-29/regenerated-artifacts/node_modules/rolldown/dist/shared/watch-BNCfUBmW.mjs,move,Colocate existing content with its architectural owner; exact bytes retained.
cleanup-2026-09-29/regenerated-artifacts/node_modules/source-map-js/LICENSE,engineering/verification/history/cleanup-2026-09-29/regenerated-artifacts/node_modules/source-map-js/LICENSE,move,Colocate existing content with its architectural owner; exact bytes retained.
cleanup-2026-09-29/regenerated-artifacts/node_modules/source-map-js/README.md,engineering/verification/history/cleanup-2026-09-29/regenerated-artifacts/node_modules/source-map-js/README.md,move,Colocate existing content with its architectural owner; exact bytes retained.
cleanup-2026-09-29/regenerated-artifacts/node_modules/source-map-js/package.json,engineering/verification/history/cleanup-2026-09-29/regenerated-artifacts/node_modules/source-map-js/package.json,move,Colocate existing content with its architectural owner; exact bytes retained.
cleanup-2026-09-29/regenerated-artifacts/node_modules/source-map-js/source-map.d.ts,engineering/verification/history/cleanup-2026-09-29/regenerated-artifacts/node_modules/source-map-js/source-map.d.ts,move,Colocate existing content with its architectural owner; exact bytes retained.
cleanup-2026-09-29/regenerated-artifacts/node_modules/source-map-js/source-map.js,engineering/verification/history/cleanup-2026-09-29/regenerated-artifacts/node_modules/source-map-js/source-map.js,move,Colocate existing content with its architectural owner; exact bytes retained.
cleanup-2026-09-29/regenerated-artifacts/node_modules/source-map-js/lib/array-set.js,engineering/verification/history/cleanup-2026-09-29/regenerated-artifacts/node_modules/source-map-js/lib/array-set.js,move,Colocate existing content with its architectural owner; exact bytes retained.
cleanup-2026-09-29/regenerated-artifacts/node_modules/source-map-js/lib/base64-vlq.js,engineering/verification/history/cleanup-2026-09-29/regenerated-artifacts/node_modules/source-map-js/lib/base64-vlq.js,move,Colocate existing content with its architectural owner; exact bytes retained.
cleanup-2026-09-29/regenerated-artifacts/node_modules/source-map-js/lib/base64.js,engineering/verification/history/cleanup-2026-09-29/regenerated-artifacts/node_modules/source-map-js/lib/base64.js,move,Colocate existing content with its architectural owner; exact bytes retained.
cleanup-2026-09-29/regenerated-artifacts/node_modules/source-map-js/lib/binary-search.js,engineering/verification/history/cleanup-2026-09-29/regenerated-artifacts/node_modules/source-map-js/lib/binary-search.js,move,Colocate existing content with its architectural owner; exact bytes retained.
cleanup-2026-09-29/regenerated-artifacts/node_modules/source-map-js/lib/mapping-list.js,engineering/verification/history/cleanup-2026-09-29/regenerated-artifacts/node_modules/source-map-js/lib/mapping-list.js,move,Colocate existing content with its architectural owner; exact bytes retained.
cleanup-2026-09-29/regenerated-artifacts/node_modules/source-map-js/lib/quick-sort.js,engineering/verification/history/cleanup-2026-09-29/regenerated-artifacts/node_modules/source-map-js/lib/quick-sort.js,move,Colocate existing content with its architectural owner; exact bytes retained.
cleanup-2026-09-29/regenerated-artifacts/node_modules/source-map-js/lib/source-map-consumer.d.ts,engineering/verification/history/cleanup-2026-09-29/regenerated-artifacts/node_modules/source-map-js/lib/source-map-consumer.d.ts,move,Colocate existing content with its architectural owner; exact bytes retained.
cleanup-2026-09-29/regenerated-artifacts/node_modules/source-map-js/lib/source-map-consumer.js,engineering/verification/history/cleanup-2026-09-29/regenerated-artifacts/node_modules/source-map-js/lib/source-map-consumer.js,move,Colocate existing content with its architectural owner; exact bytes retained.
cleanup-2026-09-29/regenerated-artifacts/node_modules/source-map-js/lib/source-map-generator.d.ts,engineering/verification/history/cleanup-2026-09-29/regenerated-artifacts/node_modules/source-map-js/lib/source-map-generator.d.ts,move,Colocate existing content with its architectural owner; exact bytes retained.
cleanup-2026-09-29/regenerated-artifacts/node_modules/source-map-js/lib/source-map-generator.js,engineering/verification/history/cleanup-2026-09-29/regenerated-artifacts/node_modules/source-map-js/lib/source-map-generator.js,move,Colocate existing content with its architectural owner; exact bytes retained.
cleanup-2026-09-29/regenerated-artifacts/node_modules/source-map-js/lib/source-node.d.ts,engineering/verification/history/cleanup-2026-09-29/regenerated-artifacts/node_modules/source-map-js/lib/source-node.d.ts,move,Colocate existing content with its architectural owner; exact bytes retained.
cleanup-2026-09-29/regenerated-artifacts/node_modules/source-map-js/lib/source-node.js,engineering/verification/history/cleanup-2026-09-29/regenerated-artifacts/node_modules/source-map-js/lib/source-node.js,move,Colocate existing content with its architectural owner; exact bytes retained.
cleanup-2026-09-29/regenerated-artifacts/node_modules/source-map-js/lib/util.js,engineering/verification/history/cleanup-2026-09-29/regenerated-artifacts/node_modules/source-map-js/lib/util.js,move,Colocate existing content with its architectural owner; exact bytes retained.
cleanup-2026-09-29/regenerated-artifacts/node_modules/tinyglobby/LICENSE,engineering/verification/history/cleanup-2026-09-29/regenerated-artifacts/node_modules/tinyglobby/LICENSE,move,Colocate existing content with its architectural owner; exact bytes retained.
cleanup-2026-09-29/regenerated-artifacts/node_modules/tinyglobby/README.md,engineering/verification/history/cleanup-2026-09-29/regenerated-artifacts/node_modules/tinyglobby/README.md,move,Colocate existing content with its architectural owner; exact bytes retained.
cleanup-2026-09-29/regenerated-artifacts/node_modules/tinyglobby/package.json,engineering/verification/history/cleanup-2026-09-29/regenerated-artifacts/node_modules/tinyglobby/package.json,move,Colocate existing content with its architectural owner; exact bytes retained.
cleanup-2026-09-29/regenerated-artifacts/node_modules/tinyglobby/dist/index.cjs,engineering/verification/history/cleanup-2026-09-29/regenerated-artifacts/node_modules/tinyglobby/dist/index.cjs,move,Colocate existing content with its architectural owner; exact bytes retained.
cleanup-2026-09-29/regenerated-artifacts/node_modules/tinyglobby/dist/index.d.cts,engineering/verification/history/cleanup-2026-09-29/regenerated-artifacts/node_modules/tinyglobby/dist/index.d.cts,move,Colocate existing content with its architectural owner; exact bytes retained.
cleanup-2026-09-29/regenerated-artifacts/node_modules/tinyglobby/dist/index.d.mts,engineering/verification/history/cleanup-2026-09-29/regenerated-artifacts/node_modules/tinyglobby/dist/index.d.mts,move,Colocate existing content with its architectural owner; exact bytes retained.
cleanup-2026-09-29/regenerated-artifacts/node_modules/tinyglobby/dist/index.mjs,engineering/verification/history/cleanup-2026-09-29/regenerated-artifacts/node_modules/tinyglobby/dist/index.mjs,move,Colocate existing content with its architectural owner; exact bytes retained.
cleanup-2026-09-29/regenerated-artifacts/node_modules/vite/LICENSE.md,engineering/verification/history/cleanup-2026-09-29/regenerated-artifacts/node_modules/vite/LICENSE.md,move,Colocate existing content with its architectural owner; exact bytes retained.
cleanup-2026-09-29/regenerated-artifacts/node_modules/vite/README.md,engineering/verification/history/cleanup-2026-09-29/regenerated-artifacts/node_modules/vite/README.md,move,Colocate existing content with its architectural owner; exact bytes retained.
cleanup-2026-09-29/regenerated-artifacts/node_modules/vite/client.d.ts,engineering/verification/history/cleanup-2026-09-29/regenerated-artifacts/node_modules/vite/client.d.ts,move,Colocate existing content with its architectural owner; exact bytes retained.
cleanup-2026-09-29/regenerated-artifacts/node_modules/vite/package.json,engineering/verification/history/cleanup-2026-09-29/regenerated-artifacts/node_modules/vite/package.json,move,Colocate existing content with its architectural owner; exact bytes retained.
cleanup-2026-09-29/regenerated-artifacts/node_modules/vite/bin/openChrome.js,engineering/verification/history/cleanup-2026-09-29/regenerated-artifacts/node_modules/vite/bin/openChrome.js,move,Colocate existing content with its architectural owner; exact bytes retained.
cleanup-2026-09-29/regenerated-artifacts/node_modules/vite/bin/vite.js,engineering/verification/history/cleanup-2026-09-29/regenerated-artifacts/node_modules/vite/bin/vite.js,move,Colocate existing content with its architectural owner; exact bytes retained.
cleanup-2026-09-29/regenerated-artifacts/node_modules/vite/dist/client/bundledDevClient.mjs,engineering/verification/history/cleanup-2026-09-29/regenerated-artifacts/node_modules/vite/dist/client/bundledDevClient.mjs,move,Colocate existing content with its architectural owner; exact bytes retained.
cleanup-2026-09-29/regenerated-artifacts/node_modules/vite/dist/client/client.mjs,engineering/verification/history/cleanup-2026-09-29/regenerated-artifacts/node_modules/vite/dist/client/client.mjs,move,Colocate existing content with its architectural owner; exact bytes retained.
cleanup-2026-09-29/regenerated-artifacts/node_modules/vite/dist/client/env.mjs,engineering/verification/history/cleanup-2026-09-29/regenerated-artifacts/node_modules/vite/dist/client/env.mjs,move,Colocate existing content with its architectural owner; exact bytes retained.
cleanup-2026-09-29/regenerated-artifacts/node_modules/vite/dist/node/cli.js,engineering/verification/history/cleanup-2026-09-29/regenerated-artifacts/node_modules/vite/dist/node/cli.js,move,Colocate existing content with its architectural owner; exact bytes retained.
cleanup-2026-09-29/regenerated-artifacts/node_modules/vite/dist/node/index.d.ts,engineering/verification/history/cleanup-2026-09-29/regenerated-artifacts/node_modules/vite/dist/node/index.d.ts,move,Colocate existing content with its architectural owner; exact bytes retained.
cleanup-2026-09-29/regenerated-artifacts/node_modules/vite/dist/node/index.js,engineering/verification/history/cleanup-2026-09-29/regenerated-artifacts/node_modules/vite/dist/node/index.js,move,Colocate existing content with its architectural owner; exact bytes retained.
cleanup-2026-09-29/regenerated-artifacts/node_modules/vite/dist/node/internal.d.ts,engineering/verification/history/cleanup-2026-09-29/regenerated-artifacts/node_modules/vite/dist/node/internal.d.ts,move,Colocate existing content with its architectural owner; exact bytes retained.
cleanup-2026-09-29/regenerated-artifacts/node_modules/vite/dist/node/internal.js,engineering/verification/history/cleanup-2026-09-29/regenerated-artifacts/node_modules/vite/dist/node/internal.js,move,Colocate existing content with its architectural owner; exact bytes retained.
cleanup-2026-09-29/regenerated-artifacts/node_modules/vite/dist/node/module-runner.d.ts,engineering/verification/history/cleanup-2026-09-29/regenerated-artifacts/node_modules/vite/dist/node/module-runner.d.ts,move,Colocate existing content with its architectural owner; exact bytes retained.
cleanup-2026-09-29/regenerated-artifacts/node_modules/vite/dist/node/module-runner.js,engineering/verification/history/cleanup-2026-09-29/regenerated-artifacts/node_modules/vite/dist/node/module-runner.js,move,Colocate existing content with its architectural owner; exact bytes retained.
cleanup-2026-09-29/regenerated-artifacts/node_modules/vite/dist/node/chunks/build.js,engineering/verification/history/cleanup-2026-09-29/regenerated-artifacts/node_modules/vite/dist/node/chunks/build.js,move,Colocate existing content with its architectural owner; exact bytes retained.
cleanup-2026-09-29/regenerated-artifacts/node_modules/vite/dist/node/chunks/dist.js,engineering/verification/history/cleanup-2026-09-29/regenerated-artifacts/node_modules/vite/dist/node/chunks/dist.js,move,Colocate existing content with its architectural owner; exact bytes retained.
cleanup-2026-09-29/regenerated-artifacts/node_modules/vite/dist/node/chunks/lib.js,engineering/verification/history/cleanup-2026-09-29/regenerated-artifacts/node_modules/vite/dist/node/chunks/lib.js,move,Colocate existing content with its architectural owner; exact bytes retained.
cleanup-2026-09-29/regenerated-artifacts/node_modules/vite/dist/node/chunks/moduleRunnerTransport.d.ts,engineering/verification/history/cleanup-2026-09-29/regenerated-artifacts/node_modules/vite/dist/node/chunks/moduleRunnerTransport.d.ts,move,Colocate existing content with its architectural owner; exact bytes retained.
cleanup-2026-09-29/regenerated-artifacts/node_modules/vite/dist/node/chunks/node.js,engineering/verification/history/cleanup-2026-09-29/regenerated-artifacts/node_modules/vite/dist/node/chunks/node.js,move,Colocate existing content with its architectural owner; exact bytes retained.
cleanup-2026-09-29/regenerated-artifacts/node_modules/vite/dist/node/chunks/postcss-import.js,engineering/verification/history/cleanup-2026-09-29/regenerated-artifacts/node_modules/vite/dist/node/chunks/postcss-import.js,move,Colocate existing content with its architectural owner; exact bytes retained.
cleanup-2026-09-29/regenerated-artifacts/node_modules/vite/misc/false.js,engineering/verification/history/cleanup-2026-09-29/regenerated-artifacts/node_modules/vite/misc/false.js,move,Colocate existing content with its architectural owner; exact bytes retained.
cleanup-2026-09-29/regenerated-artifacts/node_modules/vite/misc/true.js,engineering/verification/history/cleanup-2026-09-29/regenerated-artifacts/node_modules/vite/misc/true.js,move,Colocate existing content with its architectural owner; exact bytes retained.
cleanup-2026-09-29/regenerated-artifacts/node_modules/vite/types/customEvent.d.ts,engineering/verification/history/cleanup-2026-09-29/regenerated-artifacts/node_modules/vite/types/customEvent.d.ts,move,Colocate existing content with its architectural owner; exact bytes retained.
cleanup-2026-09-29/regenerated-artifacts/node_modules/vite/types/hmrPayload.d.ts,engineering/verification/history/cleanup-2026-09-29/regenerated-artifacts/node_modules/vite/types/hmrPayload.d.ts,move,Colocate existing content with its architectural owner; exact bytes retained.
cleanup-2026-09-29/regenerated-artifacts/node_modules/vite/types/hot.d.ts,engineering/verification/history/cleanup-2026-09-29/regenerated-artifacts/node_modules/vite/types/hot.d.ts,move,Colocate existing content with its architectural owner; exact bytes retained.
cleanup-2026-09-29/regenerated-artifacts/node_modules/vite/types/import-meta.d.ts,engineering/verification/history/cleanup-2026-09-29/regenerated-artifacts/node_modules/vite/types/import-meta.d.ts,move,Colocate existing content with its architectural owner; exact bytes retained.
cleanup-2026-09-29/regenerated-artifacts/node_modules/vite/types/importGlob.d.ts,engineering/verification/history/cleanup-2026-09-29/regenerated-artifacts/node_modules/vite/types/importGlob.d.ts,move,Colocate existing content with its architectural owner; exact bytes retained.
cleanup-2026-09-29/regenerated-artifacts/node_modules/vite/types/importMeta.d.ts,engineering/verification/history/cleanup-2026-09-29/regenerated-artifacts/node_modules/vite/types/importMeta.d.ts,move,Colocate existing content with its architectural owner; exact bytes retained.
cleanup-2026-09-29/regenerated-artifacts/node_modules/vite/types/metadata.d.ts,engineering/verification/history/cleanup-2026-09-29/regenerated-artifacts/node_modules/vite/types/metadata.d.ts,move,Colocate existing content with its architectural owner; exact bytes retained.
cleanup-2026-09-29/regenerated-artifacts/node_modules/vite/types/internal/cssPreprocessorOptions.d.ts,engineering/verification/history/cleanup-2026-09-29/regenerated-artifacts/node_modules/vite/types/internal/cssPreprocessorOptions.d.ts,move,Colocate existing content with its architectural owner; exact bytes retained.
cleanup-2026-09-29/regenerated-artifacts/node_modules/vite/types/internal/esbuildOptions.d.ts,engineering/verification/history/cleanup-2026-09-29/regenerated-artifacts/node_modules/vite/types/internal/esbuildOptions.d.ts,move,Colocate existing content with its architectural owner; exact bytes retained.
cleanup-2026-09-29/regenerated-artifacts/node_modules/vite/types/internal/lightningcssOptions.d.ts,engineering/verification/history/cleanup-2026-09-29/regenerated-artifacts/node_modules/vite/types/internal/lightningcssOptions.d.ts,move,Colocate existing content with its architectural owner; exact bytes retained.
cleanup-2026-09-29/regenerated-artifacts/node_modules/vite/types/internal/rollupTypeCompat.d.ts,engineering/verification/history/cleanup-2026-09-29/regenerated-artifacts/node_modules/vite/types/internal/rollupTypeCompat.d.ts,move,Colocate existing content with its architectural owner; exact bytes retained.
cleanup-2026-09-29/regenerated-artifacts/node_modules/vite/types/internal/terserOptions.d.ts,engineering/verification/history/cleanup-2026-09-29/regenerated-artifacts/node_modules/vite/types/internal/terserOptions.d.ts,move,Colocate existing content with its architectural owner; exact bytes retained.
cleanup-2026-09-29/regenerated-artifacts/python-cache/a_zone_detector.cpython-314.pyc,engineering/verification/history/cleanup-2026-09-29/regenerated-artifacts/python-cache/a_zone_detector.cpython-314.pyc,move,Colocate existing content with its architectural owner; exact bytes retained.
cleanup-2026-09-29/regenerated-artifacts/python-cache/blue_line_detector.cpython-314.pyc,engineering/verification/history/cleanup-2026-09-29/regenerated-artifacts/python-cache/blue_line_detector.cpython-314.pyc,move,Colocate existing content with its architectural owner; exact bytes retained.
cleanup-2026-09-29/regenerated-artifacts/python-cache/core_utils.cpython-314.pyc,engineering/verification/history/cleanup-2026-09-29/regenerated-artifacts/python-cache/core_utils.cpython-314.pyc,move,Colocate existing content with its architectural owner; exact bytes retained.
cleanup-2026-09-29/regenerated-artifacts/python-cache/direction_policy.cpython-314.pyc,engineering/verification/history/cleanup-2026-09-29/regenerated-artifacts/python-cache/direction_policy.cpython-314.pyc,move,Colocate existing content with its architectural owner; exact bytes retained.
cleanup-2026-09-29/regenerated-artifacts/python-cache/e_zone_detector.cpython-314.pyc,engineering/verification/history/cleanup-2026-09-29/regenerated-artifacts/python-cache/e_zone_detector.cpython-314.pyc,move,Colocate existing content with its architectural owner; exact bytes retained.
cleanup-2026-09-29/regenerated-artifacts/python-cache/lifecycle_engine.cpython-314.pyc,engineering/verification/history/cleanup-2026-09-29/regenerated-artifacts/python-cache/lifecycle_engine.cpython-314.pyc,move,Colocate existing content with its architectural owner; exact bytes retained.
cleanup-2026-09-29/regenerated-artifacts/python-cache/order_audit_engine.cpython-314.pyc,engineering/verification/history/cleanup-2026-09-29/regenerated-artifacts/python-cache/order_audit_engine.cpython-314.pyc,move,Colocate existing content with its architectural owner; exact bytes retained.
cleanup-2026-09-29/regenerated-artifacts/python-cache/reaction_engine.cpython-314.pyc,engineering/verification/history/cleanup-2026-09-29/regenerated-artifacts/python-cache/reaction_engine.cpython-314.pyc,move,Colocate existing content with its architectural owner; exact bytes retained.
cleanup-2026-09-29/regenerated-artifacts/python-cache/s_zone_detector.cpython-314.pyc,engineering/verification/history/cleanup-2026-09-29/regenerated-artifacts/python-cache/s_zone_detector.cpython-314.pyc,move,Colocate existing content with its architectural owner; exact bytes retained.
data/raw/.gitkeep,apps/chart/state/data/raw/.gitkeep,move,Colocate existing content with its architectural owner; exact bytes retained.
data/raw/FOREXCOM/XAUUSD/RAW FARAZ_FOREXCOM_XAUUSD 1S FROM 1788449740 TO 1789388126.json,apps/chart/state/data/raw/FOREXCOM/XAUUSD/RAW FARAZ_FOREXCOM_XAUUSD 1S FROM 1788449740 TO 1789388126.json,move,Colocate existing content with its architectural owner; exact bytes retained.
data/raw/FOREXCOM/XAUUSD/RAW FOREXCOM_XAUUSD 1S FROM 2026-09-03 19-05-40 TO 2026-09-08 03-18-28.json,apps/chart/state/data/raw/FOREXCOM/XAUUSD/RAW FOREXCOM_XAUUSD 1S FROM 2026-09-03 19-05-40 TO 2026-09-08 03-18-28.json,move,Colocate existing content with its architectural owner; exact bytes retained.
data/raw/FOREXCOM/XAUUSD/RAW FOREXCOM_XAUUSD 1S FROM 2026-09-03 19-05-40 TO 2026-09-08 03-18-28.json.meta.json,apps/chart/state/data/raw/FOREXCOM/XAUUSD/RAW FOREXCOM_XAUUSD 1S FROM 2026-09-03 19-05-40 TO 2026-09-08 03-18-28.json.meta.json,move,Colocate existing content with its architectural owner; exact bytes retained.
data/raw/FOREXCOM/XAUUSD/RAW FOREXCOM_XAUUSD 5S FROM 2026-08-25 03-53-30 TO 2026-09-23 18-01-15.json,apps/chart/state/data/raw/FOREXCOM/XAUUSD/RAW FOREXCOM_XAUUSD 5S FROM 2026-08-25 03-53-30 TO 2026-09-23 18-01-15.json,move,Colocate existing content with its architectural owner; exact bytes retained.
data/raw/FOREXCOM/XAUUSD/RAW FOREXCOM_XAUUSD 5S FROM 2026-08-25 03-53-30 TO 2026-09-23 18-01-15.json.meta.json,apps/chart/state/data/raw/FOREXCOM/XAUUSD/RAW FOREXCOM_XAUUSD 5S FROM 2026-08-25 03-53-30 TO 2026-09-23 18-01-15.json.meta.json,move,Colocate existing content with its architectural owner; exact bytes retained.
data/raw/FOREXCOM/XAUUSD/RAW FOREXCOM_XAUUSD 5S FROM 2026-09-03 18-44-00 TO 2026-09-19 00-29-35.json,apps/chart/state/data/raw/FOREXCOM/XAUUSD/RAW FOREXCOM_XAUUSD 5S FROM 2026-09-03 18-44-00 TO 2026-09-19 00-29-35.json,move,Colocate existing content with its architectural owner; exact bytes retained.
data/raw/FOREXCOM/XAUUSD/RAW FOREXCOM_XAUUSD 5S FROM 2026-09-03 18-44-00 TO 2026-09-19 00-29-35.json.meta.json,apps/chart/state/data/raw/FOREXCOM/XAUUSD/RAW FOREXCOM_XAUUSD 5S FROM 2026-09-03 18-44-00 TO 2026-09-19 00-29-35.json.meta.json,move,Colocate existing content with its architectural owner; exact bytes retained.
data/raw/FOREXCOM/XAUUSD/RAW FOREXCOM_XAUUSD 5S FROM 2026-09-16 22-35-00 TO 2026-09-17 19-15-35.json,apps/chart/state/data/raw/FOREXCOM/XAUUSD/RAW FOREXCOM_XAUUSD 5S FROM 2026-09-16 22-35-00 TO 2026-09-17 19-15-35.json,move,Colocate existing content with its architectural owner; exact bytes retained.
data/raw/FOREXCOM/XAUUSD/RAW FOREXCOM_XAUUSD 5S FROM 2026-09-16 22-35-00 TO 2026-09-17 19-15-35.json.meta.json,apps/chart/state/data/raw/FOREXCOM/XAUUSD/RAW FOREXCOM_XAUUSD 5S FROM 2026-09-16 22-35-00 TO 2026-09-17 19-15-35.json.meta.json,move,Colocate existing content with its architectural owner; exact bytes retained.
data/raw/FOREXCOM/XAUUSD/RAW FOREXCOM_XAUUSD 5S FROM 2026-09-22 11-00-00 TO 2026-09-29 11-55-05.json,apps/chart/state/data/raw/FOREXCOM/XAUUSD/RAW FOREXCOM_XAUUSD 5S FROM 2026-09-22 11-00-00 TO 2026-09-29 11-55-05.json,move,Colocate existing content with its architectural owner; exact bytes retained.
data/raw/FOREXCOM/XAUUSD/RAW FOREXCOM_XAUUSD 5S FROM 2026-09-22 11-00-00 TO 2026-09-29 11-55-05.json.meta.json,apps/chart/state/data/raw/FOREXCOM/XAUUSD/RAW FOREXCOM_XAUUSD 5S FROM 2026-09-22 11-00-00 TO 2026-09-29 11-55-05.json.meta.json,move,Colocate existing content with its architectural owner; exact bytes retained.
data/raw/FXCM/USOIL/RAW FXCM_USOIL 5S FROM 2026-08-21 04-00-00 TO 2026-09-29 11-46-20.json,apps/chart/state/data/raw/FXCM/USOIL/RAW FXCM_USOIL 5S FROM 2026-08-21 04-00-00 TO 2026-09-29 11-46-20.json,move,Colocate existing content with its architectural owner; exact bytes retained.
data/raw/FXCM/USOIL/RAW FXCM_USOIL 5S FROM 2026-08-21 04-00-00 TO 2026-09-29 11-46-20.json.meta.json,apps/chart/state/data/raw/FXCM/USOIL/RAW FXCM_USOIL 5S FROM 2026-08-21 04-00-00 TO 2026-09-29 11-46-20.json.meta.json,move,Colocate existing content with its architectural owner; exact bytes retained.
data/raw/FXCM/USOIL/RAW FXCM_USOIL 5S FROM 2026-09-11 02-53-30 TO 2026-09-15 11-03-45.json,apps/chart/state/data/raw/FXCM/USOIL/RAW FXCM_USOIL 5S FROM 2026-09-11 02-53-30 TO 2026-09-15 11-03-45.json,move,Colocate existing content with its architectural owner; exact bytes retained.
data/raw/FXCM/USOIL/RAW FXCM_USOIL 5S FROM 2026-09-11 02-53-30 TO 2026-09-15 11-03-45.json.meta.json,apps/chart/state/data/raw/FXCM/USOIL/RAW FXCM_USOIL 5S FROM 2026-09-11 02-53-30 TO 2026-09-15 11-03-45.json.meta.json,move,Colocate existing content with its architectural owner; exact bytes retained.
data/raw/FXCM/USOIL/RAW FXCM_USOIL 5S FROM 2026-09-21 22-50-00 TO 2026-09-24 00-26-20.json,apps/chart/state/data/raw/FXCM/USOIL/RAW FXCM_USOIL 5S FROM 2026-09-21 22-50-00 TO 2026-09-24 00-26-20.json,move,Colocate existing content with its architectural owner; exact bytes retained.
data/raw/FXCM/USOIL/RAW FXCM_USOIL 5S FROM 2026-09-21 22-50-00 TO 2026-09-24 00-26-20.json.meta.json,apps/chart/state/data/raw/FXCM/USOIL/RAW FXCM_USOIL 5S FROM 2026-09-21 22-50-00 TO 2026-09-24 00-26-20.json.meta.json,move,Colocate existing content with its architectural owner; exact bytes retained.
data/raw/FXCM/USOIL/RAW FXCM_USOIL 5S FROM 2026-09-21 22-54-30 TO 2026-09-29 10-51-55.json,apps/chart/state/data/raw/FXCM/USOIL/RAW FXCM_USOIL 5S FROM 2026-09-21 22-54-30 TO 2026-09-29 10-51-55.json,move,Colocate existing content with its architectural owner; exact bytes retained.
data/raw/FXCM/USOIL/RAW FXCM_USOIL 5S FROM 2026-09-21 22-54-30 TO 2026-09-29 10-51-55.json.meta.json,apps/chart/state/data/raw/FXCM/USOIL/RAW FXCM_USOIL 5S FROM 2026-09-21 22-54-30 TO 2026-09-29 10-51-55.json.meta.json,move,Colocate existing content with its architectural owner; exact bytes retained.
secret/faraz-session.dpapi.json,apps/chart/state/secret/faraz-session.dpapi.json,move,Colocate existing content with its architectural owner; exact bytes retained.
,engineering/docs/README.md,documentation-path repair,New maintained navigation or migration evidence.
,engineering/docs/verification/single-root-migration.md,documentation-path repair,New maintained navigation or migration evidence.
,apps/chart/tests/unit/vite-state-policy.test.mjs,configuration-path repair,Real exported Vite configuration regression tests.
