path,bytes,modified_at
.editorconfig,226,2026-09-13T10:36:01+03:30
.gitattributes,241,2026-09-29T13:44:01+03:30
.gitignore,878,2026-09-29T18:01:08+03:30
AGENTS.md,27241,2026-09-29T18:21:42+03:30
apps/chart/dist/assets/index-Bs4qDQ5z.js,765273,2026-09-29T18:22:40+03:30
apps/chart/dist/assets/index-Cg5ouiIq.css,174992,2026-09-29T18:22:40+03:30
apps/chart/dist/index.html,723,2026-09-29T18:22:40+03:30
apps/chart/index.html,626,2026-09-13T15:42:22+03:30
apps/chart/node_modules/.bin/nanoid,818,2026-09-29T18:21:46+03:30
apps/chart/node_modules/.bin/nanoid.cmd,325,2026-09-29T18:21:46+03:30
apps/chart/node_modules/.bin/nanoid.ps1,809,2026-09-29T18:21:46+03:30
apps/chart/node_modules/.bin/playwright-core,819,2026-09-29T18:21:46+03:30
apps/chart/node_modules/.bin/playwright-core.cmd,326,2026-09-29T18:21:46+03:30
apps/chart/node_modules/.bin/playwright-core.ps1,813,2026-09-29T18:21:46+03:30
apps/chart/node_modules/.bin/rolldown,817,2026-09-29T18:21:46+03:30
apps/chart/node_modules/.bin/rolldown.cmd,324,2026-09-29T18:21:46+03:30
apps/chart/node_modules/.bin/rolldown.ps1,805,2026-09-29T18:21:46+03:30
apps/chart/node_modules/.bin/vite,813,2026-09-29T18:21:46+03:30
apps/chart/node_modules/.bin/vite.cmd,320,2026-09-29T18:21:46+03:30
apps/chart/node_modules/.bin/vite.ps1,789,2026-09-29T18:21:46+03:30
apps/chart/node_modules/.package-lock.json,11512,2026-09-29T18:21:46+03:30
apps/chart/node_modules/.vite/deps/_metadata.json,361,2026-09-29T18:35:55+03:30
apps/chart/node_modules/.vite/deps/lightweight-charts.js,597429,2026-09-29T18:35:55+03:30
apps/chart/node_modules/.vite/deps/lightweight-charts.js.map,1105077,2026-09-29T18:35:55+03:30
apps/chart/node_modules/.vite/deps/package.json,23,2026-09-29T18:35:55+03:30
apps/chart/node_modules/@oxc-project/types/LICENSE,1119,2026-09-29T18:21:46+03:30
apps/chart/node_modules/@oxc-project/types/package.json,577,2026-09-29T18:21:46+03:30
apps/chart/node_modules/@oxc-project/types/README.md,55,2026-09-29T18:21:46+03:30
apps/chart/node_modules/@oxc-project/types/types.d.ts,42826,2026-09-29T18:21:46+03:30
apps/chart/node_modules/@rolldown/binding-win32-x64-msvc/package.json,782,2026-09-29T18:21:46+03:30
apps/chart/node_modules/@rolldown/binding-win32-x64-msvc/README.md,108,2026-09-29T18:21:46+03:30
apps/chart/node_modules/@rolldown/binding-win32-x64-msvc/rolldown-binding.win32-x64-msvc.node,20955136,2026-09-29T18:21:46+03:30
apps/chart/node_modules/@rolldown/pluginutils/dist/filter/index.d.mts,6612,2026-09-29T18:21:46+03:30
apps/chart/node_modules/@rolldown/pluginutils/dist/filter/index.mjs,550,2026-09-29T18:21:46+03:30
apps/chart/node_modules/@rolldown/pluginutils/dist/filter-B_mD-HGz.mjs,9099,2026-09-29T18:21:46+03:30
apps/chart/node_modules/@rolldown/pluginutils/dist/index.d.mts,625,2026-09-29T18:21:46+03:30
apps/chart/node_modules/@rolldown/pluginutils/dist/index.mjs,549,2026-09-29T18:21:46+03:30
apps/chart/node_modules/@rolldown/pluginutils/LICENSE,1106,2026-09-29T18:21:46+03:30
apps/chart/node_modules/@rolldown/pluginutils/package.json,975,2026-09-29T18:21:46+03:30
apps/chart/node_modules/@rolldown/pluginutils/README.md,6177,2026-09-29T18:21:46+03:30
apps/chart/node_modules/detect-libc/index.d.ts,436,2026-09-29T18:21:46+03:30
apps/chart/node_modules/detect-libc/lib/detect-libc.js,7503,2026-09-29T18:21:46+03:30
apps/chart/node_modules/detect-libc/lib/elf.js,982,2026-09-29T18:21:46+03:30
apps/chart/node_modules/detect-libc/lib/filesystem.js,1097,2026-09-29T18:21:46+03:30
apps/chart/node_modules/detect-libc/lib/process.js,569,2026-09-29T18:21:46+03:30
apps/chart/node_modules/detect-libc/LICENSE,11357,2026-09-29T18:21:46+03:30
apps/chart/node_modules/detect-libc/package.json,1278,2026-09-29T18:21:46+03:30
apps/chart/node_modules/detect-libc/README.md,3215,2026-09-29T18:21:46+03:30
apps/chart/node_modules/fancy-canvas/canvas-element-bitmap-size.d.mts,1577,2026-09-29T18:21:46+03:30
apps/chart/node_modules/fancy-canvas/canvas-element-bitmap-size.d.ts,1575,2026-09-29T18:21:46+03:30
apps/chart/node_modules/fancy-canvas/canvas-element-bitmap-size.js,11349,2026-09-29T18:21:46+03:30
apps/chart/node_modules/fancy-canvas/canvas-element-bitmap-size.mjs,11106,2026-09-29T18:21:46+03:30
apps/chart/node_modules/fancy-canvas/canvas-rendering-target.d.mts,1468,2026-09-29T18:21:46+03:30
apps/chart/node_modules/fancy-canvas/canvas-rendering-target.d.ts,1466,2026-09-29T18:21:46+03:30
apps/chart/node_modules/fancy-canvas/canvas-rendering-target.js,3981,2026-09-29T18:21:46+03:30
apps/chart/node_modules/fancy-canvas/canvas-rendering-target.mjs,3622,2026-09-29T18:21:46+03:30
apps/chart/node_modules/fancy-canvas/device-pixel-ratio.d.mts,180,2026-09-29T18:21:46+03:30
apps/chart/node_modules/fancy-canvas/device-pixel-ratio.d.ts,178,2026-09-29T18:21:46+03:30
apps/chart/node_modules/fancy-canvas/device-pixel-ratio.js,2759,2026-09-29T18:21:46+03:30
apps/chart/node_modules/fancy-canvas/device-pixel-ratio.mjs,2609,2026-09-29T18:21:46+03:30
apps/chart/node_modules/fancy-canvas/disposable.d.mts,61,2026-09-29T18:21:46+03:30
apps/chart/node_modules/fancy-canvas/disposable.d.ts,61,2026-09-29T18:21:46+03:30
apps/chart/node_modules/fancy-canvas/disposable.js,77,2026-09-29T18:21:46+03:30
apps/chart/node_modules/fancy-canvas/disposable.mjs,11,2026-09-29T18:21:46+03:30
apps/chart/node_modules/fancy-canvas/index.d.mts,533,2026-09-29T18:21:46+03:30
apps/chart/node_modules/fancy-canvas/index.d.ts,529,2026-09-29T18:21:46+03:30
apps/chart/node_modules/fancy-canvas/index.js,1378,2026-09-29T18:21:46+03:30
apps/chart/node_modules/fancy-canvas/index.mjs,279,2026-09-29T18:21:46+03:30
apps/chart/node_modules/fancy-canvas/package.json,536,2026-09-29T18:21:46+03:30
apps/chart/node_modules/fancy-canvas/rx.d.mts,309,2026-09-29T18:21:46+03:30
apps/chart/node_modules/fancy-canvas/rx.d.ts,309,2026-09-29T18:21:46+03:30
apps/chart/node_modules/fancy-canvas/rx.js,77,2026-09-29T18:21:46+03:30
apps/chart/node_modules/fancy-canvas/rx.mjs,11,2026-09-29T18:21:46+03:30
apps/chart/node_modules/fancy-canvas/size.d.mts,355,2026-09-29T18:21:46+03:30
apps/chart/node_modules/fancy-canvas/size.d.ts,355,2026-09-29T18:21:46+03:30
apps/chart/node_modules/fancy-canvas/size.js,625,2026-09-29T18:21:46+03:30
apps/chart/node_modules/fancy-canvas/size.mjs,464,2026-09-29T18:21:46+03:30
apps/chart/node_modules/fdir/dist/index.cjs,18210,2026-09-29T18:21:46+03:30
apps/chart/node_modules/fdir/dist/index.d.cts,5129,2026-09-29T18:21:46+03:30
apps/chart/node_modules/fdir/dist/index.d.mts,5129,2026-09-29T18:21:46+03:30
apps/chart/node_modules/fdir/dist/index.mjs,17225,2026-09-29T18:21:46+03:30
apps/chart/node_modules/fdir/LICENSE,1053,2026-09-29T18:21:46+03:30
apps/chart/node_modules/fdir/package.json,2694,2026-09-29T18:21:46+03:30
apps/chart/node_modules/fdir/README.md,3851,2026-09-29T18:21:46+03:30
apps/chart/node_modules/lightningcss/LICENSE,15648,2026-09-29T18:21:46+03:30
apps/chart/node_modules/lightningcss/node/ast.d.ts,213707,2026-09-29T18:21:46+03:30
apps/chart/node_modules/lightningcss/node/ast.js.flow,218067,2026-09-29T18:21:46+03:30
apps/chart/node_modules/lightningcss/node/browserslistToTargets.js,929,2026-09-29T18:21:46+03:30
apps/chart/node_modules/lightningcss/node/composeVisitors.js,11393,2026-09-29T18:21:46+03:30
apps/chart/node_modules/lightningcss/node/flags.js,666,2026-09-29T18:21:46+03:30
apps/chart/node_modules/lightningcss/node/index.d.ts,18831,2026-09-29T18:21:46+03:30
apps/chart/node_modules/lightningcss/node/index.js,1665,2026-09-29T18:21:46+03:30
apps/chart/node_modules/lightningcss/node/index.js.flow,21054,2026-09-29T18:21:46+03:30
apps/chart/node_modules/lightningcss/node/index.mjs,276,2026-09-29T18:21:46+03:30
apps/chart/node_modules/lightningcss/node/targets.d.ts,867,2026-09-29T18:21:46+03:30
apps/chart/node_modules/lightningcss/node/targets.js.flow,819,2026-09-29T18:21:46+03:30
apps/chart/node_modules/lightningcss/package.json,3834,2026-09-29T18:21:46+03:30
apps/chart/node_modules/lightningcss/README.md,6058,2026-09-29T18:21:46+03:30
apps/chart/node_modules/lightningcss-win32-x64-msvc/LICENSE,15648,2026-09-29T18:21:46+03:30
apps/chart/node_modules/lightningcss-win32-x64-msvc/lightningcss.win32-x64-msvc.node,9484800,2026-09-29T18:21:46+03:30
apps/chart/node_modules/lightningcss-win32-x64-msvc/package.json,719,2026-09-29T18:21:46+03:30
apps/chart/node_modules/lightningcss-win32-x64-msvc/README.md,121,2026-09-29T18:21:46+03:30
apps/chart/node_modules/lightweight-charts/dist/lightweight-charts.development.mjs,743893,2026-09-29T18:21:46+03:30
apps/chart/node_modules/lightweight-charts/dist/lightweight-charts.production.mjs,189213,2026-09-29T18:21:46+03:30
apps/chart/node_modules/lightweight-charts/dist/lightweight-charts.standalone.development.js,828924,2026-09-29T18:21:46+03:30
apps/chart/node_modules/lightweight-charts/dist/lightweight-charts.standalone.development.mjs,760671,2026-09-29T18:21:46+03:30
apps/chart/node_modules/lightweight-charts/dist/lightweight-charts.standalone.production.js,197922,2026-09-29T18:21:46+03:30
apps/chart/node_modules/lightweight-charts/dist/lightweight-charts.standalone.production.mjs,197827,2026-09-29T18:21:46+03:30
apps/chart/node_modules/lightweight-charts/dist/typings.d.ts,156435,2026-09-29T18:21:46+03:30
apps/chart/node_modules/lightweight-charts/LICENSE,11347,2026-09-29T18:21:46+03:30
apps/chart/node_modules/lightweight-charts/package.json,1368,2026-09-29T18:21:46+03:30
apps/chart/node_modules/lightweight-charts/README.md,7412,2026-09-29T18:21:46+03:30
apps/chart/node_modules/nanoid/async/index.browser.cjs,1031,2026-09-29T18:21:46+03:30
apps/chart/node_modules/nanoid/async/index.browser.js,1021,2026-09-29T18:21:46+03:30
apps/chart/node_modules/nanoid/async/index.cjs,1087,2026-09-29T18:21:46+03:30
apps/chart/node_modules/nanoid/async/index.d.ts,1505,2026-09-29T18:21:46+03:30
apps/chart/node_modules/nanoid/async/index.js,1070,2026-09-29T18:21:46+03:30
apps/chart/node_modules/nanoid/async/index.native.js,908,2026-09-29T18:21:46+03:30
apps/chart/node_modules/nanoid/async/package.json,233,2026-09-29T18:21:46+03:30
apps/chart/node_modules/nanoid/bin/nanoid.cjs,1129,2026-09-29T18:21:46+03:30
apps/chart/node_modules/nanoid/index.browser.cjs,1117,2026-09-29T18:21:46+03:30
apps/chart/node_modules/nanoid/index.browser.js,1103,2026-09-29T18:21:46+03:30
apps/chart/node_modules/nanoid/index.cjs,1454,2026-09-29T18:21:46+03:30
apps/chart/node_modules/nanoid/index.d.cts,2252,2026-09-29T18:21:46+03:30
apps/chart/node_modules/nanoid/index.d.ts,2252,2026-09-29T18:21:46+03:30
apps/chart/node_modules/nanoid/index.js,1498,2026-09-29T18:21:46+03:30
apps/chart/node_modules/nanoid/LICENSE,1095,2026-09-29T18:21:46+03:30
apps/chart/node_modules/nanoid/nanoid.js,169,2026-09-29T18:21:46+03:30
apps/chart/node_modules/nanoid/non-secure/index.cjs,518,2026-09-29T18:21:46+03:30
apps/chart/node_modules/nanoid/non-secure/index.d.ts,983,2026-09-29T18:21:46+03:30
apps/chart/node_modules/nanoid/non-secure/index.js,508,2026-09-29T18:21:46+03:30
apps/chart/node_modules/nanoid/non-secure/package.json,99,2026-09-29T18:21:46+03:30
apps/chart/node_modules/nanoid/package.json,2283,2026-09-29T18:21:46+03:30
apps/chart/node_modules/nanoid/README.md,1552,2026-09-29T18:21:46+03:30
apps/chart/node_modules/nanoid/url-alphabet/index.cjs,121,2026-09-29T18:21:46+03:30
apps/chart/node_modules/nanoid/url-alphabet/index.js,111,2026-09-29T18:21:46+03:30
apps/chart/node_modules/nanoid/url-alphabet/package.json,99,2026-09-29T18:21:46+03:30
apps/chart/node_modules/picocolors/LICENSE,787,2026-09-29T18:21:46+03:30
apps/chart/node_modules/picocolors/package.json,552,2026-09-29T18:21:46+03:30
apps/chart/node_modules/picocolors/picocolors.browser.js,598,2026-09-29T18:21:46+03:30
apps/chart/node_modules/picocolors/picocolors.d.ts,138,2026-09-29T18:21:46+03:30
apps/chart/node_modules/picocolors/picocolors.js,2663,2026-09-29T18:21:46+03:30
apps/chart/node_modules/picocolors/README.md,622,2026-09-29T18:21:46+03:30
apps/chart/node_modules/picocolors/types.d.ts,1013,2026-09-29T18:21:46+03:30
apps/chart/node_modules/picomatch/index.js,479,2026-09-29T18:21:46+03:30
apps/chart/node_modules/picomatch/lib/constants.js,4552,2026-09-29T18:21:46+03:30
apps/chart/node_modules/picomatch/lib/parse.js,34668,2026-09-29T18:21:46+03:30
apps/chart/node_modules/picomatch/lib/picomatch.js,10722,2026-09-29T18:21:46+03:30
apps/chart/node_modules/picomatch/lib/scan.js,9189,2026-09-29T18:21:46+03:30
apps/chart/node_modules/picomatch/lib/utils.js,1994,2026-09-29T18:21:46+03:30
apps/chart/node_modules/picomatch/LICENSE,1091,2026-09-29T18:21:46+03:30
apps/chart/node_modules/picomatch/package.json,1915,2026-09-29T18:21:46+03:30
apps/chart/node_modules/picomatch/posix.js,60,2026-09-29T18:21:46+03:30
apps/chart/node_modules/picomatch/README.md,28319,2026-09-29T18:21:46+03:30
apps/chart/node_modules/playwright-core/bin/install_media_pack.ps1,174,2026-09-29T18:21:46+03:30
apps/chart/node_modules/playwright-core/bin/install_webkit_wsl.ps1,1464,2026-09-29T18:21:46+03:30
apps/chart/node_modules/playwright-core/bin/reinstall_chrome_beta_linux.sh,1217,2026-09-29T18:21:46+03:30
apps/chart/node_modules/playwright-core/bin/reinstall_chrome_beta_mac.sh,563,2026-09-29T18:21:46+03:30
apps/chart/node_modules/playwright-core/bin/reinstall_chrome_beta_win.ps1,957,2026-09-29T18:21:46+03:30
apps/chart/node_modules/playwright-core/bin/reinstall_chrome_stable_linux.sh,1212,2026-09-29T18:21:46+03:30
apps/chart/node_modules/playwright-core/bin/reinstall_chrome_stable_mac.sh,519,2026-09-29T18:21:46+03:30
apps/chart/node_modules/playwright-core/bin/reinstall_chrome_stable_win.ps1,923,2026-09-29T18:21:46+03:30
apps/chart/node_modules/playwright-core/bin/reinstall_msedge_beta_linux.sh,1494,2026-09-29T18:21:46+03:30
apps/chart/node_modules/playwright-core/bin/reinstall_msedge_beta_mac.sh,377,2026-09-29T18:21:46+03:30
apps/chart/node_modules/playwright-core/bin/reinstall_msedge_beta_win.ps1,874,2026-09-29T18:21:46+03:30
apps/chart/node_modules/playwright-core/bin/reinstall_msedge_dev_linux.sh,1489,2026-09-29T18:21:46+03:30
apps/chart/node_modules/playwright-core/bin/reinstall_msedge_dev_mac.sh,372,2026-09-29T18:21:46+03:30
apps/chart/node_modules/playwright-core/bin/reinstall_msedge_dev_win.ps1,869,2026-09-29T18:21:46+03:30
apps/chart/node_modules/playwright-core/bin/reinstall_msedge_stable_linux.sh,1507,2026-09-29T18:21:46+03:30
apps/chart/node_modules/playwright-core/bin/reinstall_msedge_stable_mac.sh,371,2026-09-29T18:21:46+03:30
apps/chart/node_modules/playwright-core/bin/reinstall_msedge_stable_win.ps1,856,2026-09-29T18:21:46+03:30
apps/chart/node_modules/playwright-core/browsers.json,1137,2026-09-29T18:21:46+03:30
apps/chart/node_modules/playwright-core/cli.js,839,2026-09-29T18:21:46+03:30
apps/chart/node_modules/playwright-core/index.d.ts,634,2026-09-29T18:21:46+03:30
apps/chart/node_modules/playwright-core/index.js,697,2026-09-29T18:21:46+03:30
apps/chart/node_modules/playwright-core/index.mjs,1063,2026-09-29T18:21:46+03:30
apps/chart/node_modules/playwright-core/lib/bootstrap.js,3481,2026-09-29T18:21:46+03:30
apps/chart/node_modules/playwright-core/lib/coreBundle.js,3477183,2026-09-29T18:21:46+03:30
apps/chart/node_modules/playwright-core/lib/entry/cliDaemon.js,197,2026-09-29T18:21:46+03:30
apps/chart/node_modules/playwright-core/lib/entry/dashboardApp.js,108,2026-09-29T18:21:46+03:30
apps/chart/node_modules/playwright-core/lib/entry/mcp.js,442,2026-09-29T18:21:46+03:30
apps/chart/node_modules/playwright-core/lib/entry/oopBrowserDownload.js,120,2026-09-29T18:21:46+03:30
apps/chart/node_modules/playwright-core/lib/package.js,2112,2026-09-29T18:21:46+03:30
apps/chart/node_modules/playwright-core/lib/server/chromium/appIcon.png,16565,2026-09-29T18:21:46+03:30
apps/chart/node_modules/playwright-core/lib/server/electron/loader.js,4994,2026-09-29T18:21:46+03:30
apps/chart/node_modules/playwright-core/lib/serverRegistry.js,57039,2026-09-29T18:21:46+03:30
apps/chart/node_modules/playwright-core/lib/serverRegistry.js.LICENSE,2982,2026-09-29T18:21:46+03:30
apps/chart/node_modules/playwright-core/lib/tools/cli-client/channelSessions.js,7087,2026-09-29T18:21:46+03:30
apps/chart/node_modules/playwright-core/lib/tools/cli-client/cli.js,153,2026-09-29T18:21:46+03:30
apps/chart/node_modules/playwright-core/lib/tools/cli-client/help.json,38799,2026-09-29T18:21:46+03:30
apps/chart/node_modules/playwright-core/lib/tools/cli-client/minimist.js,4109,2026-09-29T18:21:46+03:30
apps/chart/node_modules/playwright-core/lib/tools/cli-client/output.js,11972,2026-09-29T18:21:46+03:30
apps/chart/node_modules/playwright-core/lib/tools/cli-client/program.js,16373,2026-09-29T18:21:46+03:30
apps/chart/node_modules/playwright-core/lib/tools/cli-client/registry.js,6768,2026-09-29T18:21:46+03:30
apps/chart/node_modules/playwright-core/lib/tools/cli-client/session.js,9544,2026-09-29T18:21:46+03:30
apps/chart/node_modules/playwright-core/lib/tools/dashboard/appIcon.png,18945,2026-09-29T18:21:46+03:30
apps/chart/node_modules/playwright-core/lib/tools/skills/playwright-cli/references/element-attributes.md,665,2026-09-29T18:21:46+03:30
apps/chart/node_modules/playwright-core/lib/tools/skills/playwright-cli/references/playwright-tests.md,1690,2026-09-29T18:21:46+03:30
apps/chart/node_modules/playwright-core/lib/tools/skills/playwright-cli/references/request-mocking.md,2182,2026-09-29T18:21:46+03:30
apps/chart/node_modules/playwright-core/lib/tools/skills/playwright-cli/references/running-code.md,5642,2026-09-29T18:21:46+03:30
apps/chart/node_modules/playwright-core/lib/tools/skills/playwright-cli/references/session-management.md,5671,2026-09-29T18:21:46+03:30
apps/chart/node_modules/playwright-core/lib/tools/skills/playwright-cli/references/storage-state.md,5198,2026-09-29T18:21:46+03:30
apps/chart/node_modules/playwright-core/lib/tools/skills/playwright-cli/references/test-generation.md,16114,2026-09-29T18:21:46+03:30
apps/chart/node_modules/playwright-core/lib/tools/skills/playwright-cli/references/tracing.md,3456,2026-09-29T18:21:46+03:30
apps/chart/node_modules/playwright-core/lib/tools/skills/playwright-cli/references/video-recording.md,5387,2026-09-29T18:21:46+03:30
apps/chart/node_modules/playwright-core/lib/tools/skills/playwright-cli/SKILL.md,12726,2026-09-29T18:21:46+03:30
apps/chart/node_modules/playwright-core/lib/tools/skills/playwright-component-testing/references/gallery-spec.md,6199,2026-09-29T18:21:46+03:30
apps/chart/node_modules/playwright-core/lib/tools/skills/playwright-component-testing/references/migration.md,5031,2026-09-29T18:21:46+03:30
apps/chart/node_modules/playwright-core/lib/tools/skills/playwright-component-testing/references/react.md,3115,2026-09-29T18:21:46+03:30
apps/chart/node_modules/playwright-core/lib/tools/skills/playwright-component-testing/references/typing.md,6883,2026-09-29T18:21:46+03:30
apps/chart/node_modules/playwright-core/lib/tools/skills/playwright-component-testing/references/vue.md,3374,2026-09-29T18:21:46+03:30
apps/chart/node_modules/playwright-core/lib/tools/skills/playwright-component-testing/SKILL.md,10404,2026-09-29T18:21:46+03:30
apps/chart/node_modules/playwright-core/lib/tools/skills/playwright-trace/SKILL.md,4845,2026-09-29T18:21:46+03:30
apps/chart/node_modules/playwright-core/lib/tools/utils/extension.js,4689,2026-09-29T18:21:46+03:30
apps/chart/node_modules/playwright-core/lib/tools/utils/socketConnection.js,3317,2026-09-29T18:21:46+03:30
apps/chart/node_modules/playwright-core/lib/utilsBundle.js,3048692,2026-09-29T18:21:46+03:30
apps/chart/node_modules/playwright-core/lib/utilsBundle.js.LICENSE,106591,2026-09-29T18:21:46+03:30
apps/chart/node_modules/playwright-core/lib/vite/dashboard/assets/codeMirrorModule--QdMvsKi.css,6251,2026-09-29T18:21:46+03:30
apps/chart/node_modules/playwright-core/lib/vite/dashboard/assets/codeMirrorModule-CQ8RZGBm.js,307374,2026-09-29T18:21:46+03:30
apps/chart/node_modules/playwright-core/lib/vite/dashboard/assets/codicon-DCmgc-ay.ttf,80340,2026-09-29T18:21:46+03:30
apps/chart/node_modules/playwright-core/lib/vite/dashboard/assets/firefox-1bWoP6pv.svg,7488,2026-09-29T18:21:46+03:30
apps/chart/node_modules/playwright-core/lib/vite/dashboard/assets/firefox-beta-k3eOH_eK.svg,9280,2026-09-29T18:21:46+03:30
apps/chart/node_modules/playwright-core/lib/vite/dashboard/assets/firefox-nightly-Cp5nfeDT.svg,9143,2026-09-29T18:21:46+03:30
apps/chart/node_modules/playwright-core/lib/vite/dashboard/assets/index-AwgwcYie.css,139111,2026-09-29T18:21:46+03:30
apps/chart/node_modules/playwright-core/lib/vite/dashboard/assets/index-hRvO4yU2.js,336491,2026-09-29T18:21:46+03:30
apps/chart/node_modules/playwright-core/lib/vite/dashboard/assets/safari-na3_-uQk.svg,5254,2026-09-29T18:21:46+03:30
apps/chart/node_modules/playwright-core/lib/vite/dashboard/index.html,1078,2026-09-29T18:21:46+03:30
apps/chart/node_modules/playwright-core/lib/vite/dashboard/playwright-logo.svg,5645,2026-09-29T18:21:46+03:30
apps/chart/node_modules/playwright-core/lib/vite/htmlReport/index.html,464,2026-09-29T18:21:46+03:30
apps/chart/node_modules/playwright-core/lib/vite/htmlReport/report.css,100452,2026-09-29T18:21:46+03:30
apps/chart/node_modules/playwright-core/lib/vite/htmlReport/report.js,415864,2026-09-29T18:21:46+03:30
apps/chart/node_modules/playwright-core/lib/vite/recorder/assets/codeMirrorModule--QdMvsKi.css,6251,2026-09-29T18:21:46+03:30
apps/chart/node_modules/playwright-core/lib/vite/recorder/assets/codeMirrorModule-CVQWJZAA.js,307374,2026-09-29T18:21:46+03:30
apps/chart/node_modules/playwright-core/lib/vite/recorder/assets/codicon-DCmgc-ay.ttf,80340,2026-09-29T18:21:46+03:30
apps/chart/node_modules/playwright-core/lib/vite/recorder/assets/index-BZpYJZ-P.css,85502,2026-09-29T18:21:46+03:30
apps/chart/node_modules/playwright-core/lib/vite/recorder/assets/index-hrlLqLtq.js,358603,2026-09-29T18:21:46+03:30
apps/chart/node_modules/playwright-core/lib/vite/recorder/index.html,1078,2026-09-29T18:21:46+03:30
apps/chart/node_modules/playwright-core/lib/vite/recorder/playwright-logo.svg,5033,2026-09-29T18:21:46+03:30
apps/chart/node_modules/playwright-core/lib/vite/traceViewer/assets/codeMirrorModule-BbkfBe3n.js,307393,2026-09-29T18:21:46+03:30
apps/chart/node_modules/playwright-core/lib/vite/traceViewer/assets/defaultSettingsView-Ds6CBOo0.js,654294,2026-09-29T18:21:46+03:30
apps/chart/node_modules/playwright-core/lib/vite/traceViewer/assets/urlMatch-L3liM589.js,2510,2026-09-29T18:21:46+03:30
apps/chart/node_modules/playwright-core/lib/vite/traceViewer/assets/xtermModule-DywYcAf8.js,288730,2026-09-29T18:21:46+03:30
apps/chart/node_modules/playwright-core/lib/vite/traceViewer/codeMirrorModule.-QdMvsKi.css,6251,2026-09-29T18:21:46+03:30
apps/chart/node_modules/playwright-core/lib/vite/traceViewer/codicon.DCmgc-ay.ttf,80340,2026-09-29T18:21:46+03:30
apps/chart/node_modules/playwright-core/lib/vite/traceViewer/defaultSettingsView.Bqk9acqE.css,107049,2026-09-29T18:21:46+03:30
apps/chart/node_modules/playwright-core/lib/vite/traceViewer/index.B4cLoZK3.js,6628,2026-09-29T18:21:46+03:30
apps/chart/node_modules/playwright-core/lib/vite/traceViewer/index.B_TqY17P.css,2055,2026-09-29T18:21:46+03:30
apps/chart/node_modules/playwright-core/lib/vite/traceViewer/index.html,2363,2026-09-29T18:21:46+03:30
apps/chart/node_modules/playwright-core/lib/vite/traceViewer/manifest.webmanifest,429,2026-09-29T18:21:46+03:30
apps/chart/node_modules/playwright-core/lib/vite/traceViewer/playwright-logo.svg,5033,2026-09-29T18:21:46+03:30
apps/chart/node_modules/playwright-core/lib/vite/traceViewer/snapshot.B_Jk1wbt.js,650,2026-09-29T18:21:46+03:30
apps/chart/node_modules/playwright-core/lib/vite/traceViewer/snapshot.html,389,2026-09-29T18:21:46+03:30
apps/chart/node_modules/playwright-core/lib/vite/traceViewer/sw.bundle.js,95459,2026-09-29T18:21:46+03:30
apps/chart/node_modules/playwright-core/lib/vite/traceViewer/uiMode.CU5KtEkS.js,38057,2026-09-29T18:21:46+03:30
apps/chart/node_modules/playwright-core/lib/vite/traceViewer/uiMode.CyMfwkXJ.css,54590,2026-09-29T18:21:46+03:30
apps/chart/node_modules/playwright-core/lib/vite/traceViewer/uiMode.html,727,2026-09-29T18:21:46+03:30
apps/chart/node_modules/playwright-core/lib/vite/traceViewer/xtermModule.kHJ-D0s7.css,2853,2026-09-29T18:21:46+03:30
apps/chart/node_modules/playwright-core/lib/webp_codec.LICENSE,8841,2026-09-29T18:21:46+03:30
apps/chart/node_modules/playwright-core/lib/webp_codec.wasm,565369,2026-09-29T18:21:46+03:30
apps/chart/node_modules/playwright-core/lib/xdg-open,32416,2026-09-29T18:21:46+03:30
apps/chart/node_modules/playwright-core/LICENSE,11601,2026-09-29T18:21:46+03:30
apps/chart/node_modules/playwright-core/NOTICE,254,2026-09-29T18:21:46+03:30
apps/chart/node_modules/playwright-core/package.json,876,2026-09-29T18:21:46+03:30
apps/chart/node_modules/playwright-core/README.md,120,2026-09-29T18:21:46+03:30
apps/chart/node_modules/playwright-core/ThirdPartyNotices.txt,676,2026-09-29T18:21:46+03:30
apps/chart/node_modules/playwright-core/types/protocol.d.ts,814210,2026-09-29T18:21:46+03:30
apps/chart/node_modules/playwright-core/types/structs.d.ts,2455,2026-09-29T18:21:46+03:30
apps/chart/node_modules/playwright-core/types/types.d.ts,1131883,2026-09-29T18:21:46+03:30
apps/chart/node_modules/postcss/lib/at-rule.d.ts,3356,2026-09-29T18:21:46+03:30
apps/chart/node_modules/postcss/lib/at-rule.js,471,2026-09-29T18:21:46+03:30
apps/chart/node_modules/postcss/lib/comment.d.ts,1680,2026-09-29T18:21:46+03:30
apps/chart/node_modules/postcss/lib/comment.js,203,2026-09-29T18:21:46+03:30
apps/chart/node_modules/postcss/lib/container.d.ts,14025,2026-09-29T18:21:46+03:30
apps/chart/node_modules/postcss/lib/container.js,12350,2026-09-29T18:21:46+03:30
apps/chart/node_modules/postcss/lib/css-syntax-error.d.ts,6447,2026-09-29T18:21:46+03:30
apps/chart/node_modules/postcss/lib/css-syntax-error.js,3402,2026-09-29T18:21:46+03:30
apps/chart/node_modules/postcss/lib/declaration.d.ts,3833,2026-09-29T18:21:46+03:30
apps/chart/node_modules/postcss/lib/declaration.js,495,2026-09-29T18:21:46+03:30
apps/chart/node_modules/postcss/lib/document.d.ts,1884,2026-09-29T18:21:46+03:30
apps/chart/node_modules/postcss/lib/document.js,654,2026-09-29T18:21:46+03:30
apps/chart/node_modules/postcss/lib/fromJSON.d.ts,160,2026-09-29T18:21:46+03:30
apps/chart/node_modules/postcss/lib/fromJSON.js,2810,2026-09-29T18:21:46+03:30
apps/chart/node_modules/postcss/lib/input.d.ts,5126,2026-09-29T18:21:46+03:30
apps/chart/node_modules/postcss/lib/input.js,7274,2026-09-29T18:21:46+03:30
apps/chart/node_modules/postcss/lib/lazy-result.d.ts,4939,2026-09-29T18:21:46+03:30
apps/chart/node_modules/postcss/lib/lazy-result.js,16273,2026-09-29T18:21:46+03:30
apps/chart/node_modules/postcss/lib/list.d.ts,1424,2026-09-29T18:21:46+03:30
apps/chart/node_modules/postcss/lib/list.js,1273,2026-09-29T18:21:46+03:30
apps/chart/node_modules/postcss/lib/map-generator.js,10031,2026-09-29T18:21:46+03:30
apps/chart/node_modules/postcss/lib/no-work-result.d.ts,1503,2026-09-29T18:21:46+03:30
apps/chart/node_modules/postcss/lib/no-work-result.js,2619,2026-09-29T18:21:46+03:30
apps/chart/node_modules/postcss/lib/node.d.ts,14688,2026-09-29T18:21:46+03:30
apps/chart/node_modules/postcss/lib/node.js,12643,2026-09-29T18:21:46+03:30
apps/chart/node_modules/postcss/lib/parse.d.ts,133,2026-09-29T18:21:46+03:30
apps/chart/node_modules/postcss/lib/parse.js,1147,2026-09-29T18:21:46+03:30
apps/chart/node_modules/postcss/lib/parser.js,15168,2026-09-29T18:21:46+03:30
apps/chart/node_modules/postcss/lib/postcss.d.mts,1046,2026-09-29T18:21:46+03:30
apps/chart/node_modules/postcss/lib/postcss.d.ts,11654,2026-09-29T18:21:46+03:30
apps/chart/node_modules/postcss/lib/postcss.js,2898,2026-09-29T18:21:46+03:30
apps/chart/node_modules/postcss/lib/postcss.mjs,980,2026-09-29T18:21:46+03:30
apps/chart/node_modules/postcss/lib/previous-map.d.ts,1757,2026-09-29T18:21:46+03:30
apps/chart/node_modules/postcss/lib/previous-map.js,5130,2026-09-29T18:21:46+03:30
apps/chart/node_modules/postcss/lib/processor.d.ts,3345,2026-09-29T18:21:46+03:30
apps/chart/node_modules/postcss/lib/processor.js,1739,2026-09-29T18:21:46+03:30
apps/chart/node_modules/postcss/lib/result.d.ts,4346,2026-09-29T18:21:46+03:30
apps/chart/node_modules/postcss/lib/result.js,738,2026-09-29T18:21:46+03:30
apps/chart/node_modules/postcss/lib/root.d.ts,2253,2026-09-29T18:21:46+03:30
apps/chart/node_modules/postcss/lib/root.js,1606,2026-09-29T18:21:46+03:30
apps/chart/node_modules/postcss/lib/rule.d.ts,2879,2026-09-29T18:21:46+03:30
apps/chart/node_modules/postcss/lib/rule.js,569,2026-09-29T18:21:46+03:30
apps/chart/node_modules/postcss/lib/stringifier.d.ts,1360,2026-09-29T18:21:46+03:30
apps/chart/node_modules/postcss/lib/stringifier.js,11816,2026-09-29T18:21:46+03:30
apps/chart/node_modules/postcss/lib/stringify.d.ts,163,2026-09-29T18:21:46+03:30
apps/chart/node_modules/postcss/lib/stringify.js,213,2026-09-29T18:21:46+03:30
apps/chart/node_modules/postcss/lib/symbols.js,91,2026-09-29T18:21:46+03:30
apps/chart/node_modules/postcss/lib/terminal-highlight.js,1399,2026-09-29T18:21:46+03:30
apps/chart/node_modules/postcss/lib/tokenize.js,6700,2026-09-29T18:21:46+03:30
apps/chart/node_modules/postcss/lib/warn-once.js,256,2026-09-29T18:21:46+03:30
apps/chart/node_modules/postcss/lib/warning.d.ts,2924,2026-09-29T18:21:46+03:30
apps/chart/node_modules/postcss/lib/warning.js,1151,2026-09-29T18:21:46+03:30
apps/chart/node_modules/postcss/LICENSE,1095,2026-09-29T18:21:46+03:30
apps/chart/node_modules/postcss/package.json,2497,2026-09-29T18:21:46+03:30
apps/chart/node_modules/postcss/README.md,1159,2026-09-29T18:21:46+03:30
apps/chart/node_modules/rolldown/bin/cli.mjs,46,2026-09-29T18:21:46+03:30
apps/chart/node_modules/rolldown/dist/cli.d.mts,9,2026-09-29T18:21:46+03:30
apps/chart/node_modules/rolldown/dist/cli.mjs,39744,2026-09-29T18:21:46+03:30
apps/chart/node_modules/rolldown/dist/config.d.mts,1080,2026-09-29T18:21:46+03:30
apps/chart/node_modules/rolldown/dist/config.mjs,267,2026-09-29T18:21:46+03:30
apps/chart/node_modules/rolldown/dist/experimental-default-runtime.mjs,3177,2026-09-29T18:21:46+03:30
apps/chart/node_modules/rolldown/dist/experimental-index.d.mts,13218,2026-09-29T18:21:46+03:30
apps/chart/node_modules/rolldown/dist/experimental-index.mjs,13981,2026-09-29T18:21:46+03:30
apps/chart/node_modules/rolldown/dist/experimental-runtime-base.mjs,3445,2026-09-29T18:21:46+03:30
apps/chart/node_modules/rolldown/dist/experimental-runtime-types.d.ts,5773,2026-09-29T18:21:46+03:30
apps/chart/node_modules/rolldown/dist/experimental-runtime.d.ts,5773,2026-09-29T18:21:46+03:30
apps/chart/node_modules/rolldown/dist/experimental-runtime.mjs,7561,2026-09-29T18:21:46+03:30
apps/chart/node_modules/rolldown/dist/filter-index.d.mts,6817,2026-09-29T18:21:46+03:30
apps/chart/node_modules/rolldown/dist/filter-index.mjs,11189,2026-09-29T18:21:46+03:30
apps/chart/node_modules/rolldown/dist/get-log-filter.d.mts,257,2026-09-29T18:21:46+03:30
apps/chart/node_modules/rolldown/dist/get-log-filter.mjs,2037,2026-09-29T18:21:46+03:30
apps/chart/node_modules/rolldown/dist/index.d.mts,5240,2026-09-29T18:21:46+03:30
apps/chart/node_modules/rolldown/dist/index.mjs,1642,2026-09-29T18:21:46+03:30
apps/chart/node_modules/rolldown/dist/parallel-plugin-worker.d.mts,9,2026-09-29T18:21:46+03:30
apps/chart/node_modules/rolldown/dist/parallel-plugin-worker.mjs,1113,2026-09-29T18:21:46+03:30
apps/chart/node_modules/rolldown/dist/parallel-plugin.d.mts,609,2026-09-29T18:21:46+03:30
apps/chart/node_modules/rolldown/dist/parallel-plugin.mjs,187,2026-09-29T18:21:46+03:30
apps/chart/node_modules/rolldown/dist/parse-ast-index.d.mts,1106,2026-09-29T18:21:46+03:30
apps/chart/node_modules/rolldown/dist/parse-ast-index.mjs,2148,2026-09-29T18:21:46+03:30
apps/chart/node_modules/rolldown/dist/plugins-index.d.mts,1000,2026-09-29T18:21:46+03:30
apps/chart/node_modules/rolldown/dist/plugins-index.mjs,1082,2026-09-29T18:21:46+03:30
apps/chart/node_modules/rolldown/dist/shared/binding-CVtkJvyl.d.mts,65371,2026-09-29T18:21:46+03:30
apps/chart/node_modules/rolldown/dist/shared/binding-Zhafd14U.mjs,33593,2026-09-29T18:21:46+03:30
apps/chart/node_modules/rolldown/dist/shared/bindingify-input-options-C-Zsy1EG.mjs,85925,2026-09-29T18:21:46+03:30
apps/chart/node_modules/rolldown/dist/shared/constructors-CGzna3vk.d.mts,2921,2026-09-29T18:21:46+03:30
apps/chart/node_modules/rolldown/dist/shared/constructors-u6EEiG8n.mjs,2910,2026-09-29T18:21:46+03:30
apps/chart/node_modules/rolldown/dist/shared/create-bundler-option-wRiQzEJ3.mjs,151886,2026-09-29T18:21:46+03:30
apps/chart/node_modules/rolldown/dist/shared/define-config-Demdg3_4.mjs,130,2026-09-29T18:21:46+03:30
apps/chart/node_modules/rolldown/dist/shared/define-config-Dsp5YQR4.d.mts,151171,2026-09-29T18:21:46+03:30
apps/chart/node_modules/rolldown/dist/shared/dist-DKbukT1H.mjs,7739,2026-09-29T18:21:46+03:30
apps/chart/node_modules/rolldown/dist/shared/error-CVc7IgvG.mjs,2926,2026-09-29T18:21:46+03:30
apps/chart/node_modules/rolldown/dist/shared/get-log-filter-AjBknEEO.d.mts,886,2026-09-29T18:21:46+03:30
apps/chart/node_modules/rolldown/dist/shared/load-config-63nAW5KO.mjs,5241,2026-09-29T18:21:46+03:30
apps/chart/node_modules/rolldown/dist/shared/logging-xuHO4mAy.d.mts,1455,2026-09-29T18:21:46+03:30
apps/chart/node_modules/rolldown/dist/shared/logs-DmYCAKcW.mjs,6019,2026-09-29T18:21:46+03:30
apps/chart/node_modules/rolldown/dist/shared/misc-DOSKtd97.mjs,1108,2026-09-29T18:21:46+03:30
apps/chart/node_modules/rolldown/dist/shared/normalize-string-or-regex-BxRYnPRv.mjs,2131,2026-09-29T18:21:46+03:30
apps/chart/node_modules/rolldown/dist/shared/parse-DnWvq9XZ.mjs,2628,2026-09-29T18:21:46+03:30
apps/chart/node_modules/rolldown/dist/shared/prompt-CH6TK0bC.mjs,49939,2026-09-29T18:21:46+03:30
apps/chart/node_modules/rolldown/dist/shared/resolve-tsconfig-SPewz4V3.mjs,4731,2026-09-29T18:21:46+03:30
apps/chart/node_modules/rolldown/dist/shared/rolldown-DiYVDns9.mjs,5301,2026-09-29T18:21:46+03:30
apps/chart/node_modules/rolldown/dist/shared/transform-WmU_cI8e.d.mts,6048,2026-09-29T18:21:46+03:30
apps/chart/node_modules/rolldown/dist/shared/watch-BNCfUBmW.mjs,12019,2026-09-29T18:21:46+03:30
apps/chart/node_modules/rolldown/dist/utils-index.d.mts,24324,2026-09-29T18:21:46+03:30
apps/chart/node_modules/rolldown/dist/utils-index.mjs,70392,2026-09-29T18:21:46+03:30
apps/chart/node_modules/rolldown/LICENSE,1302,2026-09-29T18:21:46+03:30
apps/chart/node_modules/rolldown/package.json,6043,2026-09-29T18:21:46+03:30
apps/chart/node_modules/rolldown/README.md,665,2026-09-29T18:21:46+03:30
apps/chart/node_modules/rolldown/THIRD-PARTY-LICENSE,2209,2026-09-29T18:21:46+03:30
apps/chart/node_modules/source-map-js/lib/array-set.js,3197,2026-09-29T18:21:46+03:30
apps/chart/node_modules/source-map-js/lib/base64-vlq.js,4714,2026-09-29T18:21:46+03:30
apps/chart/node_modules/source-map-js/lib/base64.js,1540,2026-09-29T18:21:46+03:30
apps/chart/node_modules/source-map-js/lib/binary-search.js,4249,2026-09-29T18:21:46+03:30
apps/chart/node_modules/source-map-js/lib/mapping-list.js,2339,2026-09-29T18:21:46+03:30
apps/chart/node_modules/source-map-js/lib/quick-sort.js,4068,2026-09-29T18:21:46+03:30
apps/chart/node_modules/source-map-js/lib/source-map-consumer.d.ts,40,2026-09-29T18:21:46+03:30
apps/chart/node_modules/source-map-js/lib/source-map-consumer.js,41580,2026-09-29T18:21:46+03:30
apps/chart/node_modules/source-map-js/lib/source-map-generator.d.ts,41,2026-09-29T18:21:46+03:30
apps/chart/node_modules/source-map-js/lib/source-map-generator.js,14933,2026-09-29T18:21:46+03:30
apps/chart/node_modules/source-map-js/lib/source-node.d.ts,33,2026-09-29T18:21:46+03:30
apps/chart/node_modules/source-map-js/lib/source-node.js,13808,2026-09-29T18:21:46+03:30
apps/chart/node_modules/source-map-js/lib/util.js,15403,2026-09-29T18:21:46+03:30
apps/chart/node_modules/source-map-js/LICENSE,1526,2026-09-29T18:21:46+03:30
apps/chart/node_modules/source-map-js/package.json,2548,2026-09-29T18:21:46+03:30
apps/chart/node_modules/source-map-js/README.md,26040,2026-09-29T18:21:46+03:30
apps/chart/node_modules/source-map-js/source-map.d.ts,3408,2026-09-29T18:21:46+03:30
apps/chart/node_modules/source-map-js/source-map.js,405,2026-09-29T18:21:46+03:30
apps/chart/node_modules/tinyglobby/dist/index.cjs,13706,2026-09-29T18:21:46+03:30
apps/chart/node_modules/tinyglobby/dist/index.d.cts,4688,2026-09-29T18:21:46+03:30
apps/chart/node_modules/tinyglobby/dist/index.d.mts,4688,2026-09-29T18:21:46+03:30
apps/chart/node_modules/tinyglobby/dist/index.mjs,12438,2026-09-29T18:21:46+03:30
apps/chart/node_modules/tinyglobby/LICENSE,1076,2026-09-29T18:21:46+03:30
apps/chart/node_modules/tinyglobby/package.json,1761,2026-09-29T18:21:46+03:30
apps/chart/node_modules/tinyglobby/README.md,931,2026-09-29T18:21:46+03:30
apps/chart/node_modules/vite/bin/openChrome.js,1839,2026-09-29T18:21:46+03:30
apps/chart/node_modules/vite/bin/vite.js,2574,2026-09-29T18:21:46+03:30
apps/chart/node_modules/vite/client.d.ts,5231,2026-09-29T18:21:46+03:30
apps/chart/node_modules/vite/dist/client/bundledDevClient.mjs,55193,2026-09-29T18:21:46+03:30
apps/chart/node_modules/vite/dist/client/client.mjs,38514,2026-09-29T18:21:46+03:30
apps/chart/node_modules/vite/dist/client/env.mjs,612,2026-09-29T18:21:46+03:30
apps/chart/node_modules/vite/dist/node/chunks/build.js,205664,2026-09-29T18:21:46+03:30
apps/chart/node_modules/vite/dist/node/chunks/dist.js,246598,2026-09-29T18:21:46+03:30
apps/chart/node_modules/vite/dist/node/chunks/lib.js,11710,2026-09-29T18:21:46+03:30
apps/chart/node_modules/vite/dist/node/chunks/moduleRunnerTransport.d.ts,3088,2026-09-29T18:21:46+03:30
apps/chart/node_modules/vite/dist/node/chunks/node.js,1352087,2026-09-29T18:21:46+03:30
apps/chart/node_modules/vite/dist/node/chunks/postcss-import.js,18432,2026-09-29T18:21:46+03:30
apps/chart/node_modules/vite/dist/node/cli.js,29852,2026-09-29T18:21:46+03:30
apps/chart/node_modules/vite/dist/node/index.d.ts,165420,2026-09-29T18:21:46+03:30
apps/chart/node_modules/vite/dist/node/index.js,2670,2026-09-29T18:21:46+03:30
apps/chart/node_modules/vite/dist/node/internal.d.ts,137,2026-09-29T18:21:46+03:30
apps/chart/node_modules/vite/dist/node/internal.js,138,2026-09-29T18:21:46+03:30
apps/chart/node_modules/vite/dist/node/module-runner.d.ts,11507,2026-09-29T18:21:46+03:30
apps/chart/node_modules/vite/dist/node/module-runner.js,54444,2026-09-29T18:21:46+03:30
apps/chart/node_modules/vite/LICENSE.md,112425,2026-09-29T18:21:46+03:30
apps/chart/node_modules/vite/misc/false.js,21,2026-09-29T18:21:46+03:30
apps/chart/node_modules/vite/misc/true.js,20,2026-09-29T18:21:46+03:30
apps/chart/node_modules/vite/package.json,5083,2026-09-29T18:21:46+03:30
apps/chart/node_modules/vite/README.md,1179,2026-09-29T18:21:46+03:30
apps/chart/node_modules/vite/types/customEvent.d.ts,2028,2026-09-29T18:21:46+03:30
apps/chart/node_modules/vite/types/hmrPayload.d.ts,1790,2026-09-29T18:21:46+03:30
apps/chart/node_modules/vite/types/hot.d.ts,1063,2026-09-29T18:21:46+03:30
apps/chart/node_modules/vite/types/import-meta.d.ts,249,2026-09-29T18:21:46+03:30
apps/chart/node_modules/vite/types/importGlob.d.ts,3477,2026-09-29T18:21:46+03:30
apps/chart/node_modules/vite/types/importMeta.d.ts,884,2026-09-29T18:21:46+03:30
apps/chart/node_modules/vite/types/internal/cssPreprocessorOptions.d.ts,1420,2026-09-29T18:21:46+03:30
apps/chart/node_modules/vite/types/internal/esbuildOptions.d.ts,672,2026-09-29T18:21:46+03:30
apps/chart/node_modules/vite/types/internal/lightningcssOptions.d.ts,520,2026-09-29T18:21:46+03:30
apps/chart/node_modules/vite/types/internal/rollupTypeCompat.d.ts,791,2026-09-29T18:21:46+03:30
apps/chart/node_modules/vite/types/internal/terserOptions.d.ts,384,2026-09-29T18:21:46+03:30
apps/chart/node_modules/vite/types/metadata.d.ts,1133,2026-09-29T18:21:46+03:30
apps/chart/package-lock.json,25976,2026-09-13T10:37:30+03:30
apps/chart/package.json,511,2026-09-29T17:58:02+03:30
apps/chart/review.html,491,2026-09-13T16:40:45+03:30
apps/chart/scripts/dev-server.mjs,844,2026-09-13T10:36:01+03:30
apps/chart/server/candle-file-response.js,1071,2026-09-22T15:11:36+03:30
apps/chart/server/chart-transfer.js,4413,2026-09-20T01:02:15+03:30
apps/chart/server/faraz-candle-api.js,81976,2026-09-29T13:26:05+03:30
apps/chart/server/indicator-range-input.js,4248,2026-09-21T03:04:57+03:30
apps/chart/server/local-state-paths.js,1443,2026-09-29T17:59:31+03:30
apps/chart/server/migrate-raw-resources.js,2888,2026-09-15T09:51:22+03:30
apps/chart/server/raw-integrity.js,1077,2026-09-15T09:40:47+03:30
apps/chart/server/raw-resource-store.js,17253,2026-09-22T15:12:45+03:30
apps/chart/src/algorithm/content/bridge-content.js,36856,2026-09-13T23:40:10+03:30
apps/chart/src/algorithm/content/calculation-guides.js,39718,2026-09-13T10:33:50+03:30
apps/chart/src/algorithm/content/content.js,67793,2026-09-13T23:41:28+03:30
apps/chart/src/algorithm/content/glossary.js,25247,2026-09-13T23:40:10+03:30
apps/chart/src/algorithm/content/i18n.js,21472,2026-09-13T10:33:50+03:30
apps/chart/src/algorithm/content/module-summaries.js,29205,2026-09-13T23:41:28+03:30
apps/chart/src/algorithm/content/object-catalog.js,20672,2026-09-13T10:33:50+03:30
apps/chart/src/algorithm/content/type-module-summaries.js,34344,2026-09-13T23:41:28+03:30
apps/chart/src/algorithm/mirror.js,8445,2026-09-11T16:50:21+03:30
apps/chart/src/algorithm/page.js,71653,2026-09-13T23:41:28+03:30
apps/chart/src/algorithm/styles.css,44852,2026-09-13T16:31:52+03:30
apps/chart/src/chart/drawing-coordinates.js,264,2026-09-13T22:52:16+03:30
apps/chart/src/chart/indicator-range.js,1523,2026-09-19T14:53:03+03:30
apps/chart/src/chart/lod.js,1635,2026-09-01T07:59:21+03:30
apps/chart/src/chart/progress.js,854,2026-09-01T04:08:07+03:30
apps/chart/src/chart/state.js,1153,2026-08-30T19:21:49+03:30
apps/chart/src/chart/view-transform.js,3003,2026-09-13T21:29:22+03:30
apps/chart/src/chart/zoom-config.js,492,2026-09-13T22:29:55+03:30
apps/chart/src/drawings/drawing-math.js,1490,2026-09-19T15:06:45+03:30
apps/chart/src/drawings/drawing.css,3421,2026-09-01T07:21:44+03:30
apps/chart/src/drawings/object-tree.css,9806,2026-09-13T21:30:35+03:30
apps/chart/src/features/candle-export.js,51422,2026-09-22T15:13:46+03:30
apps/chart/src/features/candle-update.js,14153,2026-09-16T00:50:17+03:30
apps/chart/src/features/faraz-symbol.js,771,2026-09-16T01:12:23+03:30
apps/chart/src/features/indicator-cache.js,6190,2026-09-15T10:06:31+03:30
apps/chart/src/features/indicator-calculation-request.js,343,2026-09-21T02:50:46+03:30
apps/chart/src/features/indicator-lifecycle.js,589,2026-09-15T09:34:43+03:30
apps/chart/src/features/manual-review/entry.js,1426,2026-09-13T16:40:45+03:30
apps/chart/src/features/manual-review/render.js,63485,2026-09-23T21:37:45+03:30
apps/chart/src/features/manual-review/review.css,32917,2026-09-19T23:13:43+03:30
apps/chart/src/features/manual-review/tab.js,448,2026-09-13T10:32:10+03:30
apps/chart/src/features/raw-file-contract.js,2839,2026-09-16T00:48:09+03:30
apps/chart/src/features/raw-inventory.js,2013,2026-09-19T15:33:22+03:30
apps/chart/src/features/screenshot-overlay.js,1119,2026-09-15T09:41:41+03:30
apps/chart/src/features/workspace-session.js,1572,2026-09-22T15:11:36+03:30
apps/chart/src/main.js,352592,2026-09-22T15:13:46+03:30
apps/chart/src/platform/browser-compat.js,1150,2026-09-06T08:35:17+03:30
apps/chart/src/styles/app.css,65413,2026-09-20T00:41:04+03:30
apps/chart/src/styles/candle-export.css,24535,2026-09-19T18:47:58+03:30
apps/chart/src/styles/qg-modern.css,1231,2026-09-13T16:44:02+03:30
apps/chart/src/styles/tokens.css,6532,2026-09-13T22:29:56+03:30
apps/chart/src/ui/chart-identity.js,573,2026-09-19T19:15:40+03:30
apps/chart/src/ui/feedback.js,2881,2026-09-15T09:36:55+03:30
apps/chart/src/ui/icons.js,4096,2026-09-20T00:41:04+03:30
apps/chart/src/ui/log-window.js,689,2026-09-13T16:43:41+03:30
apps/chart/src/ui/popover.js,1466,2026-09-13T22:20:55+03:30
apps/chart/src/ui/symbol-format.js,1189,2026-09-15T21:07:21+03:30
apps/chart/src/ui/workspace-state.js,1775,2026-09-13T16:24:54+03:30
apps/chart/state/cache/drawings/.gitkeep,1,2026-09-01T06:35:58+03:30
apps/chart/state/cache/drawings/FOREXCOM-XAUUSD/RAW-FOREXCOM_XAUUSD-1S-FROM-2026-08-18-04-44-40-TO-2026-09-03-00-29-39--1238cae0203672c1.json,52752,2026-09-06T00:21:37+03:30
apps/chart/state/cache/drawings/FOREXCOM-XAUUSD/RAW-FOREXCOM_XAUUSD-1S-FROM-2026-08-18-04-44-40-TO-2026-09-05-00-29-39--f5638c6a219922ab.json,51748,2026-09-07T16:16:49+03:30
apps/chart/state/cache/drawings/FOREXCOM-XAUUSD/RAW-FOREXCOM_XAUUSD-1S-FROM-2026-08-18-04-44-40-TO-2026-09-07-16-27-44--4f200d2252b5a292.json,1381,2026-09-07T19:07:20+03:30
apps/chart/state/cache/drawings/FOREXCOM-XAUUSD/RAW-FOREXCOM_XAUUSD-1S-FROM-2026-08-18-04-44-40-TO-2026-09-07-21-59-58--66d9ed634a922075.json,668,2026-09-09T17:27:22+03:30
apps/chart/state/cache/drawings/FOREXCOM-XAUUSD/RAW-FOREXCOM_XAUUSD-1S-FROM-2026-09-02-07-16-40-TO-2026-09-03-18-59-27--6aa7b8ec9e924b05.json,2,2026-09-03T19:05:24+03:30
apps/chart/state/cache/drawings/FOREXCOM-XAUUSD/RAW-FOREXCOM_XAUUSD-1S-FROM-2026-09-02-07-16-40-TO-2026-09-05-00-29-39--df8e08aad9ab57d2.json,2,2026-09-05T09:22:07+03:30
apps/chart/state/cache/drawings/FOREXCOM-XAUUSD/RAW-FOREXCOM_XAUUSD-1S-FROM-2026-09-02-20-30-40-TO-2026-09-04-04-35-59--91837763e3fad922.json,14195,2026-09-04T07:28:51+03:30
apps/chart/state/cache/drawings/FOREXCOM-XAUUSD/RAW-FOREXCOM_XAUUSD-1S-FROM-2026-09-02-20-30-40-TO-2026-09-04-08-28-28--cb4c737c50108b1c.json,2,2026-09-04T08:29:34+03:30
apps/chart/state/cache/drawings/FOREXCOM-XAUUSD/RAW-FOREXCOM_XAUUSD-1S-FROM-2026-09-02-20-30-40-TO-2026-09-04-09-09-43--1f9792c891d4988a.json,2,2026-09-04T09:17:19+03:30
apps/chart/state/cache/drawings/FOREXCOM-XAUUSD/RAW-FOREXCOM_XAUUSD-1S-FROM-2026-09-03-19-05-40-TO-2026-09-04-04-35-59--ef96d876e95ecc3b.json,28542,2026-09-04T04:45:58+03:30
apps/chart/state/cache/drawings/FOREXCOM-XAUUSD/RAW-FOREXCOM_XAUUSD-1S-FROM-2026-09-03-19-05-40-TO-2026-09-08-03-05-16--d9790c450f3d9351.json,1319,2026-09-08T03:13:04+03:30
apps/chart/state/cache/drawings/FOREXCOM-XAUUSD/RAW-FOREXCOM_XAUUSD-1S-FROM-2026-09-03-19-05-40-TO-2026-09-08-03-18-28--d97e2cae12c18ce6.json,639,2026-09-14T15:14:34+03:30
apps/chart/state/cache/drawings/FOREXCOM-XAUUSD/RAW-FOREXCOM_XAUUSD-1S-FROM-2026-09-03-19-05-40-TO-2026-09-14-15-45-26--2b324fd027742dd7.json,1237,2026-09-15T08:32:17+03:30
apps/chart/state/cache/drawings/FOREXCOM-XAUUSD/RAW-FOREXCOM_XAUUSD-1S-FROM-2026-09-04-16-48-10-TO-2026-09-08-02-49-33--395f9be07f4352ae.json,1319,2026-09-09T13:45:59+03:30
apps/chart/state/cache/drawings/FXCM-USOIL/RAW-FXCM_USOIL-1S-FROM-2026-09-03-13-46-40-TO-2026-09-04-03-45-05--aa0a9fdd66e0b585.json,1288,2026-09-04T03:53:30+03:30
apps/chart/state/cache/drawings/FXCM-USOIL/RAW-FXCM_USOIL-1S-FROM-2026-09-04-17-41-10-TO-2026-09-08-03-28-24--f66e0264c171fb7f.json,2016,2026-09-08T03:39:15+03:30
apps/chart/state/cache/drawings/FXCM-USOIL/RAW-FXCM_USOIL-1S-FROM-2026-09-04-17-41-10-TO-2026-09-08-03-40-02--a997ade23e205b75.json,680,2026-09-09T18:54:58+03:30
apps/chart/state/cache/drawings/FXCM-USOIL/RAW-FXCM_USOIL-5S-FROM-2026-08-26-14-09-20-TO-2026-09-09-23-57-45--f5d63b4bed194bc9.json,3990,2026-09-10T01:18:48+03:30
apps/chart/state/cache/drawings/FXCM-USOIL/RAW-FXCM_USOIL-5S-FROM-2026-08-27-02-00-00-TO-2026-09-02-20-38-00--afb89b57681cae54.json,2,2026-09-02T21:28:32+03:30
apps/chart/state/cache/drawings/FXCM-USOIL/RAW-FXCM_USOIL-5S-FROM-2026-09-08-07-23-20-TO-2026-09-12-00-14-55--a233e0bcded08a8f.json,12108,2026-09-12T05:02:01+03:30
apps/chart/state/cache/drawings/FXCM-USOIL/RAW-FXCM_USOIL-5S-FROM-2026-09-08-21-59-20-TO-2026-09-10-00-29-55--ee34ecf89aa449f9.json,4822,2026-09-10T03:40:03+03:30
apps/chart/state/cache/drawings/FXCM-USOIL/RAW-FXCM_USOIL-5S-FROM-2026-09-11-02-53-30-TO-2026-09-12-00-14-55--3c82c61a37636bb9.json,673,2026-09-14T14:29:08+03:30
apps/chart/state/cache/drawings/FXCM-USOIL/RAW-FXCM_USOIL-5S-FROM-2026-09-11-02-53-30-TO-2026-09-14-16-05-05--8747a645c2f9988f.json,2,2026-09-15T06:43:04+03:30
apps/chart/state/cache/drawings/FXCM-USOIL/RAW-FXCM_USOIL-5S-FROM-2026-09-11-02-53-30-TO-2026-09-15-06-44-00--c3b7f5dc6ea06669.json,655,2026-09-15T06:55:38+03:30
apps/chart/state/cache/drawings/RAW-FOREXCOM/RAW_FOREXCOM_XAUUSD_30S_FROM_2026_08_25_12_04_30_TO_2026_09_01_22--07b806212e54355a.json,2,2026-09-01T23:41:02+03:30
apps/chart/state/cache/drawings/USOIL/chart-2b7323f469c41534.json,2050,2026-09-29T11:46:08+03:30
apps/chart/state/cache/drawings/USOIL/chart-372904e2766e9f32.json,2631,2026-09-24T01:24:28+03:30
apps/chart/state/cache/drawings/USOIL/chart-48b381fa86baaa25.json,684,2026-09-20T05:08:20+03:30
apps/chart/state/cache/drawings/USOIL/chart-c10d386ff197bca7.json,1315,2026-09-29T11:33:37+03:30
apps/chart/state/cache/drawings/USOIL/RAW-FARAZ_FXCM_USOIL-5S-FROM-1789082610-TO-1789442040--0d16c4eaf3ccb5d3.json,683,2026-09-15T10:15:56+03:30
apps/chart/state/cache/drawings/XAUUSD/chart-18e2683422883f92.json,683,2026-09-20T00:29:26+03:30
apps/chart/state/cache/drawings/XAUUSD/chart-1bb085bb0d404610.json,1963,2026-09-20T03:30:37+03:30
apps/chart/state/cache/drawings/XAUUSD/chart-5733c3db1c1d1180.json,7351,2026-09-28T05:37:46+03:30
apps/chart/state/cache/drawings/XAUUSD/chart-5f638fec65138f5d.json,23211,2026-09-20T01:17:03+03:30
apps/chart/state/cache/drawings/XAUUSD/chart-8bf7f4ca24a60c28.json,683,2026-09-20T00:29:26+03:30
apps/chart/state/cache/drawings/XAUUSD/chart-8c8927720def6abe.json,13837,2026-09-20T01:14:39+03:30
apps/chart/state/cache/drawings/XAUUSD/chart-b7d7f898c11cbf6e.json,681,2026-09-28T09:35:43+03:30
apps/chart/state/cache/drawings/XAUUSD/chart-cb5bec23b0561fd0.json,683,2026-09-20T00:29:26+03:30
apps/chart/state/cache/drawings/XAUUSD/chart-cef495ec7a341f0e.json,2669,2026-09-20T08:26:57+03:30
apps/chart/state/cache/drawings/XAUUSD/chart-fa04d41be36c5a8e.json,683,2026-09-20T00:29:26+03:30
apps/chart/state/cache/drawings/XAUUSD/RAW-FARAZ_FOREXCOM_XAUUSD-1S-FROM-1788449740-TO-1789388126--36996c536ed16e20.json,8134,2026-09-16T00:46:55+03:30
apps/chart/state/cache/indicator-calculations/.gitkeep,0,2026-09-28T05:29:38+03:30
apps/chart/state/cache/indicator-calculations/USOIL/30s/bearish/1790018670-1790190600--017d6dabe3f7eed9.json,758673,2026-09-28T05:29:44+03:30
apps/chart/state/cache/indicator-calculations/USOIL/30s/bearish/1790018670-1790190600--017d6dabe3f7eed9.json.info.json,336,2026-09-28T05:29:44+03:30
apps/chart/state/cache/indicator-calculations/USOIL/30s/bearish/1790593380-1790669760--61d97ae8221d1e7a.json,326796,2026-09-29T11:49:13+03:30
apps/chart/state/cache/indicator-calculations/USOIL/30s/bearish/1790593380-1790669760--61d97ae8221d1e7a.json.info.json,336,2026-09-29T11:49:13+03:30
apps/chart/state/cache/indicator-calculations/USOIL/30s/bullish/1790018670-1790666490--dc914f2f03a514cb.json,1816802,2026-09-29T18:36:30+03:30
apps/chart/state/cache/indicator-calculations/USOIL/30s/bullish/1790018670-1790666490--dc914f2f03a514cb.json.info.json,336,2026-09-29T18:36:30+03:30
apps/chart/state/cache/indicator-calculations/USOIL/30s/bullish/1790139360-1790666430--2196bee779a7813a.json,1373925,2026-09-29T11:37:14+03:30
apps/chart/state/cache/indicator-calculations/USOIL/30s/bullish/1790139360-1790666430--2196bee779a7813a.json.info.json,336,2026-09-29T11:37:14+03:30
apps/chart/state/cache/indicator-calculations/USOIL/30s/bullish/1790139360-1790666490--3681a54eb8fbaee3.json,1387475,2026-09-29T11:21:05+03:30
apps/chart/state/cache/indicator-calculations/USOIL/30s/bullish/1790139360-1790666490--3681a54eb8fbaee3.json.info.json,336,2026-09-29T11:21:05+03:30
apps/chart/state/cache/indicator-calculations/USOIL/30s/bullish/1790615520-1790669760--4cd72e24bcd790e9.json,223016,2026-09-29T11:46:56+03:30
apps/chart/state/cache/indicator-calculations/USOIL/30s/bullish/1790615520-1790669760--4cd72e24bcd790e9.json.info.json,336,2026-09-29T11:46:56+03:30
apps/chart/state/cache/indicator-calculations/XAUUSD/30s/bearish/1787617410-1790173860--e3f91446c52dd0a8.json,8539085,2026-09-28T05:33:57+03:30
apps/chart/state/cache/indicator-calculations/XAUUSD/30s/bearish/1787617410-1790173860--e3f91446c52dd0a8.json.info.json,348,2026-09-28T05:33:57+03:30
apps/chart/state/cache/indicator-calculations/XAUUSD/30s/bearish/1788449730-1788824880--e560c2382dfa8348.json,845231,2026-09-28T09:24:04+03:30
apps/chart/state/cache/indicator-calculations/XAUUSD/30s/bearish/1788449730-1788824880--e560c2382dfa8348.json.info.json,348,2026-09-28T09:24:04+03:30
apps/chart/state/cache/indicator-calculations/XAUUSD/30s/bearish/1788535110-1788824880--24369254ad3cb4b6.json,498721,2026-09-28T09:22:30+03:30
apps/chart/state/cache/indicator-calculations/XAUUSD/30s/bearish/1788535110-1788824880--24369254ad3cb4b6.json.info.json,348,2026-09-28T09:22:30+03:30
apps/chart/state/cache/indicator-calculations/XAUUSD/30s/bearish/1788535200-1788824880--c69291f2f8c1471d.json,498714,2026-09-28T09:14:05+03:30
apps/chart/state/cache/indicator-calculations/XAUUSD/30s/bearish/1788535200-1788824880--c69291f2f8c1471d.json.info.json,348,2026-09-28T09:14:05+03:30
apps/chart/state/cache/indicator-calculations/XAUUSD/30s/bullish/1788527880-1788824880--2c1c4e67855561da.json,474841,2026-09-28T09:00:05+03:30
apps/chart/state/cache/indicator-calculations/XAUUSD/30s/bullish/1788527880-1788824880--2c1c4e67855561da.json.info.json,348,2026-09-28T09:00:05+03:30
apps/chart/state/cache/indicator-calculations/XAUUSD/30s/bullish/1790062200-1790670300--ce6e8d63be22191f.json,2063929,2026-09-29T13:53:52+03:30
apps/chart/state/cache/indicator-calculations/XAUUSD/30s/bullish/1790062200-1790670300--ce6e8d63be22191f.json.info.json,348,2026-09-29T13:53:52+03:30
apps/chart/state/cache/indicator-calculations/XAUUSD/30s/bullish/1790607420-1790670300--77de0ccd84b1ca6a.json,248052,2026-09-29T11:56:17+03:30
apps/chart/state/cache/indicator-calculations/XAUUSD/30s/bullish/1790607420-1790670300--77de0ccd84b1ca6a.json.info.json,348,2026-09-29T11:56:17+03:30
apps/chart/state/cache/indicator-templates/templates.json,2,2026-09-05T12:44:45+03:30
apps/chart/state/data/raw/.gitkeep,71,2026-08-20T18:55:25+03:30
apps/chart/state/data/raw/FOREXCOM/XAUUSD/RAW FARAZ_FOREXCOM_XAUUSD 1S FROM 1788449740 TO 1789388126.json,50789635,2026-09-20T03:49:19+03:30
apps/chart/state/data/raw/FOREXCOM/XAUUSD/RAW FOREXCOM_XAUUSD 1S FROM 2026-09-03 19-05-40 TO 2026-09-08 03-18-28.json,13189547,2026-09-20T03:49:04+03:30
apps/chart/state/data/raw/FOREXCOM/XAUUSD/RAW FOREXCOM_XAUUSD 1S FROM 2026-09-03 19-05-40 TO 2026-09-08 03-18-28.json.meta.json,654,2026-09-20T03:50:50+03:30
apps/chart/state/data/raw/FOREXCOM/XAUUSD/RAW FOREXCOM_XAUUSD 5S FROM 2026-08-25 03-53-30 TO 2026-09-23 18-01-15.json,28991710,2026-09-23T18:01:58+03:30
apps/chart/state/data/raw/FOREXCOM/XAUUSD/RAW FOREXCOM_XAUUSD 5S FROM 2026-08-25 03-53-30 TO 2026-09-23 18-01-15.json.meta.json,351497,2026-09-23T18:02:05+03:30
apps/chart/state/data/raw/FOREXCOM/XAUUSD/RAW FOREXCOM_XAUUSD 5S FROM 2026-09-03 18-44-00 TO 2026-09-19 00-29-35.json,15018536,2026-09-20T01:46:42+03:30
apps/chart/state/data/raw/FOREXCOM/XAUUSD/RAW FOREXCOM_XAUUSD 5S FROM 2026-09-03 18-44-00 TO 2026-09-19 00-29-35.json.meta.json,654,2026-09-20T03:50:51+03:30
apps/chart/state/data/raw/FOREXCOM/XAUUSD/RAW FOREXCOM_XAUUSD 5S FROM 2026-09-16 22-35-00 TO 2026-09-17 19-15-35.json,1156527,2026-09-20T03:48:36+03:30
apps/chart/state/data/raw/FOREXCOM/XAUUSD/RAW FOREXCOM_XAUUSD 5S FROM 2026-09-16 22-35-00 TO 2026-09-17 19-15-35.json.meta.json,651,2026-09-20T03:50:51+03:30
apps/chart/state/data/raw/FOREXCOM/XAUUSD/RAW FOREXCOM_XAUUSD 5S FROM 2026-09-22 11-00-00 TO 2026-09-29 11-55-05.json,6796540,2026-09-29T11:55:22+03:30
apps/chart/state/data/raw/FOREXCOM/XAUUSD/RAW FOREXCOM_XAUUSD 5S FROM 2026-09-22 11-00-00 TO 2026-09-29 11-55-05.json.meta.json,742,2026-09-29T11:55:23+03:30
apps/chart/state/data/raw/FXCM/USOIL/RAW FXCM_USOIL 5S FROM 2026-08-21 04-00-00 TO 2026-09-29 11-46-20.json,31354877,2026-09-29T11:46:33+03:30
apps/chart/state/data/raw/FXCM/USOIL/RAW FXCM_USOIL 5S FROM 2026-08-21 04-00-00 TO 2026-09-29 11-46-20.json.meta.json,735,2026-09-29T11:46:34+03:30
apps/chart/state/data/raw/FXCM/USOIL/RAW FXCM_USOIL 5S FROM 2026-09-11 02-53-30 TO 2026-09-15 11-03-45.json,2941746,2026-09-20T03:48:45+03:30
apps/chart/state/data/raw/FXCM/USOIL/RAW FXCM_USOIL 5S FROM 2026-09-11 02-53-30 TO 2026-09-15 11-03-45.json.meta.json,641,2026-09-20T03:50:51+03:30
apps/chart/state/data/raw/FXCM/USOIL/RAW FXCM_USOIL 5S FROM 2026-09-21 22-50-00 TO 2026-09-24 00-26-20.json,2368419,2026-09-24T00:26:35+03:30
apps/chart/state/data/raw/FXCM/USOIL/RAW FXCM_USOIL 5S FROM 2026-09-21 22-50-00 TO 2026-09-24 00-26-20.json.meta.json,732,2026-09-24T00:26:35+03:30
apps/chart/state/data/raw/FXCM/USOIL/RAW FXCM_USOIL 5S FROM 2026-09-21 22-54-30 TO 2026-09-29 10-51-55.json,6277323,2026-09-29T10:52:13+03:30
apps/chart/state/data/raw/FXCM/USOIL/RAW FXCM_USOIL 5S FROM 2026-09-21 22-54-30 TO 2026-09-29 10-51-55.json.meta.json,641,2026-09-29T10:52:23+03:30
apps/chart/state/secret/faraz-session.dpapi.json,4428,2026-09-15T09:42:03+03:30
apps/chart/tests/unit/candle-export-log.test.mjs,1097,2026-09-29T17:58:02+03:30
apps/chart/tests/unit/candle-file-response.test.mjs,1613,2026-09-29T17:58:02+03:30
apps/chart/tests/unit/candle-update.test.mjs,6572,2026-09-29T17:58:02+03:30
apps/chart/tests/unit/chart-transfer.test.mjs,4226,2026-09-29T17:58:02+03:30
apps/chart/tests/unit/chart-update-contract.test.mjs,4383,2026-09-29T17:58:02+03:30
apps/chart/tests/unit/drawing-coordinates.test.mjs,521,2026-09-29T17:58:02+03:30
apps/chart/tests/unit/drawing-tools.test.mjs,861,2026-09-29T17:58:02+03:30
apps/chart/tests/unit/faraz-candle-api.test.mjs,48814,2026-09-29T17:58:02+03:30
apps/chart/tests/unit/faraz-symbol.test.mjs,704,2026-09-29T17:58:02+03:30
apps/chart/tests/unit/feedback.test.mjs,4462,2026-09-29T17:58:02+03:30
apps/chart/tests/unit/indicator-cache.test.mjs,1977,2026-09-29T17:58:02+03:30
apps/chart/tests/unit/indicator-calculation-request.test.mjs,783,2026-09-29T17:58:02+03:30
apps/chart/tests/unit/indicator-lifecycle.test.mjs,1257,2026-09-29T17:58:02+03:30
apps/chart/tests/unit/indicator-range-input.test.mjs,7384,2026-09-29T18:02:14+03:30
apps/chart/tests/unit/indicator-range.test.mjs,940,2026-09-29T17:58:02+03:30
apps/chart/tests/unit/local-state-paths.test.mjs,2879,2026-09-29T17:58:31+03:30
apps/chart/tests/unit/manual-review.test.mjs,11394,2026-09-29T17:58:02+03:30
apps/chart/tests/unit/popover.test.mjs,1998,2026-09-29T17:58:02+03:30
apps/chart/tests/unit/raw-cut.test.mjs,3525,2026-09-29T17:58:02+03:30
apps/chart/tests/unit/raw-file-contract.test.mjs,1053,2026-09-29T17:58:02+03:30
apps/chart/tests/unit/raw-integrity.test.mjs,1072,2026-09-29T17:58:02+03:30
apps/chart/tests/unit/raw-inventory.test.mjs,4998,2026-09-29T17:58:02+03:30
apps/chart/tests/unit/raw-resource-store.test.mjs,12307,2026-09-29T17:58:02+03:30
apps/chart/tests/unit/screenshot-overlay.test.mjs,659,2026-09-29T17:58:02+03:30
apps/chart/tests/unit/symbol-format.test.mjs,1150,2026-09-29T17:58:02+03:30
apps/chart/tests/unit/view-transform.test.mjs,2447,2026-09-29T17:58:02+03:30
apps/chart/tests/unit/vite-state-policy.test.mjs,1018,2026-09-29T18:19:36+03:30
apps/chart/tests/unit/workspace-session.test.mjs,2526,2026-09-29T17:58:02+03:30
apps/chart/tests/unit/workspace-state.test.mjs,3480,2026-09-29T17:58:02+03:30
apps/chart/tests/unit/zoom-config.test.mjs,451,2026-09-29T17:58:02+03:30
apps/chart/vite.config.js,36607,2026-09-29T18:19:37+03:30
engine/__init__.py,0,2026-09-27T23:29:49+03:30
engine/algorithms/TradingBot_Bearish_Algorithm_Reference_V5.4.19_EX1_Source_Synchronized.md,569305,2026-09-28T23:02:59+03:30
engine/algorithms/TradingBot_Bullish_Algorithm_Reference_V5.4.19_EX1_Source_Synchronized.md,569275,2026-09-28T23:02:59+03:30
engine/bridge/__init__.py,64,2026-09-27T23:14:32+03:30
engine/bridge/trading_pipeline.py,107807,2026-09-27T23:17:33+03:30
engine/pipeline/__init__.py,348,2026-09-27T23:14:32+03:30
engine/pipeline/__pycache__/a_zone_detector.cpython-314.pyc,34222,2026-09-29T17:48:51+03:30
engine/pipeline/__pycache__/blue_line_detector.cpython-314.pyc,19261,2026-09-29T17:48:51+03:30
engine/pipeline/__pycache__/core_utils.cpython-314.pyc,1960,2026-09-29T17:48:50+03:30
engine/pipeline/__pycache__/direction_policy.cpython-314.pyc,4243,2026-09-29T17:48:51+03:30
engine/pipeline/__pycache__/e_zone_detector.cpython-314.pyc,55225,2026-09-29T17:48:51+03:30
engine/pipeline/__pycache__/lifecycle_engine.cpython-314.pyc,66244,2026-09-29T17:48:51+03:30
engine/pipeline/__pycache__/order_audit_engine.cpython-314.pyc,88605,2026-09-29T17:48:51+03:30
engine/pipeline/__pycache__/reaction_engine.cpython-314.pyc,110370,2026-09-29T17:48:51+03:30
engine/pipeline/__pycache__/s_zone_detector.cpython-314.pyc,64093,2026-09-29T17:48:51+03:30
engine/pipeline/a_zone_detector.py,31007,2026-09-24T03:20:53+03:30
engine/pipeline/blue_line_detector.py,15802,2026-09-24T03:20:53+03:30
engine/pipeline/core_utils.py,885,2026-09-24T03:20:52+03:30
engine/pipeline/direction_policy.py,2282,2026-09-24T03:20:52+03:30
engine/pipeline/e_zone_detector.py,44859,2026-09-28T23:02:12+03:30
engine/pipeline/lifecycle_engine.py,64325,2026-09-27T23:17:33+03:30
engine/pipeline/order_audit_engine.py,75219,2026-09-28T19:35:55+03:30
engine/pipeline/reaction_engine.py,103120,2026-09-24T03:20:52+03:30
engine/pipeline/s_zone_detector.py,60888,2026-09-27T23:17:33+03:30
engine/styles/reaction-detector.css,44704,2026-09-13T16:44:02+03:30
engine/tests/benchmarks/bench.py,4068,2026-09-23T22:02:08+03:30
engine/tests/benchmarks/generate_fixture.py,870,2026-09-23T22:00:17+03:30
engine/tests/regression/compare_order_regressions.py,4096,2026-09-27T22:52:18+03:30
engine/tests/regression/hpzr2_regression.py,8860,2026-09-23T22:48:26+03:30
engine/tests/regression/hpzr2_verify_saved.py,8489,2026-09-29T18:02:14+03:30
engine/tests/regression/order_regression.py,7937,2026-09-29T17:58:02+03:30
engine/tests/unit/test_order_audit_lifecycle_contracts.py,9244,2026-09-29T13:29:58+03:30
engine/tests/unit/test_order_b_reset_leg.py,9615,2026-09-29T13:29:58+03:30
engine/tests/verification/verify_order_b_raw.py,5197,2026-09-27T22:46:33+03:30
engine/tests/verification/verify_order_references.py,2294,2026-09-29T17:58:02+03:30
engineering/archive/docs/AGEN.md,108620,2026-09-23T08:11:38+03:30
engineering/archive/docs/Complete Project Engineering Audit.md,55560,2026-09-21T03:24:55+03:30
engineering/archive/docs/hpzr2-regression-2026-09-23/bridge-output/case-01.baseline.json.gz,70562,2026-09-23T22:21:55+03:30
engineering/archive/docs/hpzr2-regression-2026-09-23/bridge-output/case-01.candidate.json.gz,70563,2026-09-23T22:21:56+03:30
engineering/archive/docs/hpzr2-regression-2026-09-23/bridge-output/case-02.baseline.json.gz,173302,2026-09-23T22:22:06+03:30
engineering/archive/docs/hpzr2-regression-2026-09-23/bridge-output/case-02.candidate.json.gz,173303,2026-09-23T22:22:09+03:30
engineering/archive/docs/hpzr2-regression-2026-09-23/bridge-output/case-03.baseline.json.gz,262633,2026-09-23T22:22:44+03:30
engineering/archive/docs/hpzr2-regression-2026-09-23/bridge-output/case-03.candidate.json.gz,262634,2026-09-23T22:22:51+03:30
engineering/archive/docs/hpzr2-regression-2026-09-23/bridge-output/case-04.baseline.json.gz,166943,2026-09-23T22:23:47+03:30
engineering/archive/docs/hpzr2-regression-2026-09-23/bridge-output/case-04.candidate.json.gz,166944,2026-09-23T22:23:51+03:30
engineering/archive/docs/hpzr2-regression-2026-09-23/bridge-output/case-05.baseline.json.gz,847309,2026-09-23T22:31:06+03:30
engineering/archive/docs/hpzr2-regression-2026-09-23/bridge-output/case-05.candidate.json.gz,847310,2026-09-23T22:32:28+03:30
engineering/archive/docs/hpzr2-regression-2026-09-23/bridge-output/manifest.json,58437,2026-09-23T22:54:30+03:30
engineering/archive/docs/hpzr2-regression-2026-09-23/bridge-output-large/case-01.baseline.json.gz,1646393,2026-09-23T23:21:14+03:30
engineering/archive/docs/hpzr2-regression-2026-09-23/bridge-output-large/case-01.candidate.json.gz,1646394,2026-09-23T23:25:43+03:30
engineering/archive/docs/hpzr2-regression-2026-09-23/bridge-output-large/case-02.baseline.json.gz,608955,2026-09-23T23:43:16+03:30
engineering/archive/docs/hpzr2-regression-2026-09-23/bridge-output-large/case-02.candidate.json.gz,608956,2026-09-23T23:44:09+03:30
engineering/archive/docs/hpzr2-regression-2026-09-23/bridge-output-large/manifest.json,24901,2026-09-23T23:44:09+03:30
engineering/archive/docs/hpzr2-regression-2026-09-23/default/case-01.baseline.json.gz,40227,2026-09-23T22:12:52+03:30
engineering/archive/docs/hpzr2-regression-2026-09-23/default/case-01.candidate.json.gz,40228,2026-09-23T22:12:52+03:30
engineering/archive/docs/hpzr2-regression-2026-09-23/default/case-02.baseline.json.gz,100008,2026-09-23T22:12:54+03:30
engineering/archive/docs/hpzr2-regression-2026-09-23/default/case-02.candidate.json.gz,100009,2026-09-23T22:12:55+03:30
engineering/archive/docs/hpzr2-regression-2026-09-23/default/case-03.baseline.json.gz,150338,2026-09-23T22:13:00+03:30
engineering/archive/docs/hpzr2-regression-2026-09-23/default/case-03.candidate.json.gz,150339,2026-09-23T22:13:04+03:30
engineering/archive/docs/hpzr2-regression-2026-09-23/default/case-04.baseline.json.gz,95625,2026-09-23T22:13:07+03:30
engineering/archive/docs/hpzr2-regression-2026-09-23/default/case-04.candidate.json.gz,95626,2026-09-23T22:13:10+03:30
engineering/archive/docs/hpzr2-regression-2026-09-23/default/case-05.baseline.json.gz,479932,2026-09-23T22:13:53+03:30
engineering/archive/docs/hpzr2-regression-2026-09-23/default/case-05.candidate.json.gz,479933,2026-09-23T22:14:36+03:30
engineering/archive/docs/hpzr2-regression-2026-09-23/default/case-06.baseline.json.gz,933916,2026-09-23T22:17:42+03:30
engineering/archive/docs/hpzr2-regression-2026-09-23/default/case-06.candidate.json.gz,933917,2026-09-23T22:20:09+03:30
engineering/archive/docs/hpzr2-regression-2026-09-23/default/case-07.baseline.json.gz,344952,2026-09-23T22:20:54+03:30
engineering/archive/docs/hpzr2-regression-2026-09-23/default/case-07.candidate.json.gz,344953,2026-09-23T22:21:31+03:30
engineering/archive/docs/hpzr2-regression-2026-09-23/default/manifest.json,75137,2026-09-23T22:21:31+03:30
engineering/archive/docs/hpzr2-regression-2026-09-23/frozen-baseline-source.zip,102055,2026-09-23T22:39:17+03:30
engineering/archive/docs/hpzr2-regression-2026-09-23/production-change.diff,677,2026-09-23T23:33:42+03:30
engineering/archive/docs/hpzr2-regression-2026-09-23/README.md,5676,2026-09-23T23:47:24+03:30
engineering/archive/docs/hpzr2-regression-2026-09-23/smoke-default/case-01.baseline.json.gz,40227,2026-09-23T22:12:35+03:30
engineering/archive/docs/hpzr2-regression-2026-09-23/smoke-default/case-01.candidate.json.gz,40228,2026-09-23T22:12:36+03:30
engineering/archive/docs/hpzr2-regression-2026-09-23/smoke-default/manifest.json,12464,2026-09-23T22:12:36+03:30
engineering/archive/docs/hpzr2-regression-2026-09-23/summary.json,13202,2026-09-23T23:46:55+03:30
engineering/archive/docs/hpzr2-regression-2026-09-23/synthetic-benchmark/repeat-baseline-1.normalized.json,873743,2026-09-23T22:09:10+03:30
engineering/archive/docs/hpzr2-regression-2026-09-23/synthetic-benchmark/repeat-baseline-1.summary.json,2149,2026-09-23T22:09:10+03:30
engineering/archive/docs/hpzr2-regression-2026-09-23/synthetic-benchmark/repeat-baseline-2.summary.json,2146,2026-09-23T22:09:14+03:30
engineering/archive/docs/hpzr2-regression-2026-09-23/synthetic-benchmark/repeat-baseline-3.summary.json,2147,2026-09-23T22:09:20+03:30
engineering/archive/docs/hpzr2-regression-2026-09-23/synthetic-benchmark/repeat-default-baseline-1.normalized.json,395712,2026-09-23T22:09:41+03:30
engineering/archive/docs/hpzr2-regression-2026-09-23/synthetic-benchmark/repeat-default-baseline-1.summary.json,2146,2026-09-23T22:09:41+03:30
engineering/archive/docs/hpzr2-regression-2026-09-23/synthetic-benchmark/repeat-default-baseline-2.summary.json,2144,2026-09-23T22:09:44+03:30
engineering/archive/docs/hpzr2-regression-2026-09-23/synthetic-benchmark/repeat-default-baseline-3.summary.json,2142,2026-09-23T22:09:47+03:30
engineering/archive/docs/hpzr2-regression-2026-09-23/synthetic-benchmark/repeat-default-optimized-1.normalized.json,395712,2026-09-23T22:09:43+03:30
engineering/archive/docs/hpzr2-regression-2026-09-23/synthetic-benchmark/repeat-default-optimized-1.summary.json,2136,2026-09-23T22:09:43+03:30
engineering/archive/docs/hpzr2-regression-2026-09-23/synthetic-benchmark/repeat-default-optimized-2.summary.json,2135,2026-09-23T22:09:46+03:30
engineering/archive/docs/hpzr2-regression-2026-09-23/synthetic-benchmark/repeat-default-optimized-3.summary.json,2144,2026-09-23T22:09:49+03:30
engineering/archive/docs/hpzr2-regression-2026-09-23/synthetic-benchmark/repeat-optimized-1.normalized.json,873743,2026-09-23T22:09:21+03:30
engineering/archive/docs/hpzr2-regression-2026-09-23/synthetic-benchmark/repeat-optimized-1.summary.json,2146,2026-09-23T22:09:21+03:30
engineering/archive/docs/hpzr2-regression-2026-09-23/synthetic-benchmark/repeat-optimized-2.summary.json,2145,2026-09-23T22:09:23+03:30
engineering/archive/docs/hpzr2-regression-2026-09-23/synthetic-benchmark/repeat-optimized-3.summary.json,2142,2026-09-23T22:09:24+03:30
engineering/archive/docs/hpzr2-regression-2026-09-23/synthetic-benchmark/synthetic-60000.json,5263382,2026-09-23T22:01:26+03:30
engineering/archive/docs/order-architecture-2026-09-27/phase1-engine-source.zip,315320,2026-09-27T23:02:09+03:30
engineering/archive/docs/order-architecture-2026-09-27/phase2-cache-targeted/case-01.json.gz,167776,2026-09-27T23:09:43+03:30
engineering/archive/docs/order-architecture-2026-09-27/phase2-cache-targeted/case-01.stderr.log,9355,2026-09-27T23:09:42+03:30
engineering/archive/docs/order-architecture-2026-09-27/phase2-cache-targeted/case-02.json.gz,269821,2026-09-27T23:09:59+03:30
engineering/archive/docs/order-architecture-2026-09-27/phase2-cache-targeted/case-02.stderr.log,10149,2026-09-27T23:09:58+03:30
engineering/archive/docs/order-architecture-2026-09-27/phase2-cache-targeted/manifest.json,9067,2026-09-27T23:09:59+03:30
engineering/archive/docs/order-architecture-2026-09-27/phase2-extract-smoke/case-01.json.gz,71184,2026-09-27T23:05:21+03:30
engineering/archive/docs/order-architecture-2026-09-27/phase2-extract-smoke/case-01.stderr.log,8120,2026-09-27T23:05:21+03:30
engineering/archive/docs/order-architecture-2026-09-27/phase2-extract-smoke/manifest.json,5305,2026-09-27T23:05:21+03:30
engineering/archive/docs/order-architecture-2026-09-27/phase2-extract-targeted/case-01.json.gz,167776,2026-09-27T23:05:45+03:30
engineering/archive/docs/order-architecture-2026-09-27/phase2-extract-targeted/case-01.stderr.log,9365,2026-09-27T23:05:43+03:30
engineering/archive/docs/order-architecture-2026-09-27/phase2-extract-targeted/case-02.json.gz,269821,2026-09-27T23:06:07+03:30
engineering/archive/docs/order-architecture-2026-09-27/phase2-extract-targeted/case-02.stderr.log,10158,2026-09-27T23:06:05+03:30
engineering/archive/docs/order-architecture-2026-09-27/phase2-extract-targeted/manifest.json,9076,2026-09-27T23:06:07+03:30
engineering/archive/docs/order-architecture-2026-09-27/phase2-s-extract-smoke/case-01.json.gz,71184,2026-09-27T23:07:28+03:30
engineering/archive/docs/order-architecture-2026-09-27/phase2-s-extract-smoke/case-01.stderr.log,8121,2026-09-27T23:07:27+03:30
engineering/archive/docs/order-architecture-2026-09-27/phase2-s-extract-smoke/manifest.json,5306,2026-09-27T23:07:28+03:30
engineering/archive/docs/order-architecture-2026-09-27/PHASE_1_DIAGNOSTIC_INTERRUPTED/case-01.json.gz,603870,2026-09-27T22:38:18+03:30
engineering/archive/docs/order-architecture-2026-09-27/PHASE_1_DIAGNOSTIC_INTERRUPTED/case-01.stderr.log,9409,2026-09-27T22:38:08+03:30
engineering/archive/docs/order-architecture-2026-09-27/PHASE_1_DIAGNOSTIC_INTERRUPTED/case-02.json.gz,167248,2026-09-27T22:38:29+03:30
engineering/archive/docs/order-architecture-2026-09-27/PHASE_1_DIAGNOSTIC_INTERRUPTED/case-02.stderr.log,9377,2026-09-27T22:38:27+03:30
engineering/archive/docs/order-architecture-2026-09-27/PHASE_1_DIAGNOSTIC_INTERRUPTED/case-03.json,0,2026-09-27T22:38:30+03:30
engineering/archive/docs/order-architecture-2026-09-27/PHASE_1_DIAGNOSTIC_INTERRUPTED/case-03.stderr.log,9371,2026-09-27T22:43:19+03:30
engineering/archive/docs/order-architecture-2026-09-27/PHASE_1_DIAGNOSTIC_INTERRUPTED/manifest.json,9046,2026-09-27T22:38:29+03:30
engineering/archive/docs/order-architecture-2026-09-27/PHASE_1_FINAL_BASELINE/case-01.json.gz,604875,2026-09-27T22:50:14+03:30
engineering/archive/docs/order-architecture-2026-09-27/PHASE_1_FINAL_BASELINE/case-01.stderr.log,9407,2026-09-27T22:50:06+03:30
engineering/archive/docs/order-architecture-2026-09-27/PHASE_1_FINAL_BASELINE/case-02.json.gz,167776,2026-09-27T22:50:26+03:30
engineering/archive/docs/order-architecture-2026-09-27/PHASE_1_FINAL_BASELINE/case-02.stderr.log,9378,2026-09-27T22:50:23+03:30
engineering/archive/docs/order-architecture-2026-09-27/PHASE_1_FINAL_BASELINE/case-03.json.gz,1618733,2026-09-27T22:58:23+03:30
engineering/archive/docs/order-architecture-2026-09-27/PHASE_1_FINAL_BASELINE/case-03.stderr.log,10994,2026-09-27T22:58:14+03:30
engineering/archive/docs/order-architecture-2026-09-27/PHASE_1_FINAL_BASELINE/case-04.json.gz,836313,2026-09-27T23:00:44+03:30
engineering/archive/docs/order-architecture-2026-09-27/PHASE_1_FINAL_BASELINE/case-04.stderr.log,10199,2026-09-27T23:00:41+03:30
engineering/archive/docs/order-architecture-2026-09-27/PHASE_1_FINAL_BASELINE/case-05.json.gz,71184,2026-09-27T23:00:46+03:30
engineering/archive/docs/order-architecture-2026-09-27/PHASE_1_FINAL_BASELINE/case-05.stderr.log,8120,2026-09-27T23:00:45+03:30
engineering/archive/docs/order-architecture-2026-09-27/PHASE_1_FINAL_BASELINE/case-06.json.gz,133489,2026-09-27T23:00:50+03:30
engineering/archive/docs/order-architecture-2026-09-27/PHASE_1_FINAL_BASELINE/case-06.stderr.log,10125,2026-09-27T23:00:50+03:30
engineering/archive/docs/order-architecture-2026-09-27/PHASE_1_FINAL_BASELINE/case-07.json.gz,269821,2026-09-27T23:01:06+03:30
engineering/archive/docs/order-architecture-2026-09-27/PHASE_1_FINAL_BASELINE/case-07.stderr.log,10148,2026-09-27T23:01:05+03:30
engineering/archive/docs/order-architecture-2026-09-27/PHASE_1_FINAL_BASELINE/case-08.json.gz,178222,2026-09-27T23:01:14+03:30
engineering/archive/docs/order-architecture-2026-09-27/PHASE_1_FINAL_BASELINE/case-08.stderr.log,10136,2026-09-27T23:01:13+03:30
engineering/archive/docs/order-architecture-2026-09-27/PHASE_1_FINAL_BASELINE/case-09.json.gz,148107,2026-09-27T23:01:19+03:30
engineering/archive/docs/order-architecture-2026-09-27/PHASE_1_FINAL_BASELINE/case-09.stderr.log,9456,2026-09-27T23:01:19+03:30
engineering/archive/docs/order-architecture-2026-09-27/PHASE_1_FINAL_BASELINE/manifest.json,34521,2026-09-27T23:01:19+03:30
engineering/archive/docs/order-architecture-2026-09-27/PHASE_2_FINAL_REGRESSION/case-01.json.gz,604875,2026-09-27T23:18:52+03:30
engineering/archive/docs/order-architecture-2026-09-27/PHASE_2_FINAL_REGRESSION/case-01.stderr.log,9396,2026-09-27T23:18:47+03:30
engineering/archive/docs/order-architecture-2026-09-27/PHASE_2_FINAL_REGRESSION/case-02.json.gz,167776,2026-09-27T23:18:58+03:30
engineering/archive/docs/order-architecture-2026-09-27/PHASE_2_FINAL_REGRESSION/case-02.stderr.log,9354,2026-09-27T23:18:57+03:30
engineering/archive/docs/order-architecture-2026-09-27/PHASE_2_FINAL_REGRESSION/case-03.json.gz,1618733,2026-09-27T23:22:55+03:30
engineering/archive/docs/order-architecture-2026-09-27/PHASE_2_FINAL_REGRESSION/case-03.stderr.log,10979,2026-09-27T23:22:52+03:30
engineering/archive/docs/order-architecture-2026-09-27/PHASE_2_FINAL_REGRESSION/case-04.json.gz,836313,2026-09-27T23:23:57+03:30
engineering/archive/docs/order-architecture-2026-09-27/PHASE_2_FINAL_REGRESSION/case-04.stderr.log,10176,2026-09-27T23:23:55+03:30
engineering/archive/docs/order-architecture-2026-09-27/PHASE_2_FINAL_REGRESSION/case-05.json.gz,71184,2026-09-27T23:23:58+03:30
engineering/archive/docs/order-architecture-2026-09-27/PHASE_2_FINAL_REGRESSION/case-05.stderr.log,8120,2026-09-27T23:23:58+03:30
engineering/archive/docs/order-architecture-2026-09-27/PHASE_2_FINAL_REGRESSION/case-06.json.gz,133489,2026-09-27T23:24:02+03:30
engineering/archive/docs/order-architecture-2026-09-27/PHASE_2_FINAL_REGRESSION/case-06.stderr.log,10124,2026-09-27T23:24:02+03:30
engineering/archive/docs/order-architecture-2026-09-27/PHASE_2_FINAL_REGRESSION/case-07.json.gz,269821,2026-09-27T23:24:20+03:30
engineering/archive/docs/order-architecture-2026-09-27/PHASE_2_FINAL_REGRESSION/case-07.stderr.log,10150,2026-09-27T23:24:19+03:30
engineering/archive/docs/order-architecture-2026-09-27/PHASE_2_FINAL_REGRESSION/case-08.json.gz,178222,2026-09-27T23:24:29+03:30
engineering/archive/docs/order-architecture-2026-09-27/PHASE_2_FINAL_REGRESSION/case-08.stderr.log,10134,2026-09-27T23:24:28+03:30
engineering/archive/docs/order-architecture-2026-09-27/PHASE_2_FINAL_REGRESSION/case-09.json.gz,148107,2026-09-27T23:24:35+03:30
engineering/archive/docs/order-architecture-2026-09-27/PHASE_2_FINAL_REGRESSION/case-09.stderr.log,9462,2026-09-27T23:24:34+03:30
engineering/archive/docs/order-architecture-2026-09-27/PHASE_2_FINAL_REGRESSION/manifest.json,35809,2026-09-27T23:24:35+03:30
engineering/archive/docs/order-architecture-2026-09-27/recovery-smoke/case-01.json.gz,71184,2026-09-27T23:14:12+03:30
engineering/archive/docs/order-architecture-2026-09-27/recovery-smoke/case-01.stderr.log,8120,2026-09-27T23:14:12+03:30
engineering/archive/docs/order-architecture-2026-09-27/recovery-smoke/manifest.json,5325,2026-09-27T23:14:12+03:30
engineering/archive/docs/order-architecture-2026-09-27/smoke-precision/case-01.json.gz,71184,2026-09-27T22:47:55+03:30
engineering/archive/docs/order-architecture-2026-09-27/smoke-precision/case-01.stderr.log,8122,2026-09-27T22:47:54+03:30
engineering/archive/docs/order-architecture-2026-09-27/smoke-precision/manifest.json,5194,2026-09-27T22:47:55+03:30
engineering/archive/docs/order-architecture-2026-09-27/smoke-usoil-precision/case-01.json.gz,269821,2026-09-27T22:48:22+03:30
engineering/archive/docs/order-architecture-2026-09-27/smoke-usoil-precision/case-01.stderr.log,10154,2026-09-27T22:48:21+03:30
engineering/archive/docs/order-architecture-2026-09-27/smoke-usoil-precision/manifest.json,5324,2026-09-27T22:48:22+03:30
engineering/archive/docs/superpowers/plans/2026-09-17-tradingbot-v2-stable-audit.md,17234,2026-09-17T23:26:19+03:30
engineering/archive/docs/superpowers/plans/2026-09-21-complete-project-engineering-audit.md,13602,2026-09-22T08:48:40+03:30
engineering/archive/docs/TradingBot_Bearish_Algorithm_Reference.md,37419,2026-09-21T03:05:55+03:30
engineering/archive/docs/TradingBot_Bullish_Algorithm_Reference.md,17609,2026-09-21T03:05:55+03:30
engineering/archive/docs/validation-temp/build/assets/index-BTET6XLF.css,170306,2026-09-18T19:54:57+03:30
engineering/archive/docs/validation-temp/build/assets/index-gIdNgkcc.js,747592,2026-09-18T19:54:57+03:30
engineering/archive/docs/validation-temp/build/index.html,723,2026-09-18T19:54:57+03:30
engineering/archive/docs/validation-temp/probe-fetch-ports.mjs,729,2026-09-18T19:55:57+03:30
engineering/archive/docs/validation-temp/validate-static.mjs,2639,2026-09-19T08:06:28+03:30
engineering/archive/documentation/docs.zip,93267,2026-09-29T17:16:48+03:30
engineering/archive/README.md,865,2026-09-29T18:05:03+03:30
engineering/archive/repository-graphify/.graphify_labels.json,6022,2026-09-23T15:55:05+03:30
engineering/archive/repository-graphify/archive/graphify-out/cache/ast/v0.9.42/02f8512c4adb6b8b61cc47d2239fb95768d1c98e4f0e0dad092f8c9da069b85e.json,273,2026-09-23T15:10:18+03:30
engineering/archive/repository-graphify/archive/graphify-out/cache/ast/v0.9.42/0a3bdf3af4122105468e1a862844c078dddc36c3b93c34d56749fd5b8e003754.json,131928,2026-09-23T15:10:18+03:30
engineering/archive/repository-graphify/archive/graphify-out/cache/ast/v0.9.42/0adf1dd050b06c34b3b41f0735d19dd99390323dd4d8df8391d8d63bdb44995a.json,2606,2026-09-23T15:10:18+03:30
engineering/archive/repository-graphify/archive/graphify-out/cache/ast/v0.9.42/124a8535cd0ace0ff6f866bdbddeeb51c3d658590f6ad6307c1eb5cb023ef706.json,201650,2026-09-23T15:10:18+03:30
engineering/archive/repository-graphify/archive/graphify-out/cache/ast/v0.9.42/158ba9775c3cb499de08a8e4d9b47342ed14a382e937f7ffdf83b3688f900792.json,73787,2026-09-23T15:10:18+03:30
engineering/archive/repository-graphify/archive/graphify-out/cache/ast/v0.9.42/1ce6bd8ae8b73439035519a19ff4294173117fcac5b43297a845de41b0d65a8f.json,13308,2026-09-23T15:10:18+03:30
engineering/archive/repository-graphify/archive/graphify-out/cache/ast/v0.9.42/1e511e0e0fb62ce1ced58d6e479e6fdc8f39dc0f61e9161e1cb40e9bbc43f43c.json,201897,2026-09-23T15:10:18+03:30
engineering/archive/repository-graphify/archive/graphify-out/cache/ast/v0.9.42/4adcad6c8628d257f5894526b1eaab4b2e136be3a5a471cbd42d1ba15f4699f2.json,10348,2026-09-23T15:10:18+03:30
engineering/archive/repository-graphify/archive/graphify-out/cache/ast/v0.9.42/4dc10723517caf8b8ea88b036d7f778d4d6ad1796ecdd8d6eb0a69f357a6d6d0.json,39355,2026-09-23T15:10:18+03:30
engineering/archive/repository-graphify/archive/graphify-out/cache/ast/v0.9.42/5c8c8182d07e270245efa4bde567757f787d3653946e5cb8b48695b71dc4a846.json,14535,2026-09-23T15:10:18+03:30
engineering/archive/repository-graphify/archive/graphify-out/cache/ast/v0.9.42/5e62d9a26aa65958372f5f2191a38b48355cc2de0691d3570c2adce70a2fbf70.json,8736,2026-09-23T15:10:18+03:30
engineering/archive/repository-graphify/archive/graphify-out/cache/ast/v0.9.42/621ff6e37b3cb8b3dc39edf812e509831b93d0434c970dd00f6da4de0ef2c6f6.json,42509,2026-09-23T15:10:18+03:30
engineering/archive/repository-graphify/archive/graphify-out/cache/ast/v0.9.42/6534edb6396ba1dc672357e16520f5d1fba86894a490ac2fae10b5ec7cb1abc6.json,11907,2026-09-23T15:10:18+03:30
engineering/archive/repository-graphify/archive/graphify-out/cache/ast/v0.9.42/67fc5d76fff132963cd6f0213100725787fe0357a49f9b0c78e6f18ea8c389aa.json,8152,2026-09-23T15:10:17+03:30
engineering/archive/repository-graphify/archive/graphify-out/cache/ast/v0.9.42/6a8a9f0742f70292566fe808b738ebd728e4e850d4fd54112e922197476a365a.json,610,2026-09-23T15:10:18+03:30
engineering/archive/repository-graphify/archive/graphify-out/cache/ast/v0.9.42/769a63faa33ce30f307b37dfcc70be84a23c072ccc5ab7e1a28237e049c05d87.json,5420,2026-09-23T15:10:18+03:30
engineering/archive/repository-graphify/archive/graphify-out/cache/ast/v0.9.42/78133e7b029a596aaf6caeeb9248efe96086f308b2439dc84c08b0836e54f07e.json,3105,2026-09-23T15:10:18+03:30
engineering/archive/repository-graphify/archive/graphify-out/cache/ast/v0.9.42/8556f8d0107e8c8ad2442d353d1bb918af34d8fd45b607b4cc8151a50e707204.json,77341,2026-09-23T15:10:18+03:30
engineering/archive/repository-graphify/archive/graphify-out/cache/ast/v0.9.42/8bf117271c1095929a8119c01cb3e65f82b146c7b1a3e80f8c1ea0d51349bbff.json,57542,2026-09-23T15:10:18+03:30
engineering/archive/repository-graphify/archive/graphify-out/cache/ast/v0.9.42/91d98c7912b4cff020f9b5e940348654fc0433e0e912962ae6cc2ebdfc5dca52.json,184892,2026-09-23T15:10:18+03:30
engineering/archive/repository-graphify/archive/graphify-out/cache/ast/v0.9.42/a0ef83100cb4bea3f52e34b5eabe83f81a6278262d1b8fe73fd3b34c40903e9e.json,1030,2026-09-23T15:10:18+03:30
engineering/archive/repository-graphify/archive/graphify-out/cache/ast/v0.9.42/a140f753961037e52bfaa420dea3a9eb90a1ec0f10cb1d80560cefca1889cd73.json,4633,2026-09-23T15:10:18+03:30
engineering/archive/repository-graphify/archive/graphify-out/cache/ast/v0.9.42/a1e5c034fcee990ee19d60723841b85810f42fc3a71a59c08978e6b43e4f675f.json,144760,2026-09-23T15:10:18+03:30
engineering/archive/repository-graphify/archive/graphify-out/cache/ast/v0.9.42/a22c6b0ffb73e30d0ec55d1af54e1c9f71205aa924ac879354b4a3edc9be5691.json,3492,2026-09-23T15:10:18+03:30
engineering/archive/repository-graphify/archive/graphify-out/cache/ast/v0.9.42/b2e7be64b16d19890fe97e12fd9917ee365cf65d490af702739ed98558699bae.json,8659,2026-09-23T15:33:34+03:30
engineering/archive/repository-graphify/archive/graphify-out/cache/ast/v0.9.42/b6ccaa387203d27a5c79d640c47716b006493c7cfd4f60e7f498eb47ff7df34d.json,13214,2026-09-23T15:10:18+03:30
engineering/archive/repository-graphify/archive/graphify-out/cache/ast/v0.9.42/ba40724a7250343b99eced9f4d1716b7487dfdd944eb8811ccc22572709af533.json,102245,2026-09-23T15:10:18+03:30
engineering/archive/repository-graphify/archive/graphify-out/cache/ast/v0.9.42/bfd1d7a63c38c9ea5e83f5e940488470d53e923b4bbd4884f0c4fda873715bf0.json,678,2026-09-23T15:10:18+03:30
engineering/archive/repository-graphify/archive/graphify-out/cache/ast/v0.9.42/c9bbd20cf52d269464ec40dbe4266d8a3e3d9d0d16dbac5d9693334dfe6ac134.json,10811,2026-09-23T15:10:18+03:30
engineering/archive/repository-graphify/archive/graphify-out/cache/ast/v0.9.42/d1f5700aefe91738822017f7c65ab412e5b012d129a12fdd6cb365cabb8b1d7a.json,5237,2026-09-23T15:10:18+03:30
engineering/archive/repository-graphify/archive/graphify-out/cache/ast/v0.9.42/d7ae8eb0a1835b3af352da10d1eee6dfec87ffc07510d047f03e314ed90fc105.json,22860,2026-09-23T15:10:18+03:30
engineering/archive/repository-graphify/archive/graphify-out/cache/ast/v0.9.42/e22fe864bb6ab42436bb5a1ac5859adebbd9f7001e80f18ddd09497dfbbe01fc.json,32403,2026-09-23T15:10:18+03:30
engineering/archive/repository-graphify/archive/graphify-out/cache/ast/v0.9.42/ee1f64c9fada443eb9ea0f6634f45c51c27f2d51fc8b91d7fe06e0bf7f1b7d92.json,27302,2026-09-23T15:10:18+03:30
engineering/archive/repository-graphify/archive/graphify-out/cache/ast/v0.9.42/f46cd562f9dc7c450a7a71e850ba4eecb95a71f7ce34338f1b5a5d632cf56c7d.json,6427,2026-09-23T15:10:18+03:30
engineering/archive/repository-graphify/archive/graphify-out/cache/ast/v0.9.42/f5a7e8c04bd77bce30e0fcbdf68865ea4c362bd82709d08c25590142a6a40bcc.json,176211,2026-09-23T15:10:18+03:30
engineering/archive/repository-graphify/archive/graphify-out/cache/ast/v0.9.42/ff6a31a857ab1a3bd32d2dcbec43a9a0283062d54f14f1f8b3f30c75b26a3cca.json,254461,2026-09-23T15:10:18+03:30
engineering/archive/repository-graphify/archive/graphify-out/cache/stat-index.json,22333,2026-09-23T15:33:43+03:30
engineering/archive/repository-graphify/cache/last_query_stamp,18,2026-09-25T11:12:58+03:30
engineering/archive/repository-graphify/cost.json,436,2026-09-23T15:55:05+03:30
engineering/archive/repository-graphify/engine-audit-evidence.md,22774,2026-09-18T19:34:49+03:30
engineering/archive/repository-graphify/full-file-inventory.json,160549,2026-09-18T19:52:21+03:30
engineering/archive/repository-graphify/graph-health.json,12771,2026-09-23T15:55:05+03:30
engineering/archive/repository-graphify/graph.html,2631299,2026-09-23T15:55:05+03:30
engineering/archive/repository-graphify/graph.json,3295707,2026-09-23T15:55:05+03:30
engineering/archive/repository-graphify/GRAPH_HEALTH.md,4703,2026-09-23T15:55:05+03:30
engineering/archive/repository-graphify/GRAPH_REPORT.md,54529,2026-09-23T15:55:05+03:30
engineering/archive/repository-graphify/graphify-out/cache/stat-index.json,2104,2026-09-23T14:46:14+03:30
engineering/archive/repository-graphify/manifest.json,1982,2026-09-23T15:55:05+03:30
engineering/archive/repository-graphify/README.md,3349,2026-09-23T15:53:13+03:30
engineering/archive/repository-graphify/rebuild-2026-09-19/graph-health.json,3238,2026-09-19T11:17:04+03:30
engineering/archive/repository-graphify/rebuild-2026-09-19/graph.html,1265555,2026-09-19T11:15:27+03:30
engineering/archive/repository-graphify/rebuild-2026-09-19/graph.json,1602716,2026-09-19T11:15:27+03:30
engineering/archive/repository-graphify/rebuild-2026-09-19/GRAPH_REPORT.md,15227,2026-09-19T11:15:27+03:30
engineering/archive/repository-graphify/rebuild-2026-09-19/manifest.json,524,2026-09-19T11:15:27+03:30
engineering/archive/repository-graphify/rebuild-2026-09-19/raw-run/.graphify_analysis.json,67587,2026-09-19T11:15:27+03:30
engineering/archive/repository-graphify/rebuild-2026-09-19/raw-run/.graphify_detect.json,10724,2026-09-19T11:15:20+03:30
engineering/archive/repository-graphify/rebuild-2026-09-19/raw-run/.graphify_extract.json,1203527,2026-09-19T11:15:26+03:30
engineering/archive/repository-graphify/rebuild-2026-09-19/raw-run/.graphify_root,1,2026-09-19T11:12:25+03:30
engineering/archive/repository-graphify/rebuild-2026-09-19/raw-run/cache/ast/v0.9.42/3c701f3ef44cff648447980d5e5ab562ec4b32fb0f99b1e71c8cb2590c904297.json,186047,2026-09-19T11:15:21+03:30
engineering/archive/repository-graphify/rebuild-2026-09-19/raw-run/cache/ast/v0.9.42/404ea36a44afe69ad575408215cae3c6443ab3292534ee3c9b4cbe7896f7fad4.json,126630,2026-09-19T11:15:21+03:30
engineering/archive/repository-graphify/rebuild-2026-09-19/raw-run/cache/ast/v0.9.42/48621b5029f053dd047ab10014705d292baa1328c1e3511c6b4d51f863d62d13.json,5043,2026-09-19T11:15:21+03:30
engineering/archive/repository-graphify/rebuild-2026-09-19/raw-run/cache/ast/v0.9.42/4906cd45302bbfab99180690d6bff55b7e6beb5eb22448147c41dbf7ad34b06b.json,111200,2026-09-19T11:15:21+03:30
engineering/archive/repository-graphify/rebuild-2026-09-19/raw-run/cache/ast/v0.9.42/4adcad6c8628d257f5894526b1eaab4b2e136be3a5a471cbd42d1ba15f4699f2.json,10348,2026-09-19T11:15:21+03:30
engineering/archive/repository-graphify/rebuild-2026-09-19/raw-run/cache/ast/v0.9.42/4dc10723517caf8b8ea88b036d7f778d4d6ad1796ecdd8d6eb0a69f357a6d6d0.json,39355,2026-09-19T11:15:21+03:30
engineering/archive/repository-graphify/rebuild-2026-09-19/raw-run/cache/ast/v0.9.42/62a0bab017e9131e8c48229520a27b7f882110841254e2ad675c5723ef2718db.json,77082,2026-09-19T11:15:21+03:30
engineering/archive/repository-graphify/rebuild-2026-09-19/raw-run/cache/ast/v0.9.42/67fc5d76fff132963cd6f0213100725787fe0357a49f9b0c78e6f18ea8c389aa.json,8152,2026-09-19T11:15:20+03:30
engineering/archive/repository-graphify/rebuild-2026-09-19/raw-run/cache/ast/v0.9.42/6a8a9f0742f70292566fe808b738ebd728e4e850d4fd54112e922197476a365a.json,610,2026-09-19T11:15:21+03:30
engineering/archive/repository-graphify/rebuild-2026-09-19/raw-run/cache/ast/v0.9.42/a0ef83100cb4bea3f52e34b5eabe83f81a6278262d1b8fe73fd3b34c40903e9e.json,1030,2026-09-19T11:15:21+03:30
engineering/archive/repository-graphify/rebuild-2026-09-19/raw-run/cache/ast/v0.9.42/b52902d88d029d8136ed401e05f582097743340cf84daa7cbc1d2f5508b7009f.json,154484,2026-09-19T11:15:22+03:30
engineering/archive/repository-graphify/rebuild-2026-09-19/raw-run/cache/ast/v0.9.42/b903b26bb051a83de0e18d3f99fe08a3bf1bbf288a4c9a4a7b08a040444b1ae4.json,215500,2026-09-19T11:15:21+03:30
engineering/archive/repository-graphify/rebuild-2026-09-19/raw-run/cache/ast/v0.9.42/ba4e4c200fd5859d530f74c695ffb50d05d1d3b2c087ef5d2fad4da14ad98f8f.json,953,2026-09-19T11:15:20+03:30
engineering/archive/repository-graphify/rebuild-2026-09-19/raw-run/cache/ast/v0.9.42/bfd1d7a63c38c9ea5e83f5e940488470d53e923b4bbd4884f0c4fda873715bf0.json,678,2026-09-19T11:15:21+03:30
engineering/archive/repository-graphify/rebuild-2026-09-19/raw-run/cache/ast/v0.9.42/c9bbd20cf52d269464ec40dbe4266d8a3e3d9d0d16dbac5d9693334dfe6ac134.json,10811,2026-09-19T11:15:22+03:30
engineering/archive/repository-graphify/rebuild-2026-09-19/raw-run/cache/ast/v0.9.42/f46cd562f9dc7c450a7a71e850ba4eecb95a71f7ce34338f1b5a5d632cf56c7d.json,6427,2026-09-19T11:15:21+03:30
engineering/archive/repository-graphify/rebuild-2026-09-19/raw-run/cache/last_query_stamp,17,2026-09-19T11:42:52+03:30
engineering/archive/repository-graphify/rebuild-2026-09-19/raw-run/cache/stat-index.json,19818,2026-09-19T11:12:25+03:30
engineering/archive/repository-graphify/rebuild-2026-09-19/raw-run/graph-health.json,3238,2026-09-19T11:17:04+03:30
engineering/archive/repository-graphify/rebuild-2026-09-19/raw-run/graph.html,1265555,2026-09-19T11:15:27+03:30
engineering/archive/repository-graphify/rebuild-2026-09-19/raw-run/graph.json,1602716,2026-09-19T11:15:27+03:30
engineering/archive/repository-graphify/rebuild-2026-09-19/raw-run/GRAPH_REPORT.md,15227,2026-09-19T11:15:27+03:30
engineering/archive/repository-graphify/rebuild-2026-09-19/raw-run/manifest.json,524,2026-09-19T11:15:27+03:30
engineering/archive/repository-graphify/rebuild-2026-09-19/README.md,2223,2026-09-19T12:23:22+03:30
engineering/archive/repository-graphify/rebuild-2026-09-23/.graphify_labels.json,6022,2026-09-23T15:55:03+03:30
engineering/archive/repository-graphify/rebuild-2026-09-23/__pycache__/build_graph.cpython-314.pyc,54264,2026-09-23T15:54:47+03:30
engineering/archive/repository-graphify/rebuild-2026-09-23/build_graph.py,50559,2026-09-23T15:54:47+03:30
engineering/archive/repository-graphify/rebuild-2026-09-23/cache/last_query_stamp,18,2026-09-25T05:45:01+03:30
engineering/archive/repository-graphify/rebuild-2026-09-23/cost.json,436,2026-09-23T15:55:04+03:30
engineering/archive/repository-graphify/rebuild-2026-09-23/graph-health.json,12771,2026-09-23T15:55:04+03:30
engineering/archive/repository-graphify/rebuild-2026-09-23/graph.html,2631299,2026-09-23T15:55:03+03:30
engineering/archive/repository-graphify/rebuild-2026-09-23/graph.json,3295707,2026-09-23T15:55:03+03:30
engineering/archive/repository-graphify/rebuild-2026-09-23/GRAPH_HEALTH.md,4703,2026-09-23T15:55:04+03:30
engineering/archive/repository-graphify/rebuild-2026-09-23/GRAPH_REPORT.md,54529,2026-09-23T15:55:03+03:30
engineering/archive/repository-graphify/rebuild-2026-09-23/manifest.json,1982,2026-09-23T15:55:05+03:30
engineering/archive/repository-graphify/rebuild-2026-09-23/raw-run/.graphify_analysis.json,232692,2026-09-23T15:55:03+03:30
engineering/archive/repository-graphify/rebuild-2026-09-23/raw-run/.graphify_detect.json,12341,2026-09-23T15:55:00+03:30
engineering/archive/repository-graphify/rebuild-2026-09-23/raw-run/.graphify_extract.json,2798223,2026-09-23T15:55:03+03:30
engineering/archive/repository-graphify/rebuild-2026-09-23/raw-run/.graphify_extract_raw.json,2612246,2026-09-23T15:55:00+03:30
engineering/archive/repository-graphify/rebuild-2026-09-23/raw-run/.graphify_scope.json,718,2026-09-23T15:55:03+03:30
engineering/archive/repository-graphify/rebuild-2026-09-23/README.md,2104,2026-09-23T15:53:13+03:30
engineering/archive/scripts/build_order_references.py,16877,2026-09-27T23:15:54+03:30
engineering/archive/scripts/extract_order_module.py,6857,2026-09-27T23:05:02+03:30
engineering/archive/scripts/extract_s_order_methods.py,2796,2026-09-27T23:07:15+03:30
engineering/docs/ai/operating-protocol.md,65458,2026-09-29T18:05:03+03:30
engineering/docs/architecture/technical-architecture.md,31753,2026-09-29T18:05:03+03:30
engineering/docs/architecture/ui-ux-reference.md,24223,2026-09-29T18:05:03+03:30
engineering/docs/development/local-tests.md,2055,2026-09-29T18:05:03+03:30
engineering/docs/development/standalone-reference-specification.md,34954,2026-09-29T18:05:03+03:30
engineering/docs/development/zero-difference-refactor.md,52168,2026-09-29T18:05:03+03:30
engineering/docs/operations/local-state.md,2261,2026-09-29T18:05:03+03:30
engineering/docs/README.md,1581,2026-09-29T18:05:03+03:30
engineering/docs/verification/engineering-audit-workflow.md,55661,2026-09-29T18:37:33+03:30
engineering/docs/verification/repository-integrity.md,1996,2026-09-29T18:05:03+03:30
engineering/docs/verification/single-root-migration.md,12388,2026-09-29T18:32:26+03:30
engineering/verification/history/cleanup-2026-09-29/audit.py,5563,2026-09-29T13:22:04+03:30
engineering/verification/history/cleanup-2026-09-29/baseline-branch.txt,5,2026-09-29T13:22:04+03:30
engineering/verification/history/cleanup-2026-09-29/baseline-branches.txt,174,2026-09-29T13:22:13+03:30
engineering/verification/history/cleanup-2026-09-29/baseline-diff-cached.txt,70057375,2026-09-29T13:22:06+03:30
engineering/verification/history/cleanup-2026-09-29/baseline-diff-stat.txt,3836,2026-09-29T13:22:05+03:30
engineering/verification/history/cleanup-2026-09-29/baseline-diff.txt,15381674,2026-09-29T13:22:05+03:30
engineering/verification/history/cleanup-2026-09-29/baseline-directories.json,8176,2026-09-29T13:22:15+03:30
engineering/verification/history/cleanup-2026-09-29/baseline-git-dir.txt,5,2026-09-29T13:22:04+03:30
engineering/verification/history/cleanup-2026-09-29/baseline-head.txt,41,2026-09-29T13:22:04+03:30
engineering/verification/history/cleanup-2026-09-29/baseline-ignored.txt,39318,2026-09-29T13:22:04+03:30
engineering/verification/history/cleanup-2026-09-29/baseline-index,23082,2026-09-27T23:17:48+03:30
engineering/verification/history/cleanup-2026-09-29/baseline-inventory.json,216343,2026-09-29T13:22:15+03:30
engineering/verification/history/cleanup-2026-09-29/baseline-node-tests.log,13909,2026-09-29T13:24:03+03:30
engineering/verification/history/cleanup-2026-09-29/baseline-python-tests.log,101,2026-09-29T13:23:53+03:30
engineering/verification/history/cleanup-2026-09-29/baseline-remotes.txt,111,2026-09-29T13:22:13+03:30
engineering/verification/history/cleanup-2026-09-29/baseline-root.txt,26,2026-09-29T13:22:04+03:30
engineering/verification/history/cleanup-2026-09-29/baseline-secret-history.txt,0,2026-09-29T13:22:13+03:30
engineering/verification/history/cleanup-2026-09-29/baseline-status-branch.txt,8082,2026-09-29T13:22:04+03:30
engineering/verification/history/cleanup-2026-09-29/baseline-status-short.txt,6020,2026-09-29T13:22:04+03:30
engineering/verification/history/cleanup-2026-09-29/baseline-submodules.txt,0,2026-09-29T13:22:13+03:30
engineering/verification/history/cleanup-2026-09-29/baseline-tags.txt,13,2026-09-29T13:22:13+03:30
engineering/verification/history/cleanup-2026-09-29/baseline-topology.json,445,2026-09-29T13:22:15+03:30
engineering/verification/history/cleanup-2026-09-29/baseline-topology.txt,381,2026-09-29T13:22:13+03:30
engineering/verification/history/cleanup-2026-09-29/baseline-tracked.txt,9802,2026-09-29T13:22:04+03:30
engineering/verification/history/cleanup-2026-09-29/baseline-untracked.txt,10398,2026-09-29T13:22:04+03:30
engineering/verification/history/cleanup-2026-09-29/baseline-worktrees.txt,238,2026-09-29T13:22:13+03:30
engineering/verification/history/cleanup-2026-09-29/build.log,806,2026-09-29T13:34:42+03:30
engineering/verification/history/cleanup-2026-09-29/cleanup-manifest.csv,250540,2026-09-29T13:49:03+03:30
engineering/verification/history/cleanup-2026-09-29/cleanup-manifest.json,456172,2026-09-29T13:49:03+03:30
engineering/verification/history/cleanup-2026-09-29/delivery-verification.json,250,2026-09-29T13:48:57+03:30
engineering/verification/history/cleanup-2026-09-29/final-audit.json,1929,2026-09-29T13:49:05+03:30
engineering/verification/history/cleanup-2026-09-29/final-name-status.txt,4352,2026-09-29T13:49:05+03:30
engineering/verification/history/cleanup-2026-09-29/final-node-tests.log,14115,2026-09-29T13:34:20+03:30
engineering/verification/history/cleanup-2026-09-29/final-staged-diff.txt,63034797,2026-09-29T13:49:05+03:30
engineering/verification/history/cleanup-2026-09-29/final-staged-stat.txt,5722,2026-09-29T13:49:04+03:30
engineering/verification/history/cleanup-2026-09-29/final-status.txt,4442,2026-09-29T13:49:04+03:30
engineering/verification/history/cleanup-2026-09-29/final_audit.py,8049,2026-09-29T13:42:14+03:30
engineering/verification/history/cleanup-2026-09-29/FINAL_REPORT.md,27263,2026-09-29T13:48:57+03:30
engineering/verification/history/cleanup-2026-09-29/github-files.txt,3996,2026-09-29T13:49:03+03:30
engineering/verification/history/cleanup-2026-09-29/github-tree.txt,5664,2026-09-29T13:48:57+03:30
engineering/verification/history/cleanup-2026-09-29/HPZR2_Projection_Report.md,5676,2026-09-23T23:47:24+03:30
engineering/verification/history/cleanup-2026-09-29/implementation-plan.md,2092,2026-09-29T13:25:06+03:30
engineering/verification/history/cleanup-2026-09-29/live-storage-check.json,195,2026-09-29T13:38:12+03:30
engineering/verification/history/cleanup-2026-09-29/live-storage-check.mjs,2627,2026-09-29T13:38:11+03:30
engineering/verification/history/cleanup-2026-09-29/markdown-links.json,4679,2026-09-29T13:38:15+03:30
engineering/verification/history/cleanup-2026-09-29/migrate.ps1,9082,2026-09-29T13:28:12+03:30
engineering/verification/history/cleanup-2026-09-29/migration-actions.json,13723,2026-09-29T13:28:16+03:30
engineering/verification/history/cleanup-2026-09-29/npm-ci.log,147,2026-09-29T13:32:33+03:30
engineering/verification/history/cleanup-2026-09-29/physical-files.txt,5720,2026-09-29T13:49:03+03:30
engineering/verification/history/cleanup-2026-09-29/physical-tree.txt,7902,2026-09-29T13:48:57+03:30
engineering/verification/history/cleanup-2026-09-29/pre-cleanup-project.zip,1161072,2026-09-29T13:22:15+03:30
engineering/verification/history/cleanup-2026-09-29/pre-stage-secret-audit.json,60,2026-09-29T13:48:58+03:30
engineering/verification/history/cleanup-2026-09-29/protected-engine-hashes.json,1832,2026-09-29T13:22:15+03:30
engineering/verification/history/cleanup-2026-09-29/readme.txt,16538,2026-09-29T13:48:57+03:30
engineering/verification/history/cleanup-2026-09-29/regenerated-artifacts/dist/assets/index-Bs4qDQ5z.js,765273,2026-09-29T13:34:42+03:30
engineering/verification/history/cleanup-2026-09-29/regenerated-artifacts/dist/assets/index-Cg5ouiIq.css,174992,2026-09-29T13:34:42+03:30
engineering/verification/history/cleanup-2026-09-29/regenerated-artifacts/dist/index.html,723,2026-09-29T13:34:42+03:30
engineering/verification/history/cleanup-2026-09-29/regenerated-artifacts/node_modules/.bin/nanoid,818,2026-09-29T13:32:32+03:30
engineering/verification/history/cleanup-2026-09-29/regenerated-artifacts/node_modules/.bin/nanoid.cmd,325,2026-09-29T13:32:32+03:30
engineering/verification/history/cleanup-2026-09-29/regenerated-artifacts/node_modules/.bin/nanoid.ps1,809,2026-09-29T13:32:32+03:30
engineering/verification/history/cleanup-2026-09-29/regenerated-artifacts/node_modules/.bin/playwright-core,819,2026-09-29T13:32:32+03:30
engineering/verification/history/cleanup-2026-09-29/regenerated-artifacts/node_modules/.bin/playwright-core.cmd,326,2026-09-29T13:32:32+03:30
engineering/verification/history/cleanup-2026-09-29/regenerated-artifacts/node_modules/.bin/playwright-core.ps1,813,2026-09-29T13:32:32+03:30
engineering/verification/history/cleanup-2026-09-29/regenerated-artifacts/node_modules/.bin/rolldown,817,2026-09-29T13:32:32+03:30
engineering/verification/history/cleanup-2026-09-29/regenerated-artifacts/node_modules/.bin/rolldown.cmd,324,2026-09-29T13:32:32+03:30
engineering/verification/history/cleanup-2026-09-29/regenerated-artifacts/node_modules/.bin/rolldown.ps1,805,2026-09-29T13:32:32+03:30
engineering/verification/history/cleanup-2026-09-29/regenerated-artifacts/node_modules/.bin/vite,813,2026-09-29T13:32:32+03:30
engineering/verification/history/cleanup-2026-09-29/regenerated-artifacts/node_modules/.bin/vite.cmd,320,2026-09-29T13:32:32+03:30
engineering/verification/history/cleanup-2026-09-29/regenerated-artifacts/node_modules/.bin/vite.ps1,789,2026-09-29T13:32:32+03:30
engineering/verification/history/cleanup-2026-09-29/regenerated-artifacts/node_modules/.package-lock.json,11512,2026-09-29T13:32:32+03:30
engineering/verification/history/cleanup-2026-09-29/regenerated-artifacts/node_modules/.vite/deps_temp_728b837a/package.json,23,2026-09-29T13:37:48+03:30
engineering/verification/history/cleanup-2026-09-29/regenerated-artifacts/node_modules/.vite/deps_temp_92b881a8/package.json,23,2026-09-29T13:38:12+03:30
engineering/verification/history/cleanup-2026-09-29/regenerated-artifacts/node_modules/@oxc-project/types/LICENSE,1119,2026-09-29T13:32:32+03:30
engineering/verification/history/cleanup-2026-09-29/regenerated-artifacts/node_modules/@oxc-project/types/package.json,577,2026-09-29T13:32:32+03:30
engineering/verification/history/cleanup-2026-09-29/regenerated-artifacts/node_modules/@oxc-project/types/README.md,55,2026-09-29T13:32:32+03:30
engineering/verification/history/cleanup-2026-09-29/regenerated-artifacts/node_modules/@oxc-project/types/types.d.ts,42826,2026-09-29T13:32:32+03:30
engineering/verification/history/cleanup-2026-09-29/regenerated-artifacts/node_modules/@rolldown/binding-win32-x64-msvc/package.json,782,2026-09-29T13:32:32+03:30
engineering/verification/history/cleanup-2026-09-29/regenerated-artifacts/node_modules/@rolldown/binding-win32-x64-msvc/README.md,108,2026-09-29T13:32:32+03:30
engineering/verification/history/cleanup-2026-09-29/regenerated-artifacts/node_modules/@rolldown/binding-win32-x64-msvc/rolldown-binding.win32-x64-msvc.node,20955136,2026-09-29T13:32:32+03:30
engineering/verification/history/cleanup-2026-09-29/regenerated-artifacts/node_modules/@rolldown/pluginutils/dist/filter/index.d.mts,6612,2026-09-29T13:32:32+03:30
engineering/verification/history/cleanup-2026-09-29/regenerated-artifacts/node_modules/@rolldown/pluginutils/dist/filter/index.mjs,550,2026-09-29T13:32:32+03:30
engineering/verification/history/cleanup-2026-09-29/regenerated-artifacts/node_modules/@rolldown/pluginutils/dist/filter-B_mD-HGz.mjs,9099,2026-09-29T13:32:32+03:30
engineering/verification/history/cleanup-2026-09-29/regenerated-artifacts/node_modules/@rolldown/pluginutils/dist/index.d.mts,625,2026-09-29T13:32:32+03:30
engineering/verification/history/cleanup-2026-09-29/regenerated-artifacts/node_modules/@rolldown/pluginutils/dist/index.mjs,549,2026-09-29T13:32:32+03:30
engineering/verification/history/cleanup-2026-09-29/regenerated-artifacts/node_modules/@rolldown/pluginutils/LICENSE,1106,2026-09-29T13:32:32+03:30
engineering/verification/history/cleanup-2026-09-29/regenerated-artifacts/node_modules/@rolldown/pluginutils/package.json,975,2026-09-29T13:32:32+03:30
engineering/verification/history/cleanup-2026-09-29/regenerated-artifacts/node_modules/@rolldown/pluginutils/README.md,6177,2026-09-29T13:32:32+03:30
engineering/verification/history/cleanup-2026-09-29/regenerated-artifacts/node_modules/detect-libc/index.d.ts,436,2026-09-29T13:32:32+03:30
engineering/verification/history/cleanup-2026-09-29/regenerated-artifacts/node_modules/detect-libc/lib/detect-libc.js,7503,2026-09-29T13:32:32+03:30
engineering/verification/history/cleanup-2026-09-29/regenerated-artifacts/node_modules/detect-libc/lib/elf.js,982,2026-09-29T13:32:32+03:30
engineering/verification/history/cleanup-2026-09-29/regenerated-artifacts/node_modules/detect-libc/lib/filesystem.js,1097,2026-09-29T13:32:32+03:30
engineering/verification/history/cleanup-2026-09-29/regenerated-artifacts/node_modules/detect-libc/lib/process.js,569,2026-09-29T13:32:32+03:30
engineering/verification/history/cleanup-2026-09-29/regenerated-artifacts/node_modules/detect-libc/LICENSE,11357,2026-09-29T13:32:32+03:30
engineering/verification/history/cleanup-2026-09-29/regenerated-artifacts/node_modules/detect-libc/package.json,1278,2026-09-29T13:32:32+03:30
engineering/verification/history/cleanup-2026-09-29/regenerated-artifacts/node_modules/detect-libc/README.md,3215,2026-09-29T13:32:32+03:30
engineering/verification/history/cleanup-2026-09-29/regenerated-artifacts/node_modules/fancy-canvas/canvas-element-bitmap-size.d.mts,1577,2026-09-29T13:32:32+03:30
engineering/verification/history/cleanup-2026-09-29/regenerated-artifacts/node_modules/fancy-canvas/canvas-element-bitmap-size.d.ts,1575,2026-09-29T13:32:32+03:30
engineering/verification/history/cleanup-2026-09-29/regenerated-artifacts/node_modules/fancy-canvas/canvas-element-bitmap-size.js,11349,2026-09-29T13:32:32+03:30
engineering/verification/history/cleanup-2026-09-29/regenerated-artifacts/node_modules/fancy-canvas/canvas-element-bitmap-size.mjs,11106,2026-09-29T13:32:32+03:30
engineering/verification/history/cleanup-2026-09-29/regenerated-artifacts/node_modules/fancy-canvas/canvas-rendering-target.d.mts,1468,2026-09-29T13:32:32+03:30
engineering/verification/history/cleanup-2026-09-29/regenerated-artifacts/node_modules/fancy-canvas/canvas-rendering-target.d.ts,1466,2026-09-29T13:32:32+03:30
engineering/verification/history/cleanup-2026-09-29/regenerated-artifacts/node_modules/fancy-canvas/canvas-rendering-target.js,3981,2026-09-29T13:32:32+03:30
engineering/verification/history/cleanup-2026-09-29/regenerated-artifacts/node_modules/fancy-canvas/canvas-rendering-target.mjs,3622,2026-09-29T13:32:32+03:30
engineering/verification/history/cleanup-2026-09-29/regenerated-artifacts/node_modules/fancy-canvas/device-pixel-ratio.d.mts,180,2026-09-29T13:32:32+03:30
engineering/verification/history/cleanup-2026-09-29/regenerated-artifacts/node_modules/fancy-canvas/device-pixel-ratio.d.ts,178,2026-09-29T13:32:32+03:30
engineering/verification/history/cleanup-2026-09-29/regenerated-artifacts/node_modules/fancy-canvas/device-pixel-ratio.js,2759,2026-09-29T13:32:32+03:30
engineering/verification/history/cleanup-2026-09-29/regenerated-artifacts/node_modules/fancy-canvas/device-pixel-ratio.mjs,2609,2026-09-29T13:32:32+03:30
engineering/verification/history/cleanup-2026-09-29/regenerated-artifacts/node_modules/fancy-canvas/disposable.d.mts,61,2026-09-29T13:32:32+03:30
engineering/verification/history/cleanup-2026-09-29/regenerated-artifacts/node_modules/fancy-canvas/disposable.d.ts,61,2026-09-29T13:32:32+03:30
engineering/verification/history/cleanup-2026-09-29/regenerated-artifacts/node_modules/fancy-canvas/disposable.js,77,2026-09-29T13:32:32+03:30
engineering/verification/history/cleanup-2026-09-29/regenerated-artifacts/node_modules/fancy-canvas/disposable.mjs,11,2026-09-29T13:32:32+03:30
engineering/verification/history/cleanup-2026-09-29/regenerated-artifacts/node_modules/fancy-canvas/index.d.mts,533,2026-09-29T13:32:32+03:30
engineering/verification/history/cleanup-2026-09-29/regenerated-artifacts/node_modules/fancy-canvas/index.d.ts,529,2026-09-29T13:32:32+03:30
engineering/verification/history/cleanup-2026-09-29/regenerated-artifacts/node_modules/fancy-canvas/index.js,1378,2026-09-29T13:32:32+03:30
engineering/verification/history/cleanup-2026-09-29/regenerated-artifacts/node_modules/fancy-canvas/index.mjs,279,2026-09-29T13:32:32+03:30
engineering/verification/history/cleanup-2026-09-29/regenerated-artifacts/node_modules/fancy-canvas/package.json,536,2026-09-29T13:32:32+03:30
engineering/verification/history/cleanup-2026-09-29/regenerated-artifacts/node_modules/fancy-canvas/rx.d.mts,309,2026-09-29T13:32:32+03:30
engineering/verification/history/cleanup-2026-09-29/regenerated-artifacts/node_modules/fancy-canvas/rx.d.ts,309,2026-09-29T13:32:32+03:30
engineering/verification/history/cleanup-2026-09-29/regenerated-artifacts/node_modules/fancy-canvas/rx.js,77,2026-09-29T13:32:32+03:30
engineering/verification/history/cleanup-2026-09-29/regenerated-artifacts/node_modules/fancy-canvas/rx.mjs,11,2026-09-29T13:32:32+03:30
engineering/verification/history/cleanup-2026-09-29/regenerated-artifacts/node_modules/fancy-canvas/size.d.mts,355,2026-09-29T13:32:32+03:30
engineering/verification/history/cleanup-2026-09-29/regenerated-artifacts/node_modules/fancy-canvas/size.d.ts,355,2026-09-29T13:32:32+03:30
engineering/verification/history/cleanup-2026-09-29/regenerated-artifacts/node_modules/fancy-canvas/size.js,625,2026-09-29T13:32:32+03:30
engineering/verification/history/cleanup-2026-09-29/regenerated-artifacts/node_modules/fancy-canvas/size.mjs,464,2026-09-29T13:32:32+03:30
engineering/verification/history/cleanup-2026-09-29/regenerated-artifacts/node_modules/fdir/dist/index.cjs,18210,2026-09-29T13:32:32+03:30
engineering/verification/history/cleanup-2026-09-29/regenerated-artifacts/node_modules/fdir/dist/index.d.cts,5129,2026-09-29T13:32:32+03:30
engineering/verification/history/cleanup-2026-09-29/regenerated-artifacts/node_modules/fdir/dist/index.d.mts,5129,2026-09-29T13:32:32+03:30
engineering/verification/history/cleanup-2026-09-29/regenerated-artifacts/node_modules/fdir/dist/index.mjs,17225,2026-09-29T13:32:32+03:30
engineering/verification/history/cleanup-2026-09-29/regenerated-artifacts/node_modules/fdir/LICENSE,1053,2026-09-29T13:32:32+03:30
engineering/verification/history/cleanup-2026-09-29/regenerated-artifacts/node_modules/fdir/package.json,2694,2026-09-29T13:32:32+03:30
engineering/verification/history/cleanup-2026-09-29/regenerated-artifacts/node_modules/fdir/README.md,3851,2026-09-29T13:32:32+03:30
engineering/verification/history/cleanup-2026-09-29/regenerated-artifacts/node_modules/lightningcss/LICENSE,15648,2026-09-29T13:32:32+03:30
engineering/verification/history/cleanup-2026-09-29/regenerated-artifacts/node_modules/lightningcss/node/ast.d.ts,213707,2026-09-29T13:32:32+03:30
engineering/verification/history/cleanup-2026-09-29/regenerated-artifacts/node_modules/lightningcss/node/ast.js.flow,218067,2026-09-29T13:32:32+03:30
engineering/verification/history/cleanup-2026-09-29/regenerated-artifacts/node_modules/lightningcss/node/browserslistToTargets.js,929,2026-09-29T13:32:32+03:30
engineering/verification/history/cleanup-2026-09-29/regenerated-artifacts/node_modules/lightningcss/node/composeVisitors.js,11393,2026-09-29T13:32:32+03:30
engineering/verification/history/cleanup-2026-09-29/regenerated-artifacts/node_modules/lightningcss/node/flags.js,666,2026-09-29T13:32:32+03:30
engineering/verification/history/cleanup-2026-09-29/regenerated-artifacts/node_modules/lightningcss/node/index.d.ts,18831,2026-09-29T13:32:32+03:30
engineering/verification/history/cleanup-2026-09-29/regenerated-artifacts/node_modules/lightningcss/node/index.js,1665,2026-09-29T13:32:32+03:30
engineering/verification/history/cleanup-2026-09-29/regenerated-artifacts/node_modules/lightningcss/node/index.js.flow,21054,2026-09-29T13:32:32+03:30
engineering/verification/history/cleanup-2026-09-29/regenerated-artifacts/node_modules/lightningcss/node/index.mjs,276,2026-09-29T13:32:32+03:30
engineering/verification/history/cleanup-2026-09-29/regenerated-artifacts/node_modules/lightningcss/node/targets.d.ts,867,2026-09-29T13:32:32+03:30
engineering/verification/history/cleanup-2026-09-29/regenerated-artifacts/node_modules/lightningcss/node/targets.js.flow,819,2026-09-29T13:32:32+03:30
engineering/verification/history/cleanup-2026-09-29/regenerated-artifacts/node_modules/lightningcss/package.json,3834,2026-09-29T13:32:32+03:30
engineering/verification/history/cleanup-2026-09-29/regenerated-artifacts/node_modules/lightningcss/README.md,6058,2026-09-29T13:32:32+03:30
engineering/verification/history/cleanup-2026-09-29/regenerated-artifacts/node_modules/lightningcss-win32-x64-msvc/LICENSE,15648,2026-09-29T13:32:32+03:30
engineering/verification/history/cleanup-2026-09-29/regenerated-artifacts/node_modules/lightningcss-win32-x64-msvc/lightningcss.win32-x64-msvc.node,9484800,2026-09-29T13:32:32+03:30
engineering/verification/history/cleanup-2026-09-29/regenerated-artifacts/node_modules/lightningcss-win32-x64-msvc/package.json,719,2026-09-29T13:32:32+03:30
engineering/verification/history/cleanup-2026-09-29/regenerated-artifacts/node_modules/lightningcss-win32-x64-msvc/README.md,121,2026-09-29T13:32:32+03:30
engineering/verification/history/cleanup-2026-09-29/regenerated-artifacts/node_modules/lightweight-charts/dist/lightweight-charts.development.mjs,743893,2026-09-29T13:32:32+03:30
engineering/verification/history/cleanup-2026-09-29/regenerated-artifacts/node_modules/lightweight-charts/dist/lightweight-charts.production.mjs,189213,2026-09-29T13:32:32+03:30
engineering/verification/history/cleanup-2026-09-29/regenerated-artifacts/node_modules/lightweight-charts/dist/lightweight-charts.standalone.development.js,828924,2026-09-29T13:32:32+03:30
engineering/verification/history/cleanup-2026-09-29/regenerated-artifacts/node_modules/lightweight-charts/dist/lightweight-charts.standalone.development.mjs,760671,2026-09-29T13:32:32+03:30
engineering/verification/history/cleanup-2026-09-29/regenerated-artifacts/node_modules/lightweight-charts/dist/lightweight-charts.standalone.production.js,197922,2026-09-29T13:32:32+03:30
engineering/verification/history/cleanup-2026-09-29/regenerated-artifacts/node_modules/lightweight-charts/dist/lightweight-charts.standalone.production.mjs,197827,2026-09-29T13:32:32+03:30
engineering/verification/history/cleanup-2026-09-29/regenerated-artifacts/node_modules/lightweight-charts/dist/typings.d.ts,156435,2026-09-29T13:32:32+03:30
engineering/verification/history/cleanup-2026-09-29/regenerated-artifacts/node_modules/lightweight-charts/LICENSE,11347,2026-09-29T13:32:32+03:30
engineering/verification/history/cleanup-2026-09-29/regenerated-artifacts/node_modules/lightweight-charts/package.json,1368,2026-09-29T13:32:32+03:30
engineering/verification/history/cleanup-2026-09-29/regenerated-artifacts/node_modules/lightweight-charts/README.md,7412,2026-09-29T13:32:32+03:30
engineering/verification/history/cleanup-2026-09-29/regenerated-artifacts/node_modules/nanoid/async/index.browser.cjs,1031,2026-09-29T13:32:32+03:30
engineering/verification/history/cleanup-2026-09-29/regenerated-artifacts/node_modules/nanoid/async/index.browser.js,1021,2026-09-29T13:32:32+03:30
engineering/verification/history/cleanup-2026-09-29/regenerated-artifacts/node_modules/nanoid/async/index.cjs,1087,2026-09-29T13:32:32+03:30
engineering/verification/history/cleanup-2026-09-29/regenerated-artifacts/node_modules/nanoid/async/index.d.ts,1505,2026-09-29T13:32:32+03:30
engineering/verification/history/cleanup-2026-09-29/regenerated-artifacts/node_modules/nanoid/async/index.js,1070,2026-09-29T13:32:32+03:30
engineering/verification/history/cleanup-2026-09-29/regenerated-artifacts/node_modules/nanoid/async/index.native.js,908,2026-09-29T13:32:32+03:30
engineering/verification/history/cleanup-2026-09-29/regenerated-artifacts/node_modules/nanoid/async/package.json,233,2026-09-29T13:32:32+03:30
engineering/verification/history/cleanup-2026-09-29/regenerated-artifacts/node_modules/nanoid/bin/nanoid.cjs,1129,2026-09-29T13:32:32+03:30
engineering/verification/history/cleanup-2026-09-29/regenerated-artifacts/node_modules/nanoid/index.browser.cjs,1117,2026-09-29T13:32:32+03:30
engineering/verification/history/cleanup-2026-09-29/regenerated-artifacts/node_modules/nanoid/index.browser.js,1103,2026-09-29T13:32:32+03:30
engineering/verification/history/cleanup-2026-09-29/regenerated-artifacts/node_modules/nanoid/index.cjs,1454,2026-09-29T13:32:32+03:30
engineering/verification/history/cleanup-2026-09-29/regenerated-artifacts/node_modules/nanoid/index.d.cts,2252,2026-09-29T13:32:32+03:30
engineering/verification/history/cleanup-2026-09-29/regenerated-artifacts/node_modules/nanoid/index.d.ts,2252,2026-09-29T13:32:32+03:30
engineering/verification/history/cleanup-2026-09-29/regenerated-artifacts/node_modules/nanoid/index.js,1498,2026-09-29T13:32:32+03:30
engineering/verification/history/cleanup-2026-09-29/regenerated-artifacts/node_modules/nanoid/LICENSE,1095,2026-09-29T13:32:32+03:30
engineering/verification/history/cleanup-2026-09-29/regenerated-artifacts/node_modules/nanoid/nanoid.js,169,2026-09-29T13:32:32+03:30
engineering/verification/history/cleanup-2026-09-29/regenerated-artifacts/node_modules/nanoid/non-secure/index.cjs,518,2026-09-29T13:32:32+03:30
engineering/verification/history/cleanup-2026-09-29/regenerated-artifacts/node_modules/nanoid/non-secure/index.d.ts,983,2026-09-29T13:32:32+03:30
engineering/verification/history/cleanup-2026-09-29/regenerated-artifacts/node_modules/nanoid/non-secure/index.js,508,2026-09-29T13:32:32+03:30
engineering/verification/history/cleanup-2026-09-29/regenerated-artifacts/node_modules/nanoid/non-secure/package.json,99,2026-09-29T13:32:32+03:30
engineering/verification/history/cleanup-2026-09-29/regenerated-artifacts/node_modules/nanoid/package.json,2283,2026-09-29T13:32:32+03:30
engineering/verification/history/cleanup-2026-09-29/regenerated-artifacts/node_modules/nanoid/README.md,1552,2026-09-29T13:32:32+03:30
engineering/verification/history/cleanup-2026-09-29/regenerated-artifacts/node_modules/nanoid/url-alphabet/index.cjs,121,2026-09-29T13:32:32+03:30
engineering/verification/history/cleanup-2026-09-29/regenerated-artifacts/node_modules/nanoid/url-alphabet/index.js,111,2026-09-29T13:32:32+03:30
engineering/verification/history/cleanup-2026-09-29/regenerated-artifacts/node_modules/nanoid/url-alphabet/package.json,99,2026-09-29T13:32:32+03:30
engineering/verification/history/cleanup-2026-09-29/regenerated-artifacts/node_modules/picocolors/LICENSE,787,2026-09-29T13:32:32+03:30
engineering/verification/history/cleanup-2026-09-29/regenerated-artifacts/node_modules/picocolors/package.json,552,2026-09-29T13:32:32+03:30
engineering/verification/history/cleanup-2026-09-29/regenerated-artifacts/node_modules/picocolors/picocolors.browser.js,598,2026-09-29T13:32:32+03:30
engineering/verification/history/cleanup-2026-09-29/regenerated-artifacts/node_modules/picocolors/picocolors.d.ts,138,2026-09-29T13:32:32+03:30
engineering/verification/history/cleanup-2026-09-29/regenerated-artifacts/node_modules/picocolors/picocolors.js,2663,2026-09-29T13:32:32+03:30
engineering/verification/history/cleanup-2026-09-29/regenerated-artifacts/node_modules/picocolors/README.md,622,2026-09-29T13:32:32+03:30
engineering/verification/history/cleanup-2026-09-29/regenerated-artifacts/node_modules/picocolors/types.d.ts,1013,2026-09-29T13:32:32+03:30
engineering/verification/history/cleanup-2026-09-29/regenerated-artifacts/node_modules/picomatch/index.js,479,2026-09-29T13:32:32+03:30
engineering/verification/history/cleanup-2026-09-29/regenerated-artifacts/node_modules/picomatch/lib/constants.js,4552,2026-09-29T13:32:32+03:30
engineering/verification/history/cleanup-2026-09-29/regenerated-artifacts/node_modules/picomatch/lib/parse.js,34668,2026-09-29T13:32:32+03:30
engineering/verification/history/cleanup-2026-09-29/regenerated-artifacts/node_modules/picomatch/lib/picomatch.js,10722,2026-09-29T13:32:32+03:30
engineering/verification/history/cleanup-2026-09-29/regenerated-artifacts/node_modules/picomatch/lib/scan.js,9189,2026-09-29T13:32:32+03:30
engineering/verification/history/cleanup-2026-09-29/regenerated-artifacts/node_modules/picomatch/lib/utils.js,1994,2026-09-29T13:32:32+03:30
engineering/verification/history/cleanup-2026-09-29/regenerated-artifacts/node_modules/picomatch/LICENSE,1091,2026-09-29T13:32:32+03:30
engineering/verification/history/cleanup-2026-09-29/regenerated-artifacts/node_modules/picomatch/package.json,1915,2026-09-29T13:32:32+03:30
engineering/verification/history/cleanup-2026-09-29/regenerated-artifacts/node_modules/picomatch/posix.js,60,2026-09-29T13:32:32+03:30
engineering/verification/history/cleanup-2026-09-29/regenerated-artifacts/node_modules/picomatch/README.md,28319,2026-09-29T13:32:32+03:30
engineering/verification/history/cleanup-2026-09-29/regenerated-artifacts/node_modules/playwright-core/bin/install_media_pack.ps1,174,2026-09-29T13:32:32+03:30
engineering/verification/history/cleanup-2026-09-29/regenerated-artifacts/node_modules/playwright-core/bin/install_webkit_wsl.ps1,1464,2026-09-29T13:32:32+03:30
engineering/verification/history/cleanup-2026-09-29/regenerated-artifacts/node_modules/playwright-core/bin/reinstall_chrome_beta_linux.sh,1217,2026-09-29T13:32:32+03:30
engineering/verification/history/cleanup-2026-09-29/regenerated-artifacts/node_modules/playwright-core/bin/reinstall_chrome_beta_mac.sh,563,2026-09-29T13:32:32+03:30
engineering/verification/history/cleanup-2026-09-29/regenerated-artifacts/node_modules/playwright-core/bin/reinstall_chrome_beta_win.ps1,957,2026-09-29T13:32:32+03:30
engineering/verification/history/cleanup-2026-09-29/regenerated-artifacts/node_modules/playwright-core/bin/reinstall_chrome_stable_linux.sh,1212,2026-09-29T13:32:32+03:30
engineering/verification/history/cleanup-2026-09-29/regenerated-artifacts/node_modules/playwright-core/bin/reinstall_chrome_stable_mac.sh,519,2026-09-29T13:32:32+03:30
engineering/verification/history/cleanup-2026-09-29/regenerated-artifacts/node_modules/playwright-core/bin/reinstall_chrome_stable_win.ps1,923,2026-09-29T13:32:32+03:30
engineering/verification/history/cleanup-2026-09-29/regenerated-artifacts/node_modules/playwright-core/bin/reinstall_msedge_beta_linux.sh,1494,2026-09-29T13:32:32+03:30
engineering/verification/history/cleanup-2026-09-29/regenerated-artifacts/node_modules/playwright-core/bin/reinstall_msedge_beta_mac.sh,377,2026-09-29T13:32:32+03:30
engineering/verification/history/cleanup-2026-09-29/regenerated-artifacts/node_modules/playwright-core/bin/reinstall_msedge_beta_win.ps1,874,2026-09-29T13:32:32+03:30
engineering/verification/history/cleanup-2026-09-29/regenerated-artifacts/node_modules/playwright-core/bin/reinstall_msedge_dev_linux.sh,1489,2026-09-29T13:32:32+03:30
engineering/verification/history/cleanup-2026-09-29/regenerated-artifacts/node_modules/playwright-core/bin/reinstall_msedge_dev_mac.sh,372,2026-09-29T13:32:32+03:30
engineering/verification/history/cleanup-2026-09-29/regenerated-artifacts/node_modules/playwright-core/bin/reinstall_msedge_dev_win.ps1,869,2026-09-29T13:32:32+03:30
engineering/verification/history/cleanup-2026-09-29/regenerated-artifacts/node_modules/playwright-core/bin/reinstall_msedge_stable_linux.sh,1507,2026-09-29T13:32:32+03:30
engineering/verification/history/cleanup-2026-09-29/regenerated-artifacts/node_modules/playwright-core/bin/reinstall_msedge_stable_mac.sh,371,2026-09-29T13:32:32+03:30
engineering/verification/history/cleanup-2026-09-29/regenerated-artifacts/node_modules/playwright-core/bin/reinstall_msedge_stable_win.ps1,856,2026-09-29T13:32:32+03:30
engineering/verification/history/cleanup-2026-09-29/regenerated-artifacts/node_modules/playwright-core/browsers.json,1137,2026-09-29T13:32:32+03:30
engineering/verification/history/cleanup-2026-09-29/regenerated-artifacts/node_modules/playwright-core/cli.js,839,2026-09-29T13:32:32+03:30
engineering/verification/history/cleanup-2026-09-29/regenerated-artifacts/node_modules/playwright-core/index.d.ts,634,2026-09-29T13:32:32+03:30
engineering/verification/history/cleanup-2026-09-29/regenerated-artifacts/node_modules/playwright-core/index.js,697,2026-09-29T13:32:32+03:30
engineering/verification/history/cleanup-2026-09-29/regenerated-artifacts/node_modules/playwright-core/index.mjs,1063,2026-09-29T13:32:32+03:30
engineering/verification/history/cleanup-2026-09-29/regenerated-artifacts/node_modules/playwright-core/lib/bootstrap.js,3481,2026-09-29T13:32:32+03:30
engineering/verification/history/cleanup-2026-09-29/regenerated-artifacts/node_modules/playwright-core/lib/coreBundle.js,3477183,2026-09-29T13:32:32+03:30
engineering/verification/history/cleanup-2026-09-29/regenerated-artifacts/node_modules/playwright-core/lib/entry/cliDaemon.js,197,2026-09-29T13:32:32+03:30
engineering/verification/history/cleanup-2026-09-29/regenerated-artifacts/node_modules/playwright-core/lib/entry/dashboardApp.js,108,2026-09-29T13:32:32+03:30
engineering/verification/history/cleanup-2026-09-29/regenerated-artifacts/node_modules/playwright-core/lib/entry/mcp.js,442,2026-09-29T13:32:32+03:30
engineering/verification/history/cleanup-2026-09-29/regenerated-artifacts/node_modules/playwright-core/lib/entry/oopBrowserDownload.js,120,2026-09-29T13:32:32+03:30
engineering/verification/history/cleanup-2026-09-29/regenerated-artifacts/node_modules/playwright-core/lib/package.js,2112,2026-09-29T13:32:32+03:30
engineering/verification/history/cleanup-2026-09-29/regenerated-artifacts/node_modules/playwright-core/lib/server/chromium/appIcon.png,16565,2026-09-29T13:32:32+03:30
engineering/verification/history/cleanup-2026-09-29/regenerated-artifacts/node_modules/playwright-core/lib/server/electron/loader.js,4994,2026-09-29T13:32:32+03:30
engineering/verification/history/cleanup-2026-09-29/regenerated-artifacts/node_modules/playwright-core/lib/serverRegistry.js,57039,2026-09-29T13:32:32+03:30
engineering/verification/history/cleanup-2026-09-29/regenerated-artifacts/node_modules/playwright-core/lib/serverRegistry.js.LICENSE,2982,2026-09-29T13:32:32+03:30
engineering/verification/history/cleanup-2026-09-29/regenerated-artifacts/node_modules/playwright-core/lib/tools/cli-client/channelSessions.js,7087,2026-09-29T13:32:32+03:30
engineering/verification/history/cleanup-2026-09-29/regenerated-artifacts/node_modules/playwright-core/lib/tools/cli-client/cli.js,153,2026-09-29T13:32:32+03:30
engineering/verification/history/cleanup-2026-09-29/regenerated-artifacts/node_modules/playwright-core/lib/tools/cli-client/help.json,38799,2026-09-29T13:32:32+03:30
engineering/verification/history/cleanup-2026-09-29/regenerated-artifacts/node_modules/playwright-core/lib/tools/cli-client/minimist.js,4109,2026-09-29T13:32:32+03:30
engineering/verification/history/cleanup-2026-09-29/regenerated-artifacts/node_modules/playwright-core/lib/tools/cli-client/output.js,11972,2026-09-29T13:32:32+03:30
engineering/verification/history/cleanup-2026-09-29/regenerated-artifacts/node_modules/playwright-core/lib/tools/cli-client/program.js,16373,2026-09-29T13:32:32+03:30
engineering/verification/history/cleanup-2026-09-29/regenerated-artifacts/node_modules/playwright-core/lib/tools/cli-client/registry.js,6768,2026-09-29T13:32:32+03:30
engineering/verification/history/cleanup-2026-09-29/regenerated-artifacts/node_modules/playwright-core/lib/tools/cli-client/session.js,9544,2026-09-29T13:32:32+03:30
engineering/verification/history/cleanup-2026-09-29/regenerated-artifacts/node_modules/playwright-core/lib/tools/dashboard/appIcon.png,18945,2026-09-29T13:32:32+03:30
engineering/verification/history/cleanup-2026-09-29/regenerated-artifacts/node_modules/playwright-core/lib/tools/skills/playwright-cli/references/element-attributes.md,665,2026-09-29T13:32:32+03:30
engineering/verification/history/cleanup-2026-09-29/regenerated-artifacts/node_modules/playwright-core/lib/tools/skills/playwright-cli/references/playwright-tests.md,1690,2026-09-29T13:32:32+03:30
engineering/verification/history/cleanup-2026-09-29/regenerated-artifacts/node_modules/playwright-core/lib/tools/skills/playwright-cli/references/request-mocking.md,2182,2026-09-29T13:32:32+03:30
engineering/verification/history/cleanup-2026-09-29/regenerated-artifacts/node_modules/playwright-core/lib/tools/skills/playwright-cli/references/running-code.md,5642,2026-09-29T13:32:32+03:30
engineering/verification/history/cleanup-2026-09-29/regenerated-artifacts/node_modules/playwright-core/lib/tools/skills/playwright-cli/references/session-management.md,5671,2026-09-29T13:32:32+03:30
engineering/verification/history/cleanup-2026-09-29/regenerated-artifacts/node_modules/playwright-core/lib/tools/skills/playwright-cli/references/storage-state.md,5198,2026-09-29T13:32:32+03:30
engineering/verification/history/cleanup-2026-09-29/regenerated-artifacts/node_modules/playwright-core/lib/tools/skills/playwright-cli/references/test-generation.md,16114,2026-09-29T13:32:32+03:30
engineering/verification/history/cleanup-2026-09-29/regenerated-artifacts/node_modules/playwright-core/lib/tools/skills/playwright-cli/references/tracing.md,3456,2026-09-29T13:32:32+03:30
engineering/verification/history/cleanup-2026-09-29/regenerated-artifacts/node_modules/playwright-core/lib/tools/skills/playwright-cli/references/video-recording.md,5387,2026-09-29T13:32:32+03:30
engineering/verification/history/cleanup-2026-09-29/regenerated-artifacts/node_modules/playwright-core/lib/tools/skills/playwright-cli/SKILL.md,12726,2026-09-29T13:32:32+03:30
engineering/verification/history/cleanup-2026-09-29/regenerated-artifacts/node_modules/playwright-core/lib/tools/skills/playwright-component-testing/references/gallery-spec.md,6199,2026-09-29T13:32:32+03:30
engineering/verification/history/cleanup-2026-09-29/regenerated-artifacts/node_modules/playwright-core/lib/tools/skills/playwright-component-testing/references/migration.md,5031,2026-09-29T13:32:32+03:30
engineering/verification/history/cleanup-2026-09-29/regenerated-artifacts/node_modules/playwright-core/lib/tools/skills/playwright-component-testing/references/react.md,3115,2026-09-29T13:32:32+03:30
engineering/verification/history/cleanup-2026-09-29/regenerated-artifacts/node_modules/playwright-core/lib/tools/skills/playwright-component-testing/references/typing.md,6883,2026-09-29T13:32:32+03:30
engineering/verification/history/cleanup-2026-09-29/regenerated-artifacts/node_modules/playwright-core/lib/tools/skills/playwright-component-testing/references/vue.md,3374,2026-09-29T13:32:32+03:30
engineering/verification/history/cleanup-2026-09-29/regenerated-artifacts/node_modules/playwright-core/lib/tools/skills/playwright-component-testing/SKILL.md,10404,2026-09-29T13:32:32+03:30
engineering/verification/history/cleanup-2026-09-29/regenerated-artifacts/node_modules/playwright-core/lib/tools/skills/playwright-trace/SKILL.md,4845,2026-09-29T13:32:32+03:30
engineering/verification/history/cleanup-2026-09-29/regenerated-artifacts/node_modules/playwright-core/lib/tools/utils/extension.js,4689,2026-09-29T13:32:32+03:30
engineering/verification/history/cleanup-2026-09-29/regenerated-artifacts/node_modules/playwright-core/lib/tools/utils/socketConnection.js,3317,2026-09-29T13:32:32+03:30
engineering/verification/history/cleanup-2026-09-29/regenerated-artifacts/node_modules/playwright-core/lib/utilsBundle.js,3048692,2026-09-29T13:32:32+03:30
engineering/verification/history/cleanup-2026-09-29/regenerated-artifacts/node_modules/playwright-core/lib/utilsBundle.js.LICENSE,106591,2026-09-29T13:32:32+03:30
engineering/verification/history/cleanup-2026-09-29/regenerated-artifacts/node_modules/playwright-core/lib/vite/dashboard/assets/codeMirrorModule--QdMvsKi.css,6251,2026-09-29T13:32:32+03:30
engineering/verification/history/cleanup-2026-09-29/regenerated-artifacts/node_modules/playwright-core/lib/vite/dashboard/assets/codeMirrorModule-CQ8RZGBm.js,307374,2026-09-29T13:32:32+03:30
engineering/verification/history/cleanup-2026-09-29/regenerated-artifacts/node_modules/playwright-core/lib/vite/dashboard/assets/codicon-DCmgc-ay.ttf,80340,2026-09-29T13:32:32+03:30
engineering/verification/history/cleanup-2026-09-29/regenerated-artifacts/node_modules/playwright-core/lib/vite/dashboard/assets/firefox-1bWoP6pv.svg,7488,2026-09-29T13:32:32+03:30
engineering/verification/history/cleanup-2026-09-29/regenerated-artifacts/node_modules/playwright-core/lib/vite/dashboard/assets/firefox-beta-k3eOH_eK.svg,9280,2026-09-29T13:32:32+03:30
engineering/verification/history/cleanup-2026-09-29/regenerated-artifacts/node_modules/playwright-core/lib/vite/dashboard/assets/firefox-nightly-Cp5nfeDT.svg,9143,2026-09-29T13:32:32+03:30
engineering/verification/history/cleanup-2026-09-29/regenerated-artifacts/node_modules/playwright-core/lib/vite/dashboard/assets/index-AwgwcYie.css,139111,2026-09-29T13:32:32+03:30
engineering/verification/history/cleanup-2026-09-29/regenerated-artifacts/node_modules/playwright-core/lib/vite/dashboard/assets/index-hRvO4yU2.js,336491,2026-09-29T13:32:32+03:30
engineering/verification/history/cleanup-2026-09-29/regenerated-artifacts/node_modules/playwright-core/lib/vite/dashboard/assets/safari-na3_-uQk.svg,5254,2026-09-29T13:32:32+03:30
engineering/verification/history/cleanup-2026-09-29/regenerated-artifacts/node_modules/playwright-core/lib/vite/dashboard/index.html,1078,2026-09-29T13:32:32+03:30
engineering/verification/history/cleanup-2026-09-29/regenerated-artifacts/node_modules/playwright-core/lib/vite/dashboard/playwright-logo.svg,5645,2026-09-29T13:32:32+03:30
engineering/verification/history/cleanup-2026-09-29/regenerated-artifacts/node_modules/playwright-core/lib/vite/htmlReport/index.html,464,2026-09-29T13:32:32+03:30
engineering/verification/history/cleanup-2026-09-29/regenerated-artifacts/node_modules/playwright-core/lib/vite/htmlReport/report.css,100452,2026-09-29T13:32:32+03:30
engineering/verification/history/cleanup-2026-09-29/regenerated-artifacts/node_modules/playwright-core/lib/vite/htmlReport/report.js,415864,2026-09-29T13:32:32+03:30
engineering/verification/history/cleanup-2026-09-29/regenerated-artifacts/node_modules/playwright-core/lib/vite/recorder/assets/codeMirrorModule--QdMvsKi.css,6251,2026-09-29T13:32:32+03:30
engineering/verification/history/cleanup-2026-09-29/regenerated-artifacts/node_modules/playwright-core/lib/vite/recorder/assets/codeMirrorModule-CVQWJZAA.js,307374,2026-09-29T13:32:32+03:30
engineering/verification/history/cleanup-2026-09-29/regenerated-artifacts/node_modules/playwright-core/lib/vite/recorder/assets/codicon-DCmgc-ay.ttf,80340,2026-09-29T13:32:32+03:30
engineering/verification/history/cleanup-2026-09-29/regenerated-artifacts/node_modules/playwright-core/lib/vite/recorder/assets/index-BZpYJZ-P.css,85502,2026-09-29T13:32:32+03:30
engineering/verification/history/cleanup-2026-09-29/regenerated-artifacts/node_modules/playwright-core/lib/vite/recorder/assets/index-hrlLqLtq.js,358603,2026-09-29T13:32:32+03:30
engineering/verification/history/cleanup-2026-09-29/regenerated-artifacts/node_modules/playwright-core/lib/vite/recorder/index.html,1078,2026-09-29T13:32:32+03:30
engineering/verification/history/cleanup-2026-09-29/regenerated-artifacts/node_modules/playwright-core/lib/vite/recorder/playwright-logo.svg,5033,2026-09-29T13:32:32+03:30
engineering/verification/history/cleanup-2026-09-29/regenerated-artifacts/node_modules/playwright-core/lib/vite/traceViewer/assets/codeMirrorModule-BbkfBe3n.js,307393,2026-09-29T13:32:32+03:30
engineering/verification/history/cleanup-2026-09-29/regenerated-artifacts/node_modules/playwright-core/lib/vite/traceViewer/assets/defaultSettingsView-Ds6CBOo0.js,654294,2026-09-29T13:32:32+03:30
engineering/verification/history/cleanup-2026-09-29/regenerated-artifacts/node_modules/playwright-core/lib/vite/traceViewer/assets/urlMatch-L3liM589.js,2510,2026-09-29T13:32:32+03:30
engineering/verification/history/cleanup-2026-09-29/regenerated-artifacts/node_modules/playwright-core/lib/vite/traceViewer/assets/xtermModule-DywYcAf8.js,288730,2026-09-29T13:32:32+03:30
engineering/verification/history/cleanup-2026-09-29/regenerated-artifacts/node_modules/playwright-core/lib/vite/traceViewer/codeMirrorModule.-QdMvsKi.css,6251,2026-09-29T13:32:32+03:30
engineering/verification/history/cleanup-2026-09-29/regenerated-artifacts/node_modules/playwright-core/lib/vite/traceViewer/codicon.DCmgc-ay.ttf,80340,2026-09-29T13:32:32+03:30
engineering/verification/history/cleanup-2026-09-29/regenerated-artifacts/node_modules/playwright-core/lib/vite/traceViewer/defaultSettingsView.Bqk9acqE.css,107049,2026-09-29T13:32:32+03:30
engineering/verification/history/cleanup-2026-09-29/regenerated-artifacts/node_modules/playwright-core/lib/vite/traceViewer/index.B4cLoZK3.js,6628,2026-09-29T13:32:32+03:30
engineering/verification/history/cleanup-2026-09-29/regenerated-artifacts/node_modules/playwright-core/lib/vite/traceViewer/index.B_TqY17P.css,2055,2026-09-29T13:32:32+03:30
engineering/verification/history/cleanup-2026-09-29/regenerated-artifacts/node_modules/playwright-core/lib/vite/traceViewer/index.html,2363,2026-09-29T13:32:32+03:30
engineering/verification/history/cleanup-2026-09-29/regenerated-artifacts/node_modules/playwright-core/lib/vite/traceViewer/manifest.webmanifest,429,2026-09-29T13:32:32+03:30
engineering/verification/history/cleanup-2026-09-29/regenerated-artifacts/node_modules/playwright-core/lib/vite/traceViewer/playwright-logo.svg,5033,2026-09-29T13:32:32+03:30
engineering/verification/history/cleanup-2026-09-29/regenerated-artifacts/node_modules/playwright-core/lib/vite/traceViewer/snapshot.B_Jk1wbt.js,650,2026-09-29T13:32:32+03:30
engineering/verification/history/cleanup-2026-09-29/regenerated-artifacts/node_modules/playwright-core/lib/vite/traceViewer/snapshot.html,389,2026-09-29T13:32:32+03:30
engineering/verification/history/cleanup-2026-09-29/regenerated-artifacts/node_modules/playwright-core/lib/vite/traceViewer/sw.bundle.js,95459,2026-09-29T13:32:32+03:30
engineering/verification/history/cleanup-2026-09-29/regenerated-artifacts/node_modules/playwright-core/lib/vite/traceViewer/uiMode.CU5KtEkS.js,38057,2026-09-29T13:32:32+03:30
engineering/verification/history/cleanup-2026-09-29/regenerated-artifacts/node_modules/playwright-core/lib/vite/traceViewer/uiMode.CyMfwkXJ.css,54590,2026-09-29T13:32:32+03:30
engineering/verification/history/cleanup-2026-09-29/regenerated-artifacts/node_modules/playwright-core/lib/vite/traceViewer/uiMode.html,727,2026-09-29T13:32:32+03:30
engineering/verification/history/cleanup-2026-09-29/regenerated-artifacts/node_modules/playwright-core/lib/vite/traceViewer/xtermModule.kHJ-D0s7.css,2853,2026-09-29T13:32:32+03:30
engineering/verification/history/cleanup-2026-09-29/regenerated-artifacts/node_modules/playwright-core/lib/webp_codec.LICENSE,8841,2026-09-29T13:32:32+03:30
engineering/verification/history/cleanup-2026-09-29/regenerated-artifacts/node_modules/playwright-core/lib/webp_codec.wasm,565369,2026-09-29T13:32:32+03:30
engineering/verification/history/cleanup-2026-09-29/regenerated-artifacts/node_modules/playwright-core/lib/xdg-open,32416,2026-09-29T13:32:32+03:30
engineering/verification/history/cleanup-2026-09-29/regenerated-artifacts/node_modules/playwright-core/LICENSE,11601,2026-09-29T13:32:32+03:30
engineering/verification/history/cleanup-2026-09-29/regenerated-artifacts/node_modules/playwright-core/NOTICE,254,2026-09-29T13:32:32+03:30
engineering/verification/history/cleanup-2026-09-29/regenerated-artifacts/node_modules/playwright-core/package.json,876,2026-09-29T13:32:32+03:30
engineering/verification/history/cleanup-2026-09-29/regenerated-artifacts/node_modules/playwright-core/README.md,120,2026-09-29T13:32:32+03:30
engineering/verification/history/cleanup-2026-09-29/regenerated-artifacts/node_modules/playwright-core/ThirdPartyNotices.txt,676,2026-09-29T13:32:32+03:30
engineering/verification/history/cleanup-2026-09-29/regenerated-artifacts/node_modules/playwright-core/types/protocol.d.ts,814210,2026-09-29T13:32:32+03:30
engineering/verification/history/cleanup-2026-09-29/regenerated-artifacts/node_modules/playwright-core/types/structs.d.ts,2455,2026-09-29T13:32:32+03:30
engineering/verification/history/cleanup-2026-09-29/regenerated-artifacts/node_modules/playwright-core/types/types.d.ts,1131883,2026-09-29T13:32:32+03:30
engineering/verification/history/cleanup-2026-09-29/regenerated-artifacts/node_modules/postcss/lib/at-rule.d.ts,3356,2026-09-29T13:32:32+03:30
engineering/verification/history/cleanup-2026-09-29/regenerated-artifacts/node_modules/postcss/lib/at-rule.js,471,2026-09-29T13:32:32+03:30
engineering/verification/history/cleanup-2026-09-29/regenerated-artifacts/node_modules/postcss/lib/comment.d.ts,1680,2026-09-29T13:32:32+03:30
engineering/verification/history/cleanup-2026-09-29/regenerated-artifacts/node_modules/postcss/lib/comment.js,203,2026-09-29T13:32:32+03:30
engineering/verification/history/cleanup-2026-09-29/regenerated-artifacts/node_modules/postcss/lib/container.d.ts,14025,2026-09-29T13:32:32+03:30
engineering/verification/history/cleanup-2026-09-29/regenerated-artifacts/node_modules/postcss/lib/container.js,12350,2026-09-29T13:32:32+03:30
engineering/verification/history/cleanup-2026-09-29/regenerated-artifacts/node_modules/postcss/lib/css-syntax-error.d.ts,6447,2026-09-29T13:32:32+03:30
engineering/verification/history/cleanup-2026-09-29/regenerated-artifacts/node_modules/postcss/lib/css-syntax-error.js,3402,2026-09-29T13:32:32+03:30
engineering/verification/history/cleanup-2026-09-29/regenerated-artifacts/node_modules/postcss/lib/declaration.d.ts,3833,2026-09-29T13:32:32+03:30
engineering/verification/history/cleanup-2026-09-29/regenerated-artifacts/node_modules/postcss/lib/declaration.js,495,2026-09-29T13:32:32+03:30
engineering/verification/history/cleanup-2026-09-29/regenerated-artifacts/node_modules/postcss/lib/document.d.ts,1884,2026-09-29T13:32:32+03:30
engineering/verification/history/cleanup-2026-09-29/regenerated-artifacts/node_modules/postcss/lib/document.js,654,2026-09-29T13:32:32+03:30
engineering/verification/history/cleanup-2026-09-29/regenerated-artifacts/node_modules/postcss/lib/fromJSON.d.ts,160,2026-09-29T13:32:32+03:30
engineering/verification/history/cleanup-2026-09-29/regenerated-artifacts/node_modules/postcss/lib/fromJSON.js,2810,2026-09-29T13:32:32+03:30
engineering/verification/history/cleanup-2026-09-29/regenerated-artifacts/node_modules/postcss/lib/input.d.ts,5126,2026-09-29T13:32:32+03:30
engineering/verification/history/cleanup-2026-09-29/regenerated-artifacts/node_modules/postcss/lib/input.js,7274,2026-09-29T13:32:32+03:30
engineering/verification/history/cleanup-2026-09-29/regenerated-artifacts/node_modules/postcss/lib/lazy-result.d.ts,4939,2026-09-29T13:32:32+03:30
engineering/verification/history/cleanup-2026-09-29/regenerated-artifacts/node_modules/postcss/lib/lazy-result.js,16273,2026-09-29T13:32:32+03:30
engineering/verification/history/cleanup-2026-09-29/regenerated-artifacts/node_modules/postcss/lib/list.d.ts,1424,2026-09-29T13:32:32+03:30
engineering/verification/history/cleanup-2026-09-29/regenerated-artifacts/node_modules/postcss/lib/list.js,1273,2026-09-29T13:32:32+03:30
engineering/verification/history/cleanup-2026-09-29/regenerated-artifacts/node_modules/postcss/lib/map-generator.js,10031,2026-09-29T13:32:32+03:30
engineering/verification/history/cleanup-2026-09-29/regenerated-artifacts/node_modules/postcss/lib/no-work-result.d.ts,1503,2026-09-29T13:32:32+03:30
engineering/verification/history/cleanup-2026-09-29/regenerated-artifacts/node_modules/postcss/lib/no-work-result.js,2619,2026-09-29T13:32:32+03:30
engineering/verification/history/cleanup-2026-09-29/regenerated-artifacts/node_modules/postcss/lib/node.d.ts,14688,2026-09-29T13:32:32+03:30
engineering/verification/history/cleanup-2026-09-29/regenerated-artifacts/node_modules/postcss/lib/node.js,12643,2026-09-29T13:32:32+03:30
engineering/verification/history/cleanup-2026-09-29/regenerated-artifacts/node_modules/postcss/lib/parse.d.ts,133,2026-09-29T13:32:32+03:30
engineering/verification/history/cleanup-2026-09-29/regenerated-artifacts/node_modules/postcss/lib/parse.js,1147,2026-09-29T13:32:32+03:30
engineering/verification/history/cleanup-2026-09-29/regenerated-artifacts/node_modules/postcss/lib/parser.js,15168,2026-09-29T13:32:32+03:30
engineering/verification/history/cleanup-2026-09-29/regenerated-artifacts/node_modules/postcss/lib/postcss.d.mts,1046,2026-09-29T13:32:32+03:30
engineering/verification/history/cleanup-2026-09-29/regenerated-artifacts/node_modules/postcss/lib/postcss.d.ts,11654,2026-09-29T13:32:32+03:30
engineering/verification/history/cleanup-2026-09-29/regenerated-artifacts/node_modules/postcss/lib/postcss.js,2898,2026-09-29T13:32:32+03:30
engineering/verification/history/cleanup-2026-09-29/regenerated-artifacts/node_modules/postcss/lib/postcss.mjs,980,2026-09-29T13:32:32+03:30
engineering/verification/history/cleanup-2026-09-29/regenerated-artifacts/node_modules/postcss/lib/previous-map.d.ts,1757,2026-09-29T13:32:32+03:30
engineering/verification/history/cleanup-2026-09-29/regenerated-artifacts/node_modules/postcss/lib/previous-map.js,5130,2026-09-29T13:32:32+03:30
engineering/verification/history/cleanup-2026-09-29/regenerated-artifacts/node_modules/postcss/lib/processor.d.ts,3345,2026-09-29T13:32:32+03:30
engineering/verification/history/cleanup-2026-09-29/regenerated-artifacts/node_modules/postcss/lib/processor.js,1739,2026-09-29T13:32:32+03:30
engineering/verification/history/cleanup-2026-09-29/regenerated-artifacts/node_modules/postcss/lib/result.d.ts,4346,2026-09-29T13:32:32+03:30
engineering/verification/history/cleanup-2026-09-29/regenerated-artifacts/node_modules/postcss/lib/result.js,738,2026-09-29T13:32:32+03:30
engineering/verification/history/cleanup-2026-09-29/regenerated-artifacts/node_modules/postcss/lib/root.d.ts,2253,2026-09-29T13:32:32+03:30
engineering/verification/history/cleanup-2026-09-29/regenerated-artifacts/node_modules/postcss/lib/root.js,1606,2026-09-29T13:32:32+03:30
engineering/verification/history/cleanup-2026-09-29/regenerated-artifacts/node_modules/postcss/lib/rule.d.ts,2879,2026-09-29T13:32:32+03:30
engineering/verification/history/cleanup-2026-09-29/regenerated-artifacts/node_modules/postcss/lib/rule.js,569,2026-09-29T13:32:32+03:30
engineering/verification/history/cleanup-2026-09-29/regenerated-artifacts/node_modules/postcss/lib/stringifier.d.ts,1360,2026-09-29T13:32:32+03:30
engineering/verification/history/cleanup-2026-09-29/regenerated-artifacts/node_modules/postcss/lib/stringifier.js,11816,2026-09-29T13:32:32+03:30
engineering/verification/history/cleanup-2026-09-29/regenerated-artifacts/node_modules/postcss/lib/stringify.d.ts,163,2026-09-29T13:32:32+03:30
engineering/verification/history/cleanup-2026-09-29/regenerated-artifacts/node_modules/postcss/lib/stringify.js,213,2026-09-29T13:32:32+03:30
engineering/verification/history/cleanup-2026-09-29/regenerated-artifacts/node_modules/postcss/lib/symbols.js,91,2026-09-29T13:32:32+03:30
engineering/verification/history/cleanup-2026-09-29/regenerated-artifacts/node_modules/postcss/lib/terminal-highlight.js,1399,2026-09-29T13:32:32+03:30
engineering/verification/history/cleanup-2026-09-29/regenerated-artifacts/node_modules/postcss/lib/tokenize.js,6700,2026-09-29T13:32:32+03:30
engineering/verification/history/cleanup-2026-09-29/regenerated-artifacts/node_modules/postcss/lib/warn-once.js,256,2026-09-29T13:32:32+03:30
engineering/verification/history/cleanup-2026-09-29/regenerated-artifacts/node_modules/postcss/lib/warning.d.ts,2924,2026-09-29T13:32:32+03:30
engineering/verification/history/cleanup-2026-09-29/regenerated-artifacts/node_modules/postcss/lib/warning.js,1151,2026-09-29T13:32:32+03:30
engineering/verification/history/cleanup-2026-09-29/regenerated-artifacts/node_modules/postcss/LICENSE,1095,2026-09-29T13:32:32+03:30
engineering/verification/history/cleanup-2026-09-29/regenerated-artifacts/node_modules/postcss/package.json,2497,2026-09-29T13:32:32+03:30
engineering/verification/history/cleanup-2026-09-29/regenerated-artifacts/node_modules/postcss/README.md,1159,2026-09-29T13:32:32+03:30
engineering/verification/history/cleanup-2026-09-29/regenerated-artifacts/node_modules/rolldown/bin/cli.mjs,46,2026-09-29T13:32:32+03:30
engineering/verification/history/cleanup-2026-09-29/regenerated-artifacts/node_modules/rolldown/dist/cli.d.mts,9,2026-09-29T13:32:32+03:30
engineering/verification/history/cleanup-2026-09-29/regenerated-artifacts/node_modules/rolldown/dist/cli.mjs,39744,2026-09-29T13:32:32+03:30
engineering/verification/history/cleanup-2026-09-29/regenerated-artifacts/node_modules/rolldown/dist/config.d.mts,1080,2026-09-29T13:32:32+03:30
engineering/verification/history/cleanup-2026-09-29/regenerated-artifacts/node_modules/rolldown/dist/config.mjs,267,2026-09-29T13:32:32+03:30
engineering/verification/history/cleanup-2026-09-29/regenerated-artifacts/node_modules/rolldown/dist/experimental-default-runtime.mjs,3177,2026-09-29T13:32:32+03:30
engineering/verification/history/cleanup-2026-09-29/regenerated-artifacts/node_modules/rolldown/dist/experimental-index.d.mts,13218,2026-09-29T13:32:32+03:30
engineering/verification/history/cleanup-2026-09-29/regenerated-artifacts/node_modules/rolldown/dist/experimental-index.mjs,13981,2026-09-29T13:32:32+03:30
engineering/verification/history/cleanup-2026-09-29/regenerated-artifacts/node_modules/rolldown/dist/experimental-runtime-base.mjs,3445,2026-09-29T13:32:32+03:30
engineering/verification/history/cleanup-2026-09-29/regenerated-artifacts/node_modules/rolldown/dist/experimental-runtime-types.d.ts,5773,2026-09-29T13:32:32+03:30
engineering/verification/history/cleanup-2026-09-29/regenerated-artifacts/node_modules/rolldown/dist/experimental-runtime.d.ts,5773,2026-09-29T13:32:32+03:30
engineering/verification/history/cleanup-2026-09-29/regenerated-artifacts/node_modules/rolldown/dist/experimental-runtime.mjs,7561,2026-09-29T13:32:32+03:30
engineering/verification/history/cleanup-2026-09-29/regenerated-artifacts/node_modules/rolldown/dist/filter-index.d.mts,6817,2026-09-29T13:32:32+03:30
engineering/verification/history/cleanup-2026-09-29/regenerated-artifacts/node_modules/rolldown/dist/filter-index.mjs,11189,2026-09-29T13:32:32+03:30
engineering/verification/history/cleanup-2026-09-29/regenerated-artifacts/node_modules/rolldown/dist/get-log-filter.d.mts,257,2026-09-29T13:32:32+03:30
engineering/verification/history/cleanup-2026-09-29/regenerated-artifacts/node_modules/rolldown/dist/get-log-filter.mjs,2037,2026-09-29T13:32:32+03:30
engineering/verification/history/cleanup-2026-09-29/regenerated-artifacts/node_modules/rolldown/dist/index.d.mts,5240,2026-09-29T13:32:32+03:30
engineering/verification/history/cleanup-2026-09-29/regenerated-artifacts/node_modules/rolldown/dist/index.mjs,1642,2026-09-29T13:32:32+03:30
engineering/verification/history/cleanup-2026-09-29/regenerated-artifacts/node_modules/rolldown/dist/parallel-plugin-worker.d.mts,9,2026-09-29T13:32:32+03:30
engineering/verification/history/cleanup-2026-09-29/regenerated-artifacts/node_modules/rolldown/dist/parallel-plugin-worker.mjs,1113,2026-09-29T13:32:32+03:30
engineering/verification/history/cleanup-2026-09-29/regenerated-artifacts/node_modules/rolldown/dist/parallel-plugin.d.mts,609,2026-09-29T13:32:32+03:30
engineering/verification/history/cleanup-2026-09-29/regenerated-artifacts/node_modules/rolldown/dist/parallel-plugin.mjs,187,2026-09-29T13:32:32+03:30
engineering/verification/history/cleanup-2026-09-29/regenerated-artifacts/node_modules/rolldown/dist/parse-ast-index.d.mts,1106,2026-09-29T13:32:32+03:30
engineering/verification/history/cleanup-2026-09-29/regenerated-artifacts/node_modules/rolldown/dist/parse-ast-index.mjs,2148,2026-09-29T13:32:32+03:30
engineering/verification/history/cleanup-2026-09-29/regenerated-artifacts/node_modules/rolldown/dist/plugins-index.d.mts,1000,2026-09-29T13:32:32+03:30
engineering/verification/history/cleanup-2026-09-29/regenerated-artifacts/node_modules/rolldown/dist/plugins-index.mjs,1082,2026-09-29T13:32:32+03:30
engineering/verification/history/cleanup-2026-09-29/regenerated-artifacts/node_modules/rolldown/dist/shared/binding-CVtkJvyl.d.mts,65371,2026-09-29T13:32:32+03:30
engineering/verification/history/cleanup-2026-09-29/regenerated-artifacts/node_modules/rolldown/dist/shared/binding-Zhafd14U.mjs,33593,2026-09-29T13:32:32+03:30
engineering/verification/history/cleanup-2026-09-29/regenerated-artifacts/node_modules/rolldown/dist/shared/bindingify-input-options-C-Zsy1EG.mjs,85925,2026-09-29T13:32:32+03:30
engineering/verification/history/cleanup-2026-09-29/regenerated-artifacts/node_modules/rolldown/dist/shared/constructors-CGzna3vk.d.mts,2921,2026-09-29T13:32:32+03:30
engineering/verification/history/cleanup-2026-09-29/regenerated-artifacts/node_modules/rolldown/dist/shared/constructors-u6EEiG8n.mjs,2910,2026-09-29T13:32:32+03:30
engineering/verification/history/cleanup-2026-09-29/regenerated-artifacts/node_modules/rolldown/dist/shared/create-bundler-option-wRiQzEJ3.mjs,151886,2026-09-29T13:32:32+03:30
engineering/verification/history/cleanup-2026-09-29/regenerated-artifacts/node_modules/rolldown/dist/shared/define-config-Demdg3_4.mjs,130,2026-09-29T13:32:32+03:30
engineering/verification/history/cleanup-2026-09-29/regenerated-artifacts/node_modules/rolldown/dist/shared/define-config-Dsp5YQR4.d.mts,151171,2026-09-29T13:32:32+03:30
engineering/verification/history/cleanup-2026-09-29/regenerated-artifacts/node_modules/rolldown/dist/shared/dist-DKbukT1H.mjs,7739,2026-09-29T13:32:32+03:30
engineering/verification/history/cleanup-2026-09-29/regenerated-artifacts/node_modules/rolldown/dist/shared/error-CVc7IgvG.mjs,2926,2026-09-29T13:32:32+03:30
engineering/verification/history/cleanup-2026-09-29/regenerated-artifacts/node_modules/rolldown/dist/shared/get-log-filter-AjBknEEO.d.mts,886,2026-09-29T13:32:32+03:30
engineering/verification/history/cleanup-2026-09-29/regenerated-artifacts/node_modules/rolldown/dist/shared/load-config-63nAW5KO.mjs,5241,2026-09-29T13:32:32+03:30
engineering/verification/history/cleanup-2026-09-29/regenerated-artifacts/node_modules/rolldown/dist/shared/logging-xuHO4mAy.d.mts,1455,2026-09-29T13:32:32+03:30
engineering/verification/history/cleanup-2026-09-29/regenerated-artifacts/node_modules/rolldown/dist/shared/logs-DmYCAKcW.mjs,6019,2026-09-29T13:32:32+03:30
engineering/verification/history/cleanup-2026-09-29/regenerated-artifacts/node_modules/rolldown/dist/shared/misc-DOSKtd97.mjs,1108,2026-09-29T13:32:32+03:30
engineering/verification/history/cleanup-2026-09-29/regenerated-artifacts/node_modules/rolldown/dist/shared/normalize-string-or-regex-BxRYnPRv.mjs,2131,2026-09-29T13:32:32+03:30
engineering/verification/history/cleanup-2026-09-29/regenerated-artifacts/node_modules/rolldown/dist/shared/parse-DnWvq9XZ.mjs,2628,2026-09-29T13:32:32+03:30
engineering/verification/history/cleanup-2026-09-29/regenerated-artifacts/node_modules/rolldown/dist/shared/prompt-CH6TK0bC.mjs,49939,2026-09-29T13:32:32+03:30
engineering/verification/history/cleanup-2026-09-29/regenerated-artifacts/node_modules/rolldown/dist/shared/resolve-tsconfig-SPewz4V3.mjs,4731,2026-09-29T13:32:32+03:30
engineering/verification/history/cleanup-2026-09-29/regenerated-artifacts/node_modules/rolldown/dist/shared/rolldown-DiYVDns9.mjs,5301,2026-09-29T13:32:32+03:30
engineering/verification/history/cleanup-2026-09-29/regenerated-artifacts/node_modules/rolldown/dist/shared/transform-WmU_cI8e.d.mts,6048,2026-09-29T13:32:32+03:30
engineering/verification/history/cleanup-2026-09-29/regenerated-artifacts/node_modules/rolldown/dist/shared/watch-BNCfUBmW.mjs,12019,2026-09-29T13:32:32+03:30
engineering/verification/history/cleanup-2026-09-29/regenerated-artifacts/node_modules/rolldown/dist/utils-index.d.mts,24324,2026-09-29T13:32:32+03:30
engineering/verification/history/cleanup-2026-09-29/regenerated-artifacts/node_modules/rolldown/dist/utils-index.mjs,70392,2026-09-29T13:32:32+03:30
engineering/verification/history/cleanup-2026-09-29/regenerated-artifacts/node_modules/rolldown/LICENSE,1302,2026-09-29T13:32:32+03:30
engineering/verification/history/cleanup-2026-09-29/regenerated-artifacts/node_modules/rolldown/package.json,6043,2026-09-29T13:32:32+03:30
engineering/verification/history/cleanup-2026-09-29/regenerated-artifacts/node_modules/rolldown/README.md,665,2026-09-29T13:32:32+03:30
engineering/verification/history/cleanup-2026-09-29/regenerated-artifacts/node_modules/rolldown/THIRD-PARTY-LICENSE,2209,2026-09-29T13:32:32+03:30
engineering/verification/history/cleanup-2026-09-29/regenerated-artifacts/node_modules/source-map-js/lib/array-set.js,3197,2026-09-29T13:32:32+03:30
engineering/verification/history/cleanup-2026-09-29/regenerated-artifacts/node_modules/source-map-js/lib/base64-vlq.js,4714,2026-09-29T13:32:32+03:30
engineering/verification/history/cleanup-2026-09-29/regenerated-artifacts/node_modules/source-map-js/lib/base64.js,1540,2026-09-29T13:32:32+03:30
engineering/verification/history/cleanup-2026-09-29/regenerated-artifacts/node_modules/source-map-js/lib/binary-search.js,4249,2026-09-29T13:32:32+03:30
engineering/verification/history/cleanup-2026-09-29/regenerated-artifacts/node_modules/source-map-js/lib/mapping-list.js,2339,2026-09-29T13:32:32+03:30
engineering/verification/history/cleanup-2026-09-29/regenerated-artifacts/node_modules/source-map-js/lib/quick-sort.js,4068,2026-09-29T13:32:32+03:30
engineering/verification/history/cleanup-2026-09-29/regenerated-artifacts/node_modules/source-map-js/lib/source-map-consumer.d.ts,40,2026-09-29T13:32:32+03:30
engineering/verification/history/cleanup-2026-09-29/regenerated-artifacts/node_modules/source-map-js/lib/source-map-consumer.js,41580,2026-09-29T13:32:32+03:30
engineering/verification/history/cleanup-2026-09-29/regenerated-artifacts/node_modules/source-map-js/lib/source-map-generator.d.ts,41,2026-09-29T13:32:32+03:30
engineering/verification/history/cleanup-2026-09-29/regenerated-artifacts/node_modules/source-map-js/lib/source-map-generator.js,14933,2026-09-29T13:32:32+03:30
engineering/verification/history/cleanup-2026-09-29/regenerated-artifacts/node_modules/source-map-js/lib/source-node.d.ts,33,2026-09-29T13:32:32+03:30
engineering/verification/history/cleanup-2026-09-29/regenerated-artifacts/node_modules/source-map-js/lib/source-node.js,13808,2026-09-29T13:32:32+03:30
engineering/verification/history/cleanup-2026-09-29/regenerated-artifacts/node_modules/source-map-js/lib/util.js,15403,2026-09-29T13:32:32+03:30
engineering/verification/history/cleanup-2026-09-29/regenerated-artifacts/node_modules/source-map-js/LICENSE,1526,2026-09-29T13:32:32+03:30
engineering/verification/history/cleanup-2026-09-29/regenerated-artifacts/node_modules/source-map-js/package.json,2548,2026-09-29T13:32:32+03:30
engineering/verification/history/cleanup-2026-09-29/regenerated-artifacts/node_modules/source-map-js/README.md,26040,2026-09-29T13:32:32+03:30
engineering/verification/history/cleanup-2026-09-29/regenerated-artifacts/node_modules/source-map-js/source-map.d.ts,3408,2026-09-29T13:32:32+03:30
engineering/verification/history/cleanup-2026-09-29/regenerated-artifacts/node_modules/source-map-js/source-map.js,405,2026-09-29T13:32:32+03:30
engineering/verification/history/cleanup-2026-09-29/regenerated-artifacts/node_modules/tinyglobby/dist/index.cjs,13706,2026-09-29T13:32:32+03:30
engineering/verification/history/cleanup-2026-09-29/regenerated-artifacts/node_modules/tinyglobby/dist/index.d.cts,4688,2026-09-29T13:32:32+03:30
engineering/verification/history/cleanup-2026-09-29/regenerated-artifacts/node_modules/tinyglobby/dist/index.d.mts,4688,2026-09-29T13:32:32+03:30
engineering/verification/history/cleanup-2026-09-29/regenerated-artifacts/node_modules/tinyglobby/dist/index.mjs,12438,2026-09-29T13:32:32+03:30
engineering/verification/history/cleanup-2026-09-29/regenerated-artifacts/node_modules/tinyglobby/LICENSE,1076,2026-09-29T13:32:32+03:30
engineering/verification/history/cleanup-2026-09-29/regenerated-artifacts/node_modules/tinyglobby/package.json,1761,2026-09-29T13:32:32+03:30
engineering/verification/history/cleanup-2026-09-29/regenerated-artifacts/node_modules/tinyglobby/README.md,931,2026-09-29T13:32:32+03:30
engineering/verification/history/cleanup-2026-09-29/regenerated-artifacts/node_modules/vite/bin/openChrome.js,1839,2026-09-29T13:32:32+03:30
engineering/verification/history/cleanup-2026-09-29/regenerated-artifacts/node_modules/vite/bin/vite.js,2574,2026-09-29T13:32:32+03:30
engineering/verification/history/cleanup-2026-09-29/regenerated-artifacts/node_modules/vite/client.d.ts,5231,2026-09-29T13:32:32+03:30
engineering/verification/history/cleanup-2026-09-29/regenerated-artifacts/node_modules/vite/dist/client/bundledDevClient.mjs,55193,2026-09-29T13:32:32+03:30
engineering/verification/history/cleanup-2026-09-29/regenerated-artifacts/node_modules/vite/dist/client/client.mjs,38514,2026-09-29T13:32:32+03:30
engineering/verification/history/cleanup-2026-09-29/regenerated-artifacts/node_modules/vite/dist/client/env.mjs,612,2026-09-29T13:32:32+03:30
engineering/verification/history/cleanup-2026-09-29/regenerated-artifacts/node_modules/vite/dist/node/chunks/build.js,205664,2026-09-29T13:32:32+03:30
engineering/verification/history/cleanup-2026-09-29/regenerated-artifacts/node_modules/vite/dist/node/chunks/dist.js,246598,2026-09-29T13:32:32+03:30
engineering/verification/history/cleanup-2026-09-29/regenerated-artifacts/node_modules/vite/dist/node/chunks/lib.js,11710,2026-09-29T13:32:32+03:30
engineering/verification/history/cleanup-2026-09-29/regenerated-artifacts/node_modules/vite/dist/node/chunks/moduleRunnerTransport.d.ts,3088,2026-09-29T13:32:32+03:30
engineering/verification/history/cleanup-2026-09-29/regenerated-artifacts/node_modules/vite/dist/node/chunks/node.js,1352087,2026-09-29T13:32:32+03:30
engineering/verification/history/cleanup-2026-09-29/regenerated-artifacts/node_modules/vite/dist/node/chunks/postcss-import.js,18432,2026-09-29T13:32:32+03:30
engineering/verification/history/cleanup-2026-09-29/regenerated-artifacts/node_modules/vite/dist/node/cli.js,29852,2026-09-29T13:32:32+03:30
engineering/verification/history/cleanup-2026-09-29/regenerated-artifacts/node_modules/vite/dist/node/index.d.ts,165420,2026-09-29T13:32:32+03:30
engineering/verification/history/cleanup-2026-09-29/regenerated-artifacts/node_modules/vite/dist/node/index.js,2670,2026-09-29T13:32:32+03:30
engineering/verification/history/cleanup-2026-09-29/regenerated-artifacts/node_modules/vite/dist/node/internal.d.ts,137,2026-09-29T13:32:32+03:30
engineering/verification/history/cleanup-2026-09-29/regenerated-artifacts/node_modules/vite/dist/node/internal.js,138,2026-09-29T13:32:32+03:30
engineering/verification/history/cleanup-2026-09-29/regenerated-artifacts/node_modules/vite/dist/node/module-runner.d.ts,11507,2026-09-29T13:32:32+03:30
engineering/verification/history/cleanup-2026-09-29/regenerated-artifacts/node_modules/vite/dist/node/module-runner.js,54444,2026-09-29T13:32:32+03:30
engineering/verification/history/cleanup-2026-09-29/regenerated-artifacts/node_modules/vite/LICENSE.md,112425,2026-09-29T13:32:32+03:30
engineering/verification/history/cleanup-2026-09-29/regenerated-artifacts/node_modules/vite/misc/false.js,21,2026-09-29T13:32:32+03:30
engineering/verification/history/cleanup-2026-09-29/regenerated-artifacts/node_modules/vite/misc/true.js,20,2026-09-29T13:32:32+03:30
engineering/verification/history/cleanup-2026-09-29/regenerated-artifacts/node_modules/vite/package.json,5083,2026-09-29T13:32:32+03:30
engineering/verification/history/cleanup-2026-09-29/regenerated-artifacts/node_modules/vite/README.md,1179,2026-09-29T13:32:32+03:30
engineering/verification/history/cleanup-2026-09-29/regenerated-artifacts/node_modules/vite/types/customEvent.d.ts,2028,2026-09-29T13:32:32+03:30
engineering/verification/history/cleanup-2026-09-29/regenerated-artifacts/node_modules/vite/types/hmrPayload.d.ts,1790,2026-09-29T13:32:32+03:30
engineering/verification/history/cleanup-2026-09-29/regenerated-artifacts/node_modules/vite/types/hot.d.ts,1063,2026-09-29T13:32:32+03:30
engineering/verification/history/cleanup-2026-09-29/regenerated-artifacts/node_modules/vite/types/import-meta.d.ts,249,2026-09-29T13:32:32+03:30
engineering/verification/history/cleanup-2026-09-29/regenerated-artifacts/node_modules/vite/types/importGlob.d.ts,3477,2026-09-29T13:32:32+03:30
engineering/verification/history/cleanup-2026-09-29/regenerated-artifacts/node_modules/vite/types/importMeta.d.ts,884,2026-09-29T13:32:32+03:30
engineering/verification/history/cleanup-2026-09-29/regenerated-artifacts/node_modules/vite/types/internal/cssPreprocessorOptions.d.ts,1420,2026-09-29T13:32:32+03:30
engineering/verification/history/cleanup-2026-09-29/regenerated-artifacts/node_modules/vite/types/internal/esbuildOptions.d.ts,672,2026-09-29T13:32:32+03:30
engineering/verification/history/cleanup-2026-09-29/regenerated-artifacts/node_modules/vite/types/internal/lightningcssOptions.d.ts,520,2026-09-29T13:32:32+03:30
engineering/verification/history/cleanup-2026-09-29/regenerated-artifacts/node_modules/vite/types/internal/rollupTypeCompat.d.ts,791,2026-09-29T13:32:32+03:30
engineering/verification/history/cleanup-2026-09-29/regenerated-artifacts/node_modules/vite/types/internal/terserOptions.d.ts,384,2026-09-29T13:32:32+03:30
engineering/verification/history/cleanup-2026-09-29/regenerated-artifacts/node_modules/vite/types/metadata.d.ts,1133,2026-09-29T13:32:32+03:30
engineering/verification/history/cleanup-2026-09-29/regenerated-artifacts/python-cache/a_zone_detector.cpython-314.pyc,34222,2026-09-29T13:34:11+03:30
engineering/verification/history/cleanup-2026-09-29/regenerated-artifacts/python-cache/blue_line_detector.cpython-314.pyc,19261,2026-09-29T13:34:11+03:30
engineering/verification/history/cleanup-2026-09-29/regenerated-artifacts/python-cache/core_utils.cpython-314.pyc,1960,2026-09-29T13:34:11+03:30
engineering/verification/history/cleanup-2026-09-29/regenerated-artifacts/python-cache/direction_policy.cpython-314.pyc,4243,2026-09-29T13:34:11+03:30
engineering/verification/history/cleanup-2026-09-29/regenerated-artifacts/python-cache/e_zone_detector.cpython-314.pyc,55225,2026-09-29T13:34:11+03:30
engineering/verification/history/cleanup-2026-09-29/regenerated-artifacts/python-cache/lifecycle_engine.cpython-314.pyc,66244,2026-09-29T13:34:11+03:30
engineering/verification/history/cleanup-2026-09-29/regenerated-artifacts/python-cache/order_audit_engine.cpython-314.pyc,88605,2026-09-29T13:34:11+03:30
engineering/verification/history/cleanup-2026-09-29/regenerated-artifacts/python-cache/reaction_engine.cpython-314.pyc,110370,2026-09-29T13:34:11+03:30
engineering/verification/history/cleanup-2026-09-29/regenerated-artifacts/python-cache/s_zone_detector.cpython-314.pyc,64093,2026-09-29T13:34:11+03:30
engineering/verification/history/cleanup-2026-09-29/relative-imports.json,11178,2026-09-29T13:38:15+03:30
engineering/verification/history/cleanup-2026-09-29/repair.py,8436,2026-09-29T13:29:58+03:30
engineering/verification/history/cleanup-2026-09-29/report.py,18157,2026-09-29T13:48:57+03:30
engineering/verification/history/cleanup-2026-09-29/secret-history-audit.json,167,2026-09-29T13:48:57+03:30
engineering/verification/history/cleanup-2026-09-29/stage-command.log,0,2026-09-29T13:48:58+03:30
engineering/verification/history/cleanup-2026-09-29/staged-whitespace-check.log,387,2026-09-29T13:44:32+03:30
engineering/verification/history/cleanup-2026-09-29/structural-checks.json,272,2026-09-29T13:38:15+03:30
engineering/verification/history/cleanup-2026-09-29/structural_checks.py,3740,2026-09-29T13:36:13+03:30
engineering/verification/history/cleanup-2026-09-29/task-whitespace-check.log,0,2026-09-29T13:44:31+03:30
engineering/verification/history/cleanup-2026-09-29/TradingBot-clean-repository-2026-09-29.zip,774422,2026-09-29T13:48:57+03:30
engineering/verification/history/cleanup-2026-09-29/TradingBot-local-tests-2026-09-29.zip,57235,2026-09-29T13:48:57+03:30
engineering/verification/history/cleanup-2026-09-29/validation-results.json,3259,2026-09-29T13:48:57+03:30
engineering/verification/single-root-2026-09-29/after-runtime-regression.json,1906,2026-09-29T18:21:11+03:30
engineering/verification/single-root-2026-09-29/after-USOIL.json,1474926,2026-09-29T18:21:11+03:30
engineering/verification/single-root-2026-09-29/after-USOIL.stable.json,1473399,2026-09-29T18:21:11+03:30
engineering/verification/single-root-2026-09-29/after-USOIL.stderr.log,10110,2026-09-29T18:21:11+03:30
engineering/verification/single-root-2026-09-29/after-XAUUSD.json,659568,2026-09-29T18:21:08+03:30
engineering/verification/single-root-2026-09-29/after-XAUUSD.stable.json,658060,2026-09-29T18:21:08+03:30
engineering/verification/single-root-2026-09-29/after-XAUUSD.stderr.log,9872,2026-09-29T18:21:08+03:30
engineering/verification/single-root-2026-09-29/baseline-git-index,11610,2026-09-29T17:51:25+03:30
engineering/verification/single-root-2026-09-29/baseline-head.txt,41,2026-09-29T17:51:25+03:30
engineering/verification/single-root-2026-09-29/baseline-index-files.txt,3894,2026-09-29T17:51:25+03:30
engineering/verification/single-root-2026-09-29/baseline-staged.txt,0,2026-09-29T17:51:25+03:30
engineering/verification/single-root-2026-09-29/baseline-status.txt,1438,2026-09-29T17:51:25+03:30
engineering/verification/single-root-2026-09-29/baseline-unstaged.txt,268927,2026-09-29T17:51:25+03:30
engineering/verification/single-root-2026-09-29/before-runtime-regression.json,1903,2026-09-29T17:52:55+03:30
engineering/verification/single-root-2026-09-29/before-USOIL.json,1474929,2026-09-29T17:52:55+03:30
engineering/verification/single-root-2026-09-29/before-USOIL.stable.json,1473399,2026-09-29T17:52:55+03:30
engineering/verification/single-root-2026-09-29/before-USOIL.stderr.log,10115,2026-09-29T17:52:55+03:30
engineering/verification/single-root-2026-09-29/before-XAUUSD.json,659569,2026-09-29T17:52:52+03:30
engineering/verification/single-root-2026-09-29/before-XAUUSD.stable.json,658060,2026-09-29T17:52:52+03:30
engineering/verification/single-root-2026-09-29/before-XAUUSD.stderr.log,9873,2026-09-29T17:52:52+03:30
engineering/verification/single-root-2026-09-29/build-final.log,806,2026-09-29T18:22:40+03:30
engineering/verification/single-root-2026-09-29/chart-tests-final.log,14530,2026-09-29T18:22:49+03:30
engineering/verification/single-root-2026-09-29/completed-moves.json,236879,2026-09-29T17:56:49+03:30
engineering/verification/single-root-2026-09-29/delivery-manifest.json,980,2026-09-29T18:40:18+03:30
engineering/verification/single-root-2026-09-29/final-diff-classification.csv,244931,2026-09-29T18:38:58+03:30
engineering/verification/single-root-2026-09-29/final-git-status.txt,996,2026-09-29T18:38:14+03:30
engineering/verification/single-root-2026-09-29/final-physical-inventory.csv,123963,2026-09-29T18:40:18+03:30
engineering/verification/single-root-2026-09-29/final-tracked.diff,298507,2026-09-29T18:38:14+03:30
engineering/verification/single-root-2026-09-29/implementation-plan.md,6181,2026-09-29T18:33:47+03:30
engineering/verification/single-root-2026-09-29/integrity-results.json,3085,2026-09-29T18:37:45+03:30
engineering/verification/single-root-2026-09-29/inventory.json,627856,2026-09-29T17:56:45+03:30
engineering/verification/single-root-2026-09-29/launcher-final.log,591,2026-09-29T18:34:28+03:30
engineering/verification/single-root-2026-09-29/npm-ci-final.log,147,2026-09-29T18:21:46+03:30
engineering/verification/single-root-2026-09-29/old-path-audit.json,900263,2026-09-29T18:38:58+03:30
engineering/verification/single-root-2026-09-29/package-verification-results.json,266,2026-09-29T18:40:18+03:30
engineering/verification/single-root-2026-09-29/path-map.csv,395604,2026-09-29T17:56:45+03:30
engineering/verification/single-root-2026-09-29/physical-tree.txt,148598,2026-09-29T18:40:18+03:30
engineering/verification/single-root-2026-09-29/project-before-migration.zip,2770755,2026-09-29T17:51:26+03:30
engineering/verification/single-root-2026-09-29/python-tests-final.log,101,2026-09-29T18:34:28+03:30
engineering/verification/single-root-2026-09-29/readme.txt,9628,2026-09-29T18:38:58+03:30
engineering/verification/single-root-2026-09-29/references-final.log,173,2026-09-29T18:34:27+03:30
engineering/verification/single-root-2026-09-29/runtime-server.pid,7,2026-09-29T18:13:39+03:30
engineering/verification/single-root-2026-09-29/runtime-server.stderr.log,3116,2026-09-29T18:20:18+03:30
engineering/verification/single-root-2026-09-29/runtime-server.stdout.log,293,2026-09-29T18:19:37+03:30
engineering/verification/single-root-2026-09-29/runtime-smoke-results.json,988,2026-09-29T18:20:10+03:30
engineering/verification/single-root-2026-09-29/source-tree.txt,3860,2026-09-29T18:38:14+03:30
engineering/verification/single-root-2026-09-29/tools/finalize.py,12043,2026-09-29T18:39:18+03:30
engineering/verification/single-root-2026-09-29/tools/inventory.py,6610,2026-09-29T17:50:50+03:30
engineering/verification/single-root-2026-09-29/tools/migrate.ps1,4182,2026-09-29T17:55:13+03:30
engineering/verification/single-root-2026-09-29/tools/repair_docs.py,19633,2026-09-29T18:05:02+03:30
engineering/verification/single-root-2026-09-29/tools/repair_test_paths.py,2347,2026-09-29T17:58:02+03:30
engineering/verification/single-root-2026-09-29/tools/runtime_regression.py,2878,2026-09-29T17:52:50+03:30
engineering/verification/single-root-2026-09-29/tools/runtime_smoke.mjs,3327,2026-09-29T18:15:03+03:30
engineering/verification/single-root-2026-09-29/tools/verify_delivery.py,3997,2026-09-29T18:40:17+03:30
engineering/verification/single-root-2026-09-29/tools/verify_integrity.py,5033,2026-09-29T18:36:05+03:30
engineering/verification/single-root-2026-09-29/tools/verify_launcher.ps1,1638,2026-09-29T18:15:54+03:30
engineering/verification/single-root-2026-09-29/TradingBot-local-tests.zip,58791,2026-09-29T18:40:18+03:30
engineering/verification/single-root-2026-09-29/TradingBot-single-root-source.zip,776211,2026-09-29T18:38:59+03:30
README.md,3045,2026-09-29T18:05:03+03:30
scripts/launch.bat,1035,2026-09-13T19:49:50+03:30
scripts/start.ps1,8670,2026-09-29T18:16:26+03:30
