origin,source,destination,owner,prospective_tracked,bytes,sha256,action
project,.editorconfig,.editorconfig,repository-tooling-entrypoint,True,226,f912cb38f9e9ab221abfbb4a8e17844aa7dcec30d56815bb2ae4ddf0a501265b,keep
project,.gitattributes,.gitattributes,repository-tooling-entrypoint,True,241,32c57ca9083f2c331e7f8debdab9b8484d51345412f22e771574b907dffe66d7,keep
project,.gitignore,.gitignore,repository-tooling-entrypoint,True,778,ce7f5108f00e18d43cfdaa2e95fc8817621edf9eeea157afdd9b58204bf60b2b,keep
project,AGENTS.md,AGENTS.md,repository-tooling-entrypoint,True,26025,f22b97aa92ac2ed97b78548f74db42b8b442456ba97380f29e22dba160269e06,keep
project,README.md,README.md,repository-tooling-entrypoint,True,2402,31614d3bbdf9ca510fca608ce05db5725f2873df71ac6ffc3d6079252085ef92,keep
project,docs.zip,engineering/archive/documentation/docs.zip,historical-evidence,False,93267,fc0f5a715c9a83c468e326e662a48c44d8216d3b912985416dc24b80abf8345b,move
project,apps/chart/index.html,apps/chart/index.html,chart-application,True,626,f7093e7b8cff43d203b0efcd1296b25c3724eb5d1f7610cebc5080fd44e9c6cd,keep
project,apps/chart/package-lock.json,apps/chart/package-lock.json,chart-application,True,25976,ecabdd33e575a878ab83376c43604f38e53774f9cd0390811f186768d4d9c7eb,keep
project,apps/chart/package.json,apps/chart/package.json,chart-application,True,523,410893d20968c88d1ca04de2fe11ecf037b387526b6461f853d6d13321036262,keep
project,apps/chart/review.html,apps/chart/review.html,chart-application,True,491,486fb343bc5629491a7250ef01f0e6937174096cb1105a57751d69cb0cbf37d4,keep
project,apps/chart/vite.config.js,apps/chart/vite.config.js,chart-application,True,36271,0ad8929ffd5425795c29323e286020c76c063016a9c393e671db37e5db0e6fa5,keep
project,apps/chart/node_modules/.package-lock.json,apps/chart/node_modules/.package-lock.json,generated-dependency-build-cache,False,11512,10d5711be788906dfac8b1db23821f790f506b9f30f0ea4d9335a177ec205734,keep
project,apps/chart/node_modules/.bin/nanoid,apps/chart/node_modules/.bin/nanoid,generated-dependency-build-cache,False,818,5ae7d15cfa0c87c8f9bbe3759a451e001bff03df918d14696f1e8e1b8a55e206,keep
project,apps/chart/node_modules/.bin/nanoid.cmd,apps/chart/node_modules/.bin/nanoid.cmd,generated-dependency-build-cache,False,325,d0161b261c14728bf85f38fba28eeb4569e2dfc91702e69d58d9ede7b69ab2ed,keep
project,apps/chart/node_modules/.bin/nanoid.ps1,apps/chart/node_modules/.bin/nanoid.ps1,generated-dependency-build-cache,False,809,c2b48c0422548661c689493b3249b16f93599ca15fc3af5e821f9e6bccbe2aad,keep
project,apps/chart/node_modules/.bin/playwright-core,apps/chart/node_modules/.bin/playwright-core,generated-dependency-build-cache,False,819,7371afa419e634f0bcd24d43e581619aecada581b27a6bb27241b9a70fc89c31,keep
project,apps/chart/node_modules/.bin/playwright-core.cmd,apps/chart/node_modules/.bin/playwright-core.cmd,generated-dependency-build-cache,False,326,0299bcf5ef24d926113c66400f9ad5a70f2806231fc474ac720a68ab1a00bd80,keep
project,apps/chart/node_modules/.bin/playwright-core.ps1,apps/chart/node_modules/.bin/playwright-core.ps1,generated-dependency-build-cache,False,813,3bf0f558069840dbf93f823da0886e3f7b01e58f00c26ca9a2a5551bafd6052b,keep
project,apps/chart/node_modules/.bin/rolldown,apps/chart/node_modules/.bin/rolldown,generated-dependency-build-cache,False,817,62094b2adb7a2321fd54b9e393987133080b8bc262050b852ccd4f0d6f4dbf75,keep
project,apps/chart/node_modules/.bin/rolldown.cmd,apps/chart/node_modules/.bin/rolldown.cmd,generated-dependency-build-cache,False,324,b0d39f248efa28bdb571cf7e37289ad343c197c02a3af60450239a8296d3373b,keep
project,apps/chart/node_modules/.bin/rolldown.ps1,apps/chart/node_modules/.bin/rolldown.ps1,generated-dependency-build-cache,False,805,928851037cd811b90043e04143cb52a6f9e1055d7667f82f29ea3cbe3c3f9f1f,keep
project,apps/chart/node_modules/.bin/vite,apps/chart/node_modules/.bin/vite,generated-dependency-build-cache,False,813,84a9d04c5138468ee063b067b6be3a34e65183259b2f2df4582f1b4c3f686fa7,keep
project,apps/chart/node_modules/.bin/vite.cmd,apps/chart/node_modules/.bin/vite.cmd,generated-dependency-build-cache,False,320,58a05ca4c238081133c5158a44401f633a061f18370509f8493540518b50caa9,keep
project,apps/chart/node_modules/.bin/vite.ps1,apps/chart/node_modules/.bin/vite.ps1,generated-dependency-build-cache,False,789,fb22a675c5bf414d459a8b07172d5cc073c7d51520bed1d7d6f1652e3fd1f3ea,keep
project,apps/chart/node_modules/.vite/deps/_metadata.json,apps/chart/node_modules/.vite/deps/_metadata.json,generated-dependency-build-cache,False,361,5a228caec9daa956645417fd2c6d4963d5cb9fbc40408580d58e321caf59bb65,keep
project,apps/chart/node_modules/.vite/deps/lightweight-charts.js,apps/chart/node_modules/.vite/deps/lightweight-charts.js,generated-dependency-build-cache,False,597429,faf559f9233dc41dfbc2541dc683d325ea383e5ec049010bf9a849b663e1294f,keep
project,apps/chart/node_modules/.vite/deps/lightweight-charts.js.map,apps/chart/node_modules/.vite/deps/lightweight-charts.js.map,generated-dependency-build-cache,False,1105077,29ae28e21e80960f8666ab5d1f0bebdd3aca7cf63b84893ca4f1c3b0599a4f1b,keep
project,apps/chart/node_modules/.vite/deps/package.json,apps/chart/node_modules/.vite/deps/package.json,generated-dependency-build-cache,False,23,3ca9d4afd21425087cf31893b8f9f63c81b0b8408db5e343ca76e5f8aa26ab9a,keep
project,apps/chart/node_modules/@oxc-project/types/LICENSE,apps/chart/node_modules/@oxc-project/types/LICENSE,generated-dependency-build-cache,False,1119,95ced5ecf1133fbf41d409b5555c86c344f83f3b019926057ddbc07cfdcc27b3,keep
project,apps/chart/node_modules/@oxc-project/types/README.md,apps/chart/node_modules/@oxc-project/types/README.md,generated-dependency-build-cache,False,55,a6d02a8c1016c2305e8cd9eeab91ad1b1d9c614b2b361edef0d0da3816a0775a,keep
project,apps/chart/node_modules/@oxc-project/types/package.json,apps/chart/node_modules/@oxc-project/types/package.json,generated-dependency-build-cache,False,577,e7d7c0d4c05a2cf91517b80f3f3c5de59933d031c1b0d33f672f765cc56c7be1,keep
project,apps/chart/node_modules/@oxc-project/types/types.d.ts,apps/chart/node_modules/@oxc-project/types/types.d.ts,generated-dependency-build-cache,False,42826,13f758619efc1ce2eda9da363ddbefc48813163cd6d8de45cbdef600c6f366a4,keep
project,apps/chart/node_modules/@rolldown/binding-win32-x64-msvc/README.md,apps/chart/node_modules/@rolldown/binding-win32-x64-msvc/README.md,generated-dependency-build-cache,False,108,327b514303b86e589a6d6bb831928bb9720678fb72648f81c8c2cdcb2f7a856f,keep
project,apps/chart/node_modules/@rolldown/binding-win32-x64-msvc/package.json,apps/chart/node_modules/@rolldown/binding-win32-x64-msvc/package.json,generated-dependency-build-cache,False,782,9edab31985bcebb66b7aea6371c434d5d80fe1328ffad35ebb639ad0aa974456,keep
project,apps/chart/node_modules/@rolldown/binding-win32-x64-msvc/rolldown-binding.win32-x64-msvc.node,apps/chart/node_modules/@rolldown/binding-win32-x64-msvc/rolldown-binding.win32-x64-msvc.node,generated-dependency-build-cache,False,20955136,716991dc09837d123b49d447b7ebf9d0de68706b05a492163ea9b27907a042ef,keep
project,apps/chart/node_modules/@rolldown/pluginutils/LICENSE,apps/chart/node_modules/@rolldown/pluginutils/LICENSE,generated-dependency-build-cache,False,1106,e1919b3b98b8bf6c1b99fcc60a0ed46027c97ac947432e1278446c9606f50161,keep
project,apps/chart/node_modules/@rolldown/pluginutils/README.md,apps/chart/node_modules/@rolldown/pluginutils/README.md,generated-dependency-build-cache,False,6177,4886d9da5238f5d7e44fa2558a3c8d4939e5eb212cc1a3e587472ee2b65fd3fd,keep
project,apps/chart/node_modules/@rolldown/pluginutils/package.json,apps/chart/node_modules/@rolldown/pluginutils/package.json,generated-dependency-build-cache,False,975,c3d2bfe0ff94de71fd5b82e6f3a01b12ee4d99b8f1b34cc00b984b9acde61cfa,keep
project,apps/chart/node_modules/@rolldown/pluginutils/dist/filter-B_mD-HGz.mjs,apps/chart/node_modules/@rolldown/pluginutils/dist/filter-B_mD-HGz.mjs,generated-dependency-build-cache,False,9099,a133ff74d88a2c230bd5581513467307c01f84a697998ddbb5680f065ebf76a2,keep
project,apps/chart/node_modules/@rolldown/pluginutils/dist/index.d.mts,apps/chart/node_modules/@rolldown/pluginutils/dist/index.d.mts,generated-dependency-build-cache,False,625,9394183f4c37b8591156f32e41223c9e0dd211eefe7499155d4cdf15268eaea8,keep
project,apps/chart/node_modules/@rolldown/pluginutils/dist/index.mjs,apps/chart/node_modules/@rolldown/pluginutils/dist/index.mjs,generated-dependency-build-cache,False,549,804098994718a742136af9efea50a097086a2730b3b0279271be5d23fb2751ee,keep
project,apps/chart/node_modules/@rolldown/pluginutils/dist/filter/index.d.mts,apps/chart/node_modules/@rolldown/pluginutils/dist/filter/index.d.mts,generated-dependency-build-cache,False,6612,638a22f8e16b31c37297483fa38cfc760ed309b16d4c606a7b4532f4394c9c0c,keep
project,apps/chart/node_modules/@rolldown/pluginutils/dist/filter/index.mjs,apps/chart/node_modules/@rolldown/pluginutils/dist/filter/index.mjs,generated-dependency-build-cache,False,550,064650435c2293e3657ad0cf57a9ac374cad68ad9f3f001d5f741813c58041b2,keep
project,apps/chart/node_modules/detect-libc/LICENSE,apps/chart/node_modules/detect-libc/LICENSE,generated-dependency-build-cache,False,11357,b40930bbcf80744c86c46a12bc9da056641d722716c378f5659b9e555ef833e1,keep
project,apps/chart/node_modules/detect-libc/README.md,apps/chart/node_modules/detect-libc/README.md,generated-dependency-build-cache,False,3215,51a97449c443889155bc872522e6de5a91a5fa73edeffa03d749e186bf0eebca,keep
project,apps/chart/node_modules/detect-libc/index.d.ts,apps/chart/node_modules/detect-libc/index.d.ts,generated-dependency-build-cache,False,436,9500090533aafe039c41d8d368a44959f04482bb75636d96bc843c06f3d6a348,keep
project,apps/chart/node_modules/detect-libc/package.json,apps/chart/node_modules/detect-libc/package.json,generated-dependency-build-cache,False,1278,ee88e5b954fdf3a8480b1d01ef767d68d8ca2c6da269f58c5cf1c5550e9aa2a7,keep
project,apps/chart/node_modules/detect-libc/lib/detect-libc.js,apps/chart/node_modules/detect-libc/lib/detect-libc.js,generated-dependency-build-cache,False,7503,5de6a1c1abec8bba5ea1261cf819d83a73c92ebe72b879ae48c59ca12320a462,keep
project,apps/chart/node_modules/detect-libc/lib/elf.js,apps/chart/node_modules/detect-libc/lib/elf.js,generated-dependency-build-cache,False,982,0e8820f00ee11d179d94894d4f97a6e87c34ab59e5dd4d3a571dfabcecf043af,keep
project,apps/chart/node_modules/detect-libc/lib/filesystem.js,apps/chart/node_modules/detect-libc/lib/filesystem.js,generated-dependency-build-cache,False,1097,5c98fb66b559d0b4fa82c7a3e39d9ab6840f022c4c73e6b1a73ac6d16ec13fd7,keep
project,apps/chart/node_modules/detect-libc/lib/process.js,apps/chart/node_modules/detect-libc/lib/process.js,generated-dependency-build-cache,False,569,f37dd0ead9f70b50c6f5529c600e1cdf076e3c3bc8e6b4a0a9820a8d65244628,keep
project,apps/chart/node_modules/fancy-canvas/canvas-element-bitmap-size.d.mts,apps/chart/node_modules/fancy-canvas/canvas-element-bitmap-size.d.mts,generated-dependency-build-cache,False,1577,469072f77c3aa1e39400d1923a3e6fc43fb888a1f7c7fd632109d909dd1865b4,keep
project,apps/chart/node_modules/fancy-canvas/canvas-element-bitmap-size.d.ts,apps/chart/node_modules/fancy-canvas/canvas-element-bitmap-size.d.ts,generated-dependency-build-cache,False,1575,a0225a9a7afee50595067da99e79204c25685eb9e7340b2d51359a9f4bb36187,keep
project,apps/chart/node_modules/fancy-canvas/canvas-element-bitmap-size.js,apps/chart/node_modules/fancy-canvas/canvas-element-bitmap-size.js,generated-dependency-build-cache,False,11349,79c912c02c976c9e2fb610f969cfdd4e20f161f990d9db11a2e07b43fa5a00d0,keep
project,apps/chart/node_modules/fancy-canvas/canvas-element-bitmap-size.mjs,apps/chart/node_modules/fancy-canvas/canvas-element-bitmap-size.mjs,generated-dependency-build-cache,False,11106,536a105163a935358f09f0ade2e11365a5d4b4db407590a0e0cb6804211b9c7d,keep
project,apps/chart/node_modules/fancy-canvas/canvas-rendering-target.d.mts,apps/chart/node_modules/fancy-canvas/canvas-rendering-target.d.mts,generated-dependency-build-cache,False,1468,83bed67bdd05171b4c7aadcea1b6458818957e50921a06870fece967759029cb,keep
project,apps/chart/node_modules/fancy-canvas/canvas-rendering-target.d.ts,apps/chart/node_modules/fancy-canvas/canvas-rendering-target.d.ts,generated-dependency-build-cache,False,1466,292d80b398d8f267c929c60bf7489ea38ec0fdea560926b892c1d4a6bdc3909a,keep
project,apps/chart/node_modules/fancy-canvas/canvas-rendering-target.js,apps/chart/node_modules/fancy-canvas/canvas-rendering-target.js,generated-dependency-build-cache,False,3981,c00c1eabf9def4bcd9327d4a51a06e1c68475dc764860ad9fef441aad5877720,keep
project,apps/chart/node_modules/fancy-canvas/canvas-rendering-target.mjs,apps/chart/node_modules/fancy-canvas/canvas-rendering-target.mjs,generated-dependency-build-cache,False,3622,6bb1b8281290f277bf0b48c2fbd0d4aaea785826156229e3bb39dd9a36de8006,keep
project,apps/chart/node_modules/fancy-canvas/device-pixel-ratio.d.mts,apps/chart/node_modules/fancy-canvas/device-pixel-ratio.d.mts,generated-dependency-build-cache,False,180,75512452ae9f76d911765d5d4bbf86f9a5a50f468d849500babf9860893261cf,keep
project,apps/chart/node_modules/fancy-canvas/device-pixel-ratio.d.ts,apps/chart/node_modules/fancy-canvas/device-pixel-ratio.d.ts,generated-dependency-build-cache,False,178,c70eaf8b5a7d7b2b763f099156aa81355a29a82921f61b60531ef29d54b51e4b,keep
project,apps/chart/node_modules/fancy-canvas/device-pixel-ratio.js,apps/chart/node_modules/fancy-canvas/device-pixel-ratio.js,generated-dependency-build-cache,False,2759,5a46bdd85e69b50cc21900ffb581beee5671220a6c75820d8bf990dea8050e5a,keep
project,apps/chart/node_modules/fancy-canvas/device-pixel-ratio.mjs,apps/chart/node_modules/fancy-canvas/device-pixel-ratio.mjs,generated-dependency-build-cache,False,2609,4b86c4d799d6da70013972f40ef0dbe958fb4e2e39a9201984f7eb738cd5a8d1,keep
project,apps/chart/node_modules/fancy-canvas/disposable.d.mts,apps/chart/node_modules/fancy-canvas/disposable.d.mts,generated-dependency-build-cache,False,61,309a1157c6c3bdef9f53e9db268b21f48455ebd0f54dd094d645b14dbd021bf2,keep
project,apps/chart/node_modules/fancy-canvas/disposable.d.ts,apps/chart/node_modules/fancy-canvas/disposable.d.ts,generated-dependency-build-cache,False,61,309a1157c6c3bdef9f53e9db268b21f48455ebd0f54dd094d645b14dbd021bf2,keep
project,apps/chart/node_modules/fancy-canvas/disposable.js,apps/chart/node_modules/fancy-canvas/disposable.js,generated-dependency-build-cache,False,77,d43aa81f5bc89faa359e0f97c814ba25155591ff078fbb9bfd40f8c7c9683230,keep
project,apps/chart/node_modules/fancy-canvas/disposable.mjs,apps/chart/node_modules/fancy-canvas/disposable.mjs,generated-dependency-build-cache,False,11,8e609bb71c20b858c77f0e9f90bb1319db8477b13f9f965f1a1e18524bf50881,keep
project,apps/chart/node_modules/fancy-canvas/index.d.mts,apps/chart/node_modules/fancy-canvas/index.d.mts,generated-dependency-build-cache,False,533,df4e3d1a16fe03be2eb8a715cd176c18311c1662d4bc43a02c11a89799e344c4,keep
project,apps/chart/node_modules/fancy-canvas/index.d.ts,apps/chart/node_modules/fancy-canvas/index.d.ts,generated-dependency-build-cache,False,529,9b2cf7a3c7f19d06eded35d123b351a79a5de7d3f8a2b2ac297d718e311411c2,keep
project,apps/chart/node_modules/fancy-canvas/index.js,apps/chart/node_modules/fancy-canvas/index.js,generated-dependency-build-cache,False,1378,8964a0e73362eba93b7ebc1d48d40449337eeeb271ef834c4f4ee509d2b99496,keep
project,apps/chart/node_modules/fancy-canvas/index.mjs,apps/chart/node_modules/fancy-canvas/index.mjs,generated-dependency-build-cache,False,279,4ab81643835adb6970dddffd5d5d45bd16309dd153b2dbdae9720a5b337f7cd5,keep
project,apps/chart/node_modules/fancy-canvas/package.json,apps/chart/node_modules/fancy-canvas/package.json,generated-dependency-build-cache,False,536,9b204f723c7986396eb03d091067f6ce82bcd851e43a3498fd0793d3a6d9b227,keep
project,apps/chart/node_modules/fancy-canvas/rx.d.mts,apps/chart/node_modules/fancy-canvas/rx.d.mts,generated-dependency-build-cache,False,309,4db2143b3fbd9ccabc751e0bac89892965c3b2bc5394fec7eff85ff8cc009600,keep
project,apps/chart/node_modules/fancy-canvas/rx.d.ts,apps/chart/node_modules/fancy-canvas/rx.d.ts,generated-dependency-build-cache,False,309,4db2143b3fbd9ccabc751e0bac89892965c3b2bc5394fec7eff85ff8cc009600,keep
project,apps/chart/node_modules/fancy-canvas/rx.js,apps/chart/node_modules/fancy-canvas/rx.js,generated-dependency-build-cache,False,77,d43aa81f5bc89faa359e0f97c814ba25155591ff078fbb9bfd40f8c7c9683230,keep
project,apps/chart/node_modules/fancy-canvas/rx.mjs,apps/chart/node_modules/fancy-canvas/rx.mjs,generated-dependency-build-cache,False,11,8e609bb71c20b858c77f0e9f90bb1319db8477b13f9f965f1a1e18524bf50881,keep
project,apps/chart/node_modules/fancy-canvas/size.d.mts,apps/chart/node_modules/fancy-canvas/size.d.mts,generated-dependency-build-cache,False,355,3b24d2d4a402ff1dd7cb3471bad74eb6442c87d754d1ad1a97250eb2576df82f,keep
project,apps/chart/node_modules/fancy-canvas/size.d.ts,apps/chart/node_modules/fancy-canvas/size.d.ts,generated-dependency-build-cache,False,355,3b24d2d4a402ff1dd7cb3471bad74eb6442c87d754d1ad1a97250eb2576df82f,keep
project,apps/chart/node_modules/fancy-canvas/size.js,apps/chart/node_modules/fancy-canvas/size.js,generated-dependency-build-cache,False,625,fa37a16c00c75011f3cc1d5045201513b7482ee59022195aeb3eb1aec4749c12,keep
project,apps/chart/node_modules/fancy-canvas/size.mjs,apps/chart/node_modules/fancy-canvas/size.mjs,generated-dependency-build-cache,False,464,05bc3bc47fe1d57b674f9d9f8cd80f938a8234093e84208fc6cce62808094923,keep
project,apps/chart/node_modules/fdir/LICENSE,apps/chart/node_modules/fdir/LICENSE,generated-dependency-build-cache,False,1053,9a39f2aadab11a3697edd668ff2d8ad885b649737b7ab4d3bf12b34e5ada0c86,keep
project,apps/chart/node_modules/fdir/README.md,apps/chart/node_modules/fdir/README.md,generated-dependency-build-cache,False,3851,99ba9a269bf78c24621c0eaaee2978fd2deea1680c147ede89eb2f900ea1d562,keep
project,apps/chart/node_modules/fdir/package.json,apps/chart/node_modules/fdir/package.json,generated-dependency-build-cache,False,2694,aca49395d61ef383a09f74555c66ed45817ca2b5724e710a4dc9e0471b83d8f5,keep
project,apps/chart/node_modules/fdir/dist/index.cjs,apps/chart/node_modules/fdir/dist/index.cjs,generated-dependency-build-cache,False,18210,ec92c1fdd78905a7b6d1ea3391aeca2cf19d10e6bbd04db0de158fbfc8b6cff4,keep
project,apps/chart/node_modules/fdir/dist/index.d.cts,apps/chart/node_modules/fdir/dist/index.d.cts,generated-dependency-build-cache,False,5129,84e9a7a30adfbe64e51de98c71cc5b8403f6c1af16301c6f40fc2febc4be6fd3,keep
project,apps/chart/node_modules/fdir/dist/index.d.mts,apps/chart/node_modules/fdir/dist/index.d.mts,generated-dependency-build-cache,False,5129,84e9a7a30adfbe64e51de98c71cc5b8403f6c1af16301c6f40fc2febc4be6fd3,keep
project,apps/chart/node_modules/fdir/dist/index.mjs,apps/chart/node_modules/fdir/dist/index.mjs,generated-dependency-build-cache,False,17225,4a0266bf60373bc08bcac35a813587ead767864b3a80b5dca10bff999e05e32d,keep
project,apps/chart/node_modules/lightningcss/LICENSE,apps/chart/node_modules/lightningcss/LICENSE,generated-dependency-build-cache,False,15648,5eba353fe5076ac3432177f8ab1cf75e3afcd0584251e37c3bfead5f447d040e,keep
project,apps/chart/node_modules/lightningcss/README.md,apps/chart/node_modules/lightningcss/README.md,generated-dependency-build-cache,False,6058,5c0c95d29d204230e9bdb1b998b6dc960f88524f4202e2375062b75bba2b957b,keep
project,apps/chart/node_modules/lightningcss/package.json,apps/chart/node_modules/lightningcss/package.json,generated-dependency-build-cache,False,3834,b26fa1b188f90ec672206326e9a1de793f0403a263be9c3797c2e2d56aa48b3c,keep
project,apps/chart/node_modules/lightningcss/node/ast.d.ts,apps/chart/node_modules/lightningcss/node/ast.d.ts,generated-dependency-build-cache,False,213707,f3fe8197217cb6fd6e07c0eaa0966e4ece77cd779cbfc55767a93704cc692e04,keep
project,apps/chart/node_modules/lightningcss/node/ast.js.flow,apps/chart/node_modules/lightningcss/node/ast.js.flow,generated-dependency-build-cache,False,218067,77bf7eeeedb46af8074af0af110eb950b07cff543646dbfb2a311ffc58e743e4,keep
project,apps/chart/node_modules/lightningcss/node/browserslistToTargets.js,apps/chart/node_modules/lightningcss/node/browserslistToTargets.js,generated-dependency-build-cache,False,929,18b2c767c8623273e0c5ead5bb8e09f3f843d8401aaa6518dbdd20337849f37b,keep
project,apps/chart/node_modules/lightningcss/node/composeVisitors.js,apps/chart/node_modules/lightningcss/node/composeVisitors.js,generated-dependency-build-cache,False,11393,0d5aeaeaf42ccc6c64d10add07aa243102cdc8c6c25c3e2ebb1b01c46a1356f5,keep
project,apps/chart/node_modules/lightningcss/node/flags.js,apps/chart/node_modules/lightningcss/node/flags.js,generated-dependency-build-cache,False,666,646027f1c0977cf151916b221edf51c2b4287ff5b5028c60243f6b014e9a388d,keep
project,apps/chart/node_modules/lightningcss/node/index.d.ts,apps/chart/node_modules/lightningcss/node/index.d.ts,generated-dependency-build-cache,False,18831,617112682fcb55805f0a0e16450397edc016881962eee4298f4f4e3ef795aee8,keep
project,apps/chart/node_modules/lightningcss/node/index.js,apps/chart/node_modules/lightningcss/node/index.js,generated-dependency-build-cache,False,1665,8b7f10ff14d65a382bd7041a747df4a0d4b7c4e22b2842bcaca2588cd86bb045,keep
project,apps/chart/node_modules/lightningcss/node/index.js.flow,apps/chart/node_modules/lightningcss/node/index.js.flow,generated-dependency-build-cache,False,21054,c0a3c5b9c8acdc12cbdd9baf2d379d71154ae67acadf8f4a62b7077d99fafd8a,keep
project,apps/chart/node_modules/lightningcss/node/index.mjs,apps/chart/node_modules/lightningcss/node/index.mjs,generated-dependency-build-cache,False,276,e1a8e4ea3242b6e95d13aeddb3ef95ff9d3282852e23257618f784566484e452,keep
project,apps/chart/node_modules/lightningcss/node/targets.d.ts,apps/chart/node_modules/lightningcss/node/targets.d.ts,generated-dependency-build-cache,False,867,a18642ddf216f162052a16cba0944892c4c4c977d3306a87cb673d46abbb0cbf,keep
project,apps/chart/node_modules/lightningcss/node/targets.js.flow,apps/chart/node_modules/lightningcss/node/targets.js.flow,generated-dependency-build-cache,False,819,2a8a5ce45165daf3ccc368e9c9bb48a6683fd15e4276b42998a625b26bd795e5,keep
project,apps/chart/node_modules/lightningcss-win32-x64-msvc/LICENSE,apps/chart/node_modules/lightningcss-win32-x64-msvc/LICENSE,generated-dependency-build-cache,False,15648,5eba353fe5076ac3432177f8ab1cf75e3afcd0584251e37c3bfead5f447d040e,keep
project,apps/chart/node_modules/lightningcss-win32-x64-msvc/README.md,apps/chart/node_modules/lightningcss-win32-x64-msvc/README.md,generated-dependency-build-cache,False,121,7a8ce7a98de104127a9414f2ad3d1c36e169609c8c85b0e9c232dc723178bd2c,keep
project,apps/chart/node_modules/lightningcss-win32-x64-msvc/lightningcss.win32-x64-msvc.node,apps/chart/node_modules/lightningcss-win32-x64-msvc/lightningcss.win32-x64-msvc.node,generated-dependency-build-cache,False,9484800,d043df0f0675e7fffed4cf8b8c33e28639ec9f21d445c21e7fe4985e4a9b5a91,keep
project,apps/chart/node_modules/lightningcss-win32-x64-msvc/package.json,apps/chart/node_modules/lightningcss-win32-x64-msvc/package.json,generated-dependency-build-cache,False,719,b5ebddf44be90f0f82899482f512de5c2937fee0892dd001041cd17b35bc7699,keep
project,apps/chart/node_modules/lightweight-charts/LICENSE,apps/chart/node_modules/lightweight-charts/LICENSE,generated-dependency-build-cache,False,11347,70c9d5382506dd184465425c08a99ad9bd6d9ac1313c252968ba0b585e5ef823,keep
project,apps/chart/node_modules/lightweight-charts/README.md,apps/chart/node_modules/lightweight-charts/README.md,generated-dependency-build-cache,False,7412,e32aae65b24825b9368a25c6de05e7a93c0fe9fff45e5c02cd24fa7e1de81db5,keep
project,apps/chart/node_modules/lightweight-charts/package.json,apps/chart/node_modules/lightweight-charts/package.json,generated-dependency-build-cache,False,1368,c6535c33425f81748d8ccbeed8d98fe71dd4a17157d7c04561cac2a2a180abe1,keep
project,apps/chart/node_modules/lightweight-charts/dist/lightweight-charts.development.mjs,apps/chart/node_modules/lightweight-charts/dist/lightweight-charts.development.mjs,generated-dependency-build-cache,False,743893,350786b76b81fd99d2fd4f782ad9a35747883cce3c2671d0b35eade8b397a4ae,keep
project,apps/chart/node_modules/lightweight-charts/dist/lightweight-charts.production.mjs,apps/chart/node_modules/lightweight-charts/dist/lightweight-charts.production.mjs,generated-dependency-build-cache,False,189213,faf0924968b1cbb9ea5bb6baa43a27ed6a0802341c07238b72ae869ffebab90c,keep
project,apps/chart/node_modules/lightweight-charts/dist/lightweight-charts.standalone.development.js,apps/chart/node_modules/lightweight-charts/dist/lightweight-charts.standalone.development.js,generated-dependency-build-cache,False,828924,d7b74180a63bde3d282e78f8b0bee5a648a85777c21dfa8a5090593a6db8d84a,keep
project,apps/chart/node_modules/lightweight-charts/dist/lightweight-charts.standalone.development.mjs,apps/chart/node_modules/lightweight-charts/dist/lightweight-charts.standalone.development.mjs,generated-dependency-build-cache,False,760671,d5f65f2040a917159f3e4c9d5f31d859cb85c6827971d61433b86dc2972ebc65,keep
project,apps/chart/node_modules/lightweight-charts/dist/lightweight-charts.standalone.production.js,apps/chart/node_modules/lightweight-charts/dist/lightweight-charts.standalone.production.js,generated-dependency-build-cache,False,197922,e21cc5caa0226ef30bd8549c50b9ef926615f2a4ee6b4e486353477a55f598cf,keep
project,apps/chart/node_modules/lightweight-charts/dist/lightweight-charts.standalone.production.mjs,apps/chart/node_modules/lightweight-charts/dist/lightweight-charts.standalone.production.mjs,generated-dependency-build-cache,False,197827,1bb1ee79f9d4dd17261b53d930f7a8995748276f80e7ba0e24412b5068062f5f,keep
project,apps/chart/node_modules/lightweight-charts/dist/typings.d.ts,apps/chart/node_modules/lightweight-charts/dist/typings.d.ts,generated-dependency-build-cache,False,156435,e3d7cd2e718e92c4f61413f1b15aebb39f20c9e987a138b30e575c7843cc8c71,keep
project,apps/chart/node_modules/nanoid/LICENSE,apps/chart/node_modules/nanoid/LICENSE,generated-dependency-build-cache,False,1095,da4db1480d9beea3483a2eda5c53b22238d0827d57da162b48f122e04d2d9987,keep
project,apps/chart/node_modules/nanoid/README.md,apps/chart/node_modules/nanoid/README.md,generated-dependency-build-cache,False,1552,54449254570e72b9eac5e3fafa9232eccffcc2f1de403a4dae02b2ffabee720f,keep
project,apps/chart/node_modules/nanoid/index.browser.cjs,apps/chart/node_modules/nanoid/index.browser.cjs,generated-dependency-build-cache,False,1117,512a7626d7ae6b08beadd901c3468133b547181baf2ec58f05adf5bcd5d95751,keep
project,apps/chart/node_modules/nanoid/index.browser.js,apps/chart/node_modules/nanoid/index.browser.js,generated-dependency-build-cache,False,1103,765c95cbce86e6597d153fe41f315c5126c9a62d53a83264a742362d5f5aee91,keep
project,apps/chart/node_modules/nanoid/index.cjs,apps/chart/node_modules/nanoid/index.cjs,generated-dependency-build-cache,False,1454,d345287b9f05a55b79c4e74b9a0f0d87e3acad5b01160e307b3345ad0e654918,keep
project,apps/chart/node_modules/nanoid/index.d.cts,apps/chart/node_modules/nanoid/index.d.cts,generated-dependency-build-cache,False,2252,a45ee7555d019a67fbe092898d1aef0b1d02a9f6679ab84461ff515b4460d706,keep
project,apps/chart/node_modules/nanoid/index.d.ts,apps/chart/node_modules/nanoid/index.d.ts,generated-dependency-build-cache,False,2252,a45ee7555d019a67fbe092898d1aef0b1d02a9f6679ab84461ff515b4460d706,keep
project,apps/chart/node_modules/nanoid/index.js,apps/chart/node_modules/nanoid/index.js,generated-dependency-build-cache,False,1498,8a991054401ca588465275d07a68f31217648dcffe7e2202f03b40a47a640792,keep
project,apps/chart/node_modules/nanoid/nanoid.js,apps/chart/node_modules/nanoid/nanoid.js,generated-dependency-build-cache,False,169,8d11a2a154f892b392c0c84dbe3cf9515413e1976103e1827e1a90685b78ae32,keep
project,apps/chart/node_modules/nanoid/package.json,apps/chart/node_modules/nanoid/package.json,generated-dependency-build-cache,False,2283,18673eb0d7ed43dd871d59dc22a5670303f5d4eb9b17783b1f698f5840ce1fff,keep
project,apps/chart/node_modules/nanoid/async/index.browser.cjs,apps/chart/node_modules/nanoid/async/index.browser.cjs,generated-dependency-build-cache,False,1031,27b1e51270ffaa0ddd7640ea72603526763a627c2522a32520bb87cee187a7b0,keep
project,apps/chart/node_modules/nanoid/async/index.browser.js,apps/chart/node_modules/nanoid/async/index.browser.js,generated-dependency-build-cache,False,1021,3c2f3a015fff84db08195101d5a20afb194af46b9a57cff2d5244d7c2b57837e,keep
project,apps/chart/node_modules/nanoid/async/index.cjs,apps/chart/node_modules/nanoid/async/index.cjs,generated-dependency-build-cache,False,1087,bd73029973939d5d958e132a181da2a62fbb0676428d3f425ac615cbb8b1c7ef,keep
project,apps/chart/node_modules/nanoid/async/index.d.ts,apps/chart/node_modules/nanoid/async/index.d.ts,generated-dependency-build-cache,False,1505,6eed88ce45c41746dee34d61027633a63a9ead098bf4fe8005667e1cf655cb02,keep
project,apps/chart/node_modules/nanoid/async/index.js,apps/chart/node_modules/nanoid/async/index.js,generated-dependency-build-cache,False,1070,2194df84a854623bd3dadfe67aa9ac045ee382c101427dca654d67999d42f843,keep
project,apps/chart/node_modules/nanoid/async/index.native.js,apps/chart/node_modules/nanoid/async/index.native.js,generated-dependency-build-cache,False,908,99400149e96a2a4d92abf07f9b5e156fe047532b5201dc7d70c421c7982eca4d,keep
project,apps/chart/node_modules/nanoid/async/package.json,apps/chart/node_modules/nanoid/async/package.json,generated-dependency-build-cache,False,233,0e02b9178f3638eba65e96c8643f3bf08ea192dcef7faadaf3c38c50a829b301,keep
project,apps/chart/node_modules/nanoid/bin/nanoid.cjs,apps/chart/node_modules/nanoid/bin/nanoid.cjs,generated-dependency-build-cache,False,1129,e4eb9be1a3e3feb3f8979ef08c3bf3ef8430f4f22df9c4e427353a1577accbe8,keep
project,apps/chart/node_modules/nanoid/non-secure/index.cjs,apps/chart/node_modules/nanoid/non-secure/index.cjs,generated-dependency-build-cache,False,518,73b3dc5bf17d98fc9b9894748907e338c536f47412ae495a5f8052565381ddb2,keep
project,apps/chart/node_modules/nanoid/non-secure/index.d.ts,apps/chart/node_modules/nanoid/non-secure/index.d.ts,generated-dependency-build-cache,False,983,f001cc8fd6bd0ce527923f124a5d7309abcab5927852ebadc0ef71d2b1f3ae7c,keep
project,apps/chart/node_modules/nanoid/non-secure/index.js,apps/chart/node_modules/nanoid/non-secure/index.js,generated-dependency-build-cache,False,508,c899e2811f0c0b89624f11370da64d381ef3f96be2937c1414130895f5622325,keep
project,apps/chart/node_modules/nanoid/non-secure/package.json,apps/chart/node_modules/nanoid/non-secure/package.json,generated-dependency-build-cache,False,99,2f9b8c4bee9312538f388b49c13987f4565ac25d6756fabdbbb771d339945e3e,keep
project,apps/chart/node_modules/nanoid/url-alphabet/index.cjs,apps/chart/node_modules/nanoid/url-alphabet/index.cjs,generated-dependency-build-cache,False,121,fdb8efafe73e611c45d1fffb25360888e139d5be3ab7982783db22aba2f21518,keep
project,apps/chart/node_modules/nanoid/url-alphabet/index.js,apps/chart/node_modules/nanoid/url-alphabet/index.js,generated-dependency-build-cache,False,111,6c605b83f3d32f76692741ed948e678b8092ea7d2e1b8b637c4982aff35e6e9e,keep
project,apps/chart/node_modules/nanoid/url-alphabet/package.json,apps/chart/node_modules/nanoid/url-alphabet/package.json,generated-dependency-build-cache,False,99,2f9b8c4bee9312538f388b49c13987f4565ac25d6756fabdbbb771d339945e3e,keep
project,apps/chart/node_modules/picocolors/LICENSE,apps/chart/node_modules/picocolors/LICENSE,generated-dependency-build-cache,False,787,6582629e2979466878f6014313dcc2f3756c9616148682227ce3063dde310750,keep
project,apps/chart/node_modules/picocolors/README.md,apps/chart/node_modules/picocolors/README.md,generated-dependency-build-cache,False,622,5027b2836551ea0f91fa27b97335de905e24e1459d590eacfa45c0156962b70c,keep
project,apps/chart/node_modules/picocolors/package.json,apps/chart/node_modules/picocolors/package.json,generated-dependency-build-cache,False,552,ef2ac226c4811d312e12c64214c453878653e834482125ae475f27cea60de737,keep
project,apps/chart/node_modules/picocolors/picocolors.browser.js,apps/chart/node_modules/picocolors/picocolors.browser.js,generated-dependency-build-cache,False,598,a2e045ba16013e35c7045797ae940e3ea1c0e0ada13467bc73f7538690ea091a,keep
project,apps/chart/node_modules/picocolors/picocolors.d.ts,apps/chart/node_modules/picocolors/picocolors.d.ts,generated-dependency-build-cache,False,138,8c5f0739f00f89f89b03a1fe6658c6d78000d7ebd7f556f0f8d6908fa679de35,keep
project,apps/chart/node_modules/picocolors/picocolors.js,apps/chart/node_modules/picocolors/picocolors.js,generated-dependency-build-cache,False,2663,213bb870fcaad4def0215fe34fbb0f529836cc4d2462e02f14f1a49d09781625,keep
project,apps/chart/node_modules/picocolors/types.d.ts,apps/chart/node_modules/picocolors/types.d.ts,generated-dependency-build-cache,False,1013,590595c1230ebb7c43ebac51b2b2da956a719b213355b4358e2a6b16a8b5936c,keep
project,apps/chart/node_modules/picomatch/LICENSE,apps/chart/node_modules/picomatch/LICENSE,generated-dependency-build-cache,False,1091,d0cd141b0c322fded5dfad1d4645bb2fedfc05b7321fe1009469638190d59ef9,keep
project,apps/chart/node_modules/picomatch/README.md,apps/chart/node_modules/picomatch/README.md,generated-dependency-build-cache,False,28319,a69b87120fe2b9cb8f9057eaef6b9f9887f803e02185ca2f431e8162f6312220,keep
project,apps/chart/node_modules/picomatch/index.js,apps/chart/node_modules/picomatch/index.js,generated-dependency-build-cache,False,479,02ae26406508e28f9ba0865be16cf77f0b33de6c4d4d49c212c4176df1d5625a,keep
project,apps/chart/node_modules/picomatch/package.json,apps/chart/node_modules/picomatch/package.json,generated-dependency-build-cache,False,1915,fb7766f5f9c724e13e075760a95d16f87cdb327143d153a913135fde267ec615,keep
project,apps/chart/node_modules/picomatch/posix.js,apps/chart/node_modules/picomatch/posix.js,generated-dependency-build-cache,False,60,5695ff5dfcd5a338a40630bd506056f2950bcb08fe1cc068519cbbfe60add480,keep
project,apps/chart/node_modules/picomatch/lib/constants.js,apps/chart/node_modules/picomatch/lib/constants.js,generated-dependency-build-cache,False,4552,c28f952d2758261fe5428a121add485cc25b03e0193633f649de903dc0e5e222,keep
project,apps/chart/node_modules/picomatch/lib/parse.js,apps/chart/node_modules/picomatch/lib/parse.js,generated-dependency-build-cache,False,34668,73211a8ba85ce257b827abd8960e52c9750385b3fd18e8ef1080b114d774eb23,keep
project,apps/chart/node_modules/picomatch/lib/picomatch.js,apps/chart/node_modules/picomatch/lib/picomatch.js,generated-dependency-build-cache,False,10722,fdd249d7ffff853f3bb1c77eafc8baa1a437bea85a94c35877b83c6a40d9ca94,keep
project,apps/chart/node_modules/picomatch/lib/scan.js,apps/chart/node_modules/picomatch/lib/scan.js,generated-dependency-build-cache,False,9189,227fcc994a477ea95c5a0435d32783566334c6bd0dcc4a103029735ad8c9c535,keep
project,apps/chart/node_modules/picomatch/lib/utils.js,apps/chart/node_modules/picomatch/lib/utils.js,generated-dependency-build-cache,False,1994,f04604f70cd1a3f6ace80b84766468674ff38b4bb83818d2ef1d81fc6355f935,keep
project,apps/chart/node_modules/playwright-core/LICENSE,apps/chart/node_modules/playwright-core/LICENSE,generated-dependency-build-cache,False,11601,45873d00a0dd243596deb4aa23b2493b3d1f0671921bf2538ea431d7380220eb,keep
project,apps/chart/node_modules/playwright-core/NOTICE,apps/chart/node_modules/playwright-core/NOTICE,generated-dependency-build-cache,False,254,6d602191187b35b9b01d2cffa01c8469c2c8d9de8a96f1bf868e0f264f51c81d,keep
project,apps/chart/node_modules/playwright-core/README.md,apps/chart/node_modules/playwright-core/README.md,generated-dependency-build-cache,False,120,d16ff7f8e38fa1fc954f695ad551cdc118d9c9bdd5f3d83203901f4c317d7d7e,keep
project,apps/chart/node_modules/playwright-core/ThirdPartyNotices.txt,apps/chart/node_modules/playwright-core/ThirdPartyNotices.txt,generated-dependency-build-cache,False,676,a549d329bad8806fe279f0ecae0fc0270dec7e7c2dc8ec10f90e394f7c32b144,keep
project,apps/chart/node_modules/playwright-core/browsers.json,apps/chart/node_modules/playwright-core/browsers.json,generated-dependency-build-cache,False,1137,545d52f8382c391e605562c330e9c1c534a16045898203037a49bb8bd769a946,keep
project,apps/chart/node_modules/playwright-core/cli.js,apps/chart/node_modules/playwright-core/cli.js,generated-dependency-build-cache,False,839,f1c4075aef116c766092250d7f37b3249a7cee6465d953207fc38c8f6145becd,keep
project,apps/chart/node_modules/playwright-core/index.d.ts,apps/chart/node_modules/playwright-core/index.d.ts,generated-dependency-build-cache,False,634,7a8ec10b0834eb7183e4bfcd929838ac77583828e343211bb73676d1e47f6f01,keep
project,apps/chart/node_modules/playwright-core/index.js,apps/chart/node_modules/playwright-core/index.js,generated-dependency-build-cache,False,697,a58fb2cec4293e7dcf73c58a179898a4f3986666451a19da4e731fa3af63265b,keep
project,apps/chart/node_modules/playwright-core/index.mjs,apps/chart/node_modules/playwright-core/index.mjs,generated-dependency-build-cache,False,1063,3d36e2132d3c8b62397d23f0bb4177336aaee503203ae2a2c90fbeb5bf3317dd,keep
project,apps/chart/node_modules/playwright-core/package.json,apps/chart/node_modules/playwright-core/package.json,generated-dependency-build-cache,False,876,f061c58427e47e843e26d201f0a57076c734e57c734ecbbd87d4a23b7a20db9b,keep
project,apps/chart/node_modules/playwright-core/bin/install_media_pack.ps1,apps/chart/node_modules/playwright-core/bin/install_media_pack.ps1,generated-dependency-build-cache,False,174,bc20f049badf021e3a53bdb4156603caa5ef482c9a9a251f927605e676a44171,keep
project,apps/chart/node_modules/playwright-core/bin/install_webkit_wsl.ps1,apps/chart/node_modules/playwright-core/bin/install_webkit_wsl.ps1,generated-dependency-build-cache,False,1464,bc61beda37a808eef27d39ce684baa792f6d17737a25a432b1a84d3b591ab815,keep
project,apps/chart/node_modules/playwright-core/bin/reinstall_chrome_beta_linux.sh,apps/chart/node_modules/playwright-core/bin/reinstall_chrome_beta_linux.sh,generated-dependency-build-cache,False,1217,dc8c22b9dde76583cece2857575b88094299615f3136a3c598149710c45dee3a,keep
project,apps/chart/node_modules/playwright-core/bin/reinstall_chrome_beta_mac.sh,apps/chart/node_modules/playwright-core/bin/reinstall_chrome_beta_mac.sh,generated-dependency-build-cache,False,563,a92eaeb4ebcf5633a4e9c981481e14c80764fc81b6fcbc0565398e50ff319433,keep
project,apps/chart/node_modules/playwright-core/bin/reinstall_chrome_beta_win.ps1,apps/chart/node_modules/playwright-core/bin/reinstall_chrome_beta_win.ps1,generated-dependency-build-cache,False,957,b6d9e44742feafb98d5edc56fa20042949973cf30d141a1c5b4fb384096967c5,keep
project,apps/chart/node_modules/playwright-core/bin/reinstall_chrome_stable_linux.sh,apps/chart/node_modules/playwright-core/bin/reinstall_chrome_stable_linux.sh,generated-dependency-build-cache,False,1212,dc72ab3567a4ce43bd8353d4ecf41f1d9c03e870169367cd3ed9043aabf67dd1,keep
project,apps/chart/node_modules/playwright-core/bin/reinstall_chrome_stable_mac.sh,apps/chart/node_modules/playwright-core/bin/reinstall_chrome_stable_mac.sh,generated-dependency-build-cache,False,519,bb43a96c192a6cc81524ade0264686fff7809c019a89f7db0a9849635879c3be,keep
project,apps/chart/node_modules/playwright-core/bin/reinstall_chrome_stable_win.ps1,apps/chart/node_modules/playwright-core/bin/reinstall_chrome_stable_win.ps1,generated-dependency-build-cache,False,923,3d96c4e2f4ebbb3fad44cf3ba58d9cf90af1c9fb3073e3b27d45a74cf005515b,keep
project,apps/chart/node_modules/playwright-core/bin/reinstall_msedge_beta_linux.sh,apps/chart/node_modules/playwright-core/bin/reinstall_msedge_beta_linux.sh,generated-dependency-build-cache,False,1494,10b26f35dbc2000b94edf1172d803a29c5873a4eb8d523afbc687997b642767e,keep
project,apps/chart/node_modules/playwright-core/bin/reinstall_msedge_beta_mac.sh,apps/chart/node_modules/playwright-core/bin/reinstall_msedge_beta_mac.sh,generated-dependency-build-cache,False,377,0036d738bc90d686100d81f328ba0003bf07863f5500b792c8da391d149750fa,keep
project,apps/chart/node_modules/playwright-core/bin/reinstall_msedge_beta_win.ps1,apps/chart/node_modules/playwright-core/bin/reinstall_msedge_beta_win.ps1,generated-dependency-build-cache,False,874,b173c378a59f0cc38033cee702de1f44f09276c9b2270d1a650ebe66ee312433,keep
project,apps/chart/node_modules/playwright-core/bin/reinstall_msedge_dev_linux.sh,apps/chart/node_modules/playwright-core/bin/reinstall_msedge_dev_linux.sh,generated-dependency-build-cache,False,1489,00e4947e7a4f8339c6db09c87976d808583c07f9179e4aa7694d88614b82fe95,keep
project,apps/chart/node_modules/playwright-core/bin/reinstall_msedge_dev_mac.sh,apps/chart/node_modules/playwright-core/bin/reinstall_msedge_dev_mac.sh,generated-dependency-build-cache,False,372,6f899e3b311f742c24ca37ff9e32298e8290514ffc14bf588cc51556a29da4c0,keep
project,apps/chart/node_modules/playwright-core/bin/reinstall_msedge_dev_win.ps1,apps/chart/node_modules/playwright-core/bin/reinstall_msedge_dev_win.ps1,generated-dependency-build-cache,False,869,46f7f98c81cb0abe687d7f4a5afea9b897a38d2a6dd6f6662fbd847f7a22bd51,keep
project,apps/chart/node_modules/playwright-core/bin/reinstall_msedge_stable_linux.sh,apps/chart/node_modules/playwright-core/bin/reinstall_msedge_stable_linux.sh,generated-dependency-build-cache,False,1507,ec0a31a5f09c565e108473a1850895a4458ab00c713ac1de3aa2001912e4668f,keep
project,apps/chart/node_modules/playwright-core/bin/reinstall_msedge_stable_mac.sh,apps/chart/node_modules/playwright-core/bin/reinstall_msedge_stable_mac.sh,generated-dependency-build-cache,False,371,3af1e893527ff2257aa2dbc3b259a053b92f45c3eadb13e38eba46e87902655d,keep
project,apps/chart/node_modules/playwright-core/bin/reinstall_msedge_stable_win.ps1,apps/chart/node_modules/playwright-core/bin/reinstall_msedge_stable_win.ps1,generated-dependency-build-cache,False,856,40bb5fcbfcebbbe2ce43c6e736e7c5deefc5be03b6e9c6914423c06ec1f591be,keep
project,apps/chart/node_modules/playwright-core/lib/bootstrap.js,apps/chart/node_modules/playwright-core/lib/bootstrap.js,generated-dependency-build-cache,False,3481,4637f4dbfef9cfc01baeb5f5d2cb63fa0901522c96915ea2227290558d27123e,keep
project,apps/chart/node_modules/playwright-core/lib/coreBundle.js,apps/chart/node_modules/playwright-core/lib/coreBundle.js,generated-dependency-build-cache,False,3477183,549070af3acabb3efcc4f55bfe6210f9f7c2fcf633cf7eaa59bfe60719969171,keep
project,apps/chart/node_modules/playwright-core/lib/package.js,apps/chart/node_modules/playwright-core/lib/package.js,generated-dependency-build-cache,False,2112,9f938e1d44a0dd231b1660ca62f7dae964859b79cbdc370b8542c5d375ca3c05,keep
project,apps/chart/node_modules/playwright-core/lib/serverRegistry.js,apps/chart/node_modules/playwright-core/lib/serverRegistry.js,generated-dependency-build-cache,False,57039,38025f08f335705b099b9f188bf45b5908a56a722825fe895b1e90f56d5595b6,keep
project,apps/chart/node_modules/playwright-core/lib/serverRegistry.js.LICENSE,apps/chart/node_modules/playwright-core/lib/serverRegistry.js.LICENSE,generated-dependency-build-cache,False,2982,3098a6efcbc11752cbdf6075fa65480f5470f78c8d981fab9c0796dc9a41cefe,keep
project,apps/chart/node_modules/playwright-core/lib/utilsBundle.js,apps/chart/node_modules/playwright-core/lib/utilsBundle.js,generated-dependency-build-cache,False,3048692,2d1ccc01d21b7d54ca99a6305991d7fb6e072ea4e725d7fec5eb6184188c52c9,keep
project,apps/chart/node_modules/playwright-core/lib/utilsBundle.js.LICENSE,apps/chart/node_modules/playwright-core/lib/utilsBundle.js.LICENSE,generated-dependency-build-cache,False,106591,2495f30be29620d54b58339821eda0ebabdfb6ee9b09455f7285a06fd46fb9f3,keep
project,apps/chart/node_modules/playwright-core/lib/webp_codec.LICENSE,apps/chart/node_modules/playwright-core/lib/webp_codec.LICENSE,generated-dependency-build-cache,False,8841,995c7ee35aceb7666829b7a501ca89c0864e12b493c1174b155774ab1e03d831,keep
project,apps/chart/node_modules/playwright-core/lib/webp_codec.wasm,apps/chart/node_modules/playwright-core/lib/webp_codec.wasm,generated-dependency-build-cache,False,565369,164cd9583a3e4d081f767d3b41ff0a730443dc7535fcc5caff83561463384b79,keep
project,apps/chart/node_modules/playwright-core/lib/xdg-open,apps/chart/node_modules/playwright-core/lib/xdg-open,generated-dependency-build-cache,False,32416,7d759d54f0d4ce1beeb34ee62c587985b5042374e8de237b0dcb8cd47aa698cf,keep
project,apps/chart/node_modules/playwright-core/lib/entry/cliDaemon.js,apps/chart/node_modules/playwright-core/lib/entry/cliDaemon.js,generated-dependency-build-cache,False,197,062f256fb29a7bf91793a014b9c3f1f9cf2dc6b12e40a8a2ebba88a630ae16a0,keep
project,apps/chart/node_modules/playwright-core/lib/entry/dashboardApp.js,apps/chart/node_modules/playwright-core/lib/entry/dashboardApp.js,generated-dependency-build-cache,False,108,209962c6eaeef11629f226d6a2ab33ec7a2480754242b6e19590a9e6eb71d126,keep
project,apps/chart/node_modules/playwright-core/lib/entry/mcp.js,apps/chart/node_modules/playwright-core/lib/entry/mcp.js,generated-dependency-build-cache,False,442,cc87dc0020cb41caebbf04f50e42bc7835b033a6d80e9c3f0a3d0b3dbdf341c7,keep
project,apps/chart/node_modules/playwright-core/lib/entry/oopBrowserDownload.js,apps/chart/node_modules/playwright-core/lib/entry/oopBrowserDownload.js,generated-dependency-build-cache,False,120,87567cdbd67dd2f50bb232d47d3784701ece7c81e39c0287bb7d1b466b68cf06,keep
project,apps/chart/node_modules/playwright-core/lib/server/chromium/appIcon.png,apps/chart/node_modules/playwright-core/lib/server/chromium/appIcon.png,generated-dependency-build-cache,False,16565,6ba994f05c5cf18e22d9b6bef9898fbdec6ad4d4d77f5187d0609cb42d72d01e,keep
project,apps/chart/node_modules/playwright-core/lib/server/electron/loader.js,apps/chart/node_modules/playwright-core/lib/server/electron/loader.js,generated-dependency-build-cache,False,4994,699fb5564539da34ed72f49e9821af28f9fc06940adb639cac55dc9c477cfe7c,keep
project,apps/chart/node_modules/playwright-core/lib/tools/cli-client/channelSessions.js,apps/chart/node_modules/playwright-core/lib/tools/cli-client/channelSessions.js,generated-dependency-build-cache,False,7087,6b9c613e87340f48ad7182addd7495a8ff3fbe55feb1bbd0ce04f59f1552e126,keep
project,apps/chart/node_modules/playwright-core/lib/tools/cli-client/cli.js,apps/chart/node_modules/playwright-core/lib/tools/cli-client/cli.js,generated-dependency-build-cache,False,153,dfde8e9dfde30c4b3914eb25ba1c5a8524ec64651d866171d75cd7b41a827180,keep
project,apps/chart/node_modules/playwright-core/lib/tools/cli-client/help.json,apps/chart/node_modules/playwright-core/lib/tools/cli-client/help.json,generated-dependency-build-cache,False,38799,e78d7a22d059196e838d1f076b563eae185b851e3e36063fa4ae77a8dc1415b1,keep
project,apps/chart/node_modules/playwright-core/lib/tools/cli-client/minimist.js,apps/chart/node_modules/playwright-core/lib/tools/cli-client/minimist.js,generated-dependency-build-cache,False,4109,9430489ebc06fd02231dccfe844516f743e812a9ac4fe8e6748a67718738851c,keep
project,apps/chart/node_modules/playwright-core/lib/tools/cli-client/output.js,apps/chart/node_modules/playwright-core/lib/tools/cli-client/output.js,generated-dependency-build-cache,False,11972,b4c3ebab965e73d621971cd3c76b60c22cf460a0921f14c5c6c51e46e06f02d2,keep
project,apps/chart/node_modules/playwright-core/lib/tools/cli-client/program.js,apps/chart/node_modules/playwright-core/lib/tools/cli-client/program.js,generated-dependency-build-cache,False,16373,55a9a10132c680ecdec25b5000afb12035745ac9e75dd9cc0ef3e5d5e08d7f3e,keep
project,apps/chart/node_modules/playwright-core/lib/tools/cli-client/registry.js,apps/chart/node_modules/playwright-core/lib/tools/cli-client/registry.js,generated-dependency-build-cache,False,6768,4976cd5b2b3a25572cc1a4b5f055a756dacd4cc1b19d48987ee3253428e759b8,keep
project,apps/chart/node_modules/playwright-core/lib/tools/cli-client/session.js,apps/chart/node_modules/playwright-core/lib/tools/cli-client/session.js,generated-dependency-build-cache,False,9544,a71e03ba6dc99d6d9cca4577d534daa6d0c20c32e50065311823f41caba29b46,keep
project,apps/chart/node_modules/playwright-core/lib/tools/dashboard/appIcon.png,apps/chart/node_modules/playwright-core/lib/tools/dashboard/appIcon.png,generated-dependency-build-cache,False,18945,38037bcf18c7f9b950da2e1a2d8800d38fb27637ccda293d38368a3704b67f18,keep
project,apps/chart/node_modules/playwright-core/lib/tools/skills/playwright-cli/SKILL.md,apps/chart/node_modules/playwright-core/lib/tools/skills/playwright-cli/SKILL.md,generated-dependency-build-cache,False,12726,1a609c93bff3eea9ab99fed93c0334c851fdc39fb6ac5335551bfb87c171d57c,keep
project,apps/chart/node_modules/playwright-core/lib/tools/skills/playwright-cli/references/element-attributes.md,apps/chart/node_modules/playwright-core/lib/tools/skills/playwright-cli/references/element-attributes.md,generated-dependency-build-cache,False,665,bf19aa4671e0a50a0fefa9c790f39124e803060eefe395042b723c29fcb7faa2,keep
project,apps/chart/node_modules/playwright-core/lib/tools/skills/playwright-cli/references/playwright-tests.md,apps/chart/node_modules/playwright-core/lib/tools/skills/playwright-cli/references/playwright-tests.md,generated-dependency-build-cache,False,1690,c5b0719fef2cfdff50bd744051b2f9afc119775db4b48e9b2882c1cf3886797c,keep
project,apps/chart/node_modules/playwright-core/lib/tools/skills/playwright-cli/references/request-mocking.md,apps/chart/node_modules/playwright-core/lib/tools/skills/playwright-cli/references/request-mocking.md,generated-dependency-build-cache,False,2182,54e801c9663fc2b6d68ceb058cb1c360724c2499f42acc7852a68e83e5b5f37c,keep
project,apps/chart/node_modules/playwright-core/lib/tools/skills/playwright-cli/references/running-code.md,apps/chart/node_modules/playwright-core/lib/tools/skills/playwright-cli/references/running-code.md,generated-dependency-build-cache,False,5642,d95c539a5990b71d02d8bdf1d9414df16191eb6cff95b0063820518b7a13dcb2,keep
project,apps/chart/node_modules/playwright-core/lib/tools/skills/playwright-cli/references/session-management.md,apps/chart/node_modules/playwright-core/lib/tools/skills/playwright-cli/references/session-management.md,generated-dependency-build-cache,False,5671,cd3e261b8763bf952f1e371b876cb78d054379afec85482f9250633e1b7e6c44,keep
project,apps/chart/node_modules/playwright-core/lib/tools/skills/playwright-cli/references/storage-state.md,apps/chart/node_modules/playwright-core/lib/tools/skills/playwright-cli/references/storage-state.md,generated-dependency-build-cache,False,5198,9ac47f9ae4a1aedcd2077f8ac9ab1ba6bee1962cb83ff51adcd36fb6d83b5ec6,keep
project,apps/chart/node_modules/playwright-core/lib/tools/skills/playwright-cli/references/test-generation.md,apps/chart/node_modules/playwright-core/lib/tools/skills/playwright-cli/references/test-generation.md,generated-dependency-build-cache,False,16114,12f54cfa718d9e559bad918120a4ca4f11c933167713d1b9c5f99872eddaf749,keep
project,apps/chart/node_modules/playwright-core/lib/tools/skills/playwright-cli/references/tracing.md,apps/chart/node_modules/playwright-core/lib/tools/skills/playwright-cli/references/tracing.md,generated-dependency-build-cache,False,3456,ef73e71bee792e341df9cd4f60529c929ade48b538ac76e033f4f20843e8dbda,keep
project,apps/chart/node_modules/playwright-core/lib/tools/skills/playwright-cli/references/video-recording.md,apps/chart/node_modules/playwright-core/lib/tools/skills/playwright-cli/references/video-recording.md,generated-dependency-build-cache,False,5387,8555ab5400df0d90e66318aacc0a8a4418fbf872e7463824d55d5c41615abd83,keep
project,apps/chart/node_modules/playwright-core/lib/tools/skills/playwright-component-testing/SKILL.md,apps/chart/node_modules/playwright-core/lib/tools/skills/playwright-component-testing/SKILL.md,generated-dependency-build-cache,False,10404,60f57b31767d562c30cc5332081418c2945f4d9c998efa6e09191333654dd429,keep
project,apps/chart/node_modules/playwright-core/lib/tools/skills/playwright-component-testing/references/gallery-spec.md,apps/chart/node_modules/playwright-core/lib/tools/skills/playwright-component-testing/references/gallery-spec.md,generated-dependency-build-cache,False,6199,0ca25dde6112eb379f56eb618585b64dc2dfd13c2f7f956ac7eabbd76a68912b,keep
project,apps/chart/node_modules/playwright-core/lib/tools/skills/playwright-component-testing/references/migration.md,apps/chart/node_modules/playwright-core/lib/tools/skills/playwright-component-testing/references/migration.md,generated-dependency-build-cache,False,5031,bc3a336f7970bb7455fa5a38f937e45b35fb0c18d6c3b9f37916a4ff757b7acc,keep
project,apps/chart/node_modules/playwright-core/lib/tools/skills/playwright-component-testing/references/react.md,apps/chart/node_modules/playwright-core/lib/tools/skills/playwright-component-testing/references/react.md,generated-dependency-build-cache,False,3115,54af9cc1cdb6d4ccdb8e811c0abb29b960d5c9304f4df7d1dcf9b8df3f973102,keep
project,apps/chart/node_modules/playwright-core/lib/tools/skills/playwright-component-testing/references/typing.md,apps/chart/node_modules/playwright-core/lib/tools/skills/playwright-component-testing/references/typing.md,generated-dependency-build-cache,False,6883,c511025b5c9b02d7f49034a5613c8b478193bf60c90ea6dddb3faf9c6985c82b,keep
project,apps/chart/node_modules/playwright-core/lib/tools/skills/playwright-component-testing/references/vue.md,apps/chart/node_modules/playwright-core/lib/tools/skills/playwright-component-testing/references/vue.md,generated-dependency-build-cache,False,3374,d1b129f126c700702a3c00ad8eb6c86898bc941c29a656c1191eb7230650bf8b,keep
project,apps/chart/node_modules/playwright-core/lib/tools/skills/playwright-trace/SKILL.md,apps/chart/node_modules/playwright-core/lib/tools/skills/playwright-trace/SKILL.md,generated-dependency-build-cache,False,4845,4124dd790915bb76108377121d1e6ca93a5544c90485c090fa5655235efe22aa,keep
project,apps/chart/node_modules/playwright-core/lib/tools/utils/extension.js,apps/chart/node_modules/playwright-core/lib/tools/utils/extension.js,generated-dependency-build-cache,False,4689,404ae19e57a7c7c5ed3e6ecf9df26a3fcf95867250732f954823078ccb879e63,keep
project,apps/chart/node_modules/playwright-core/lib/tools/utils/socketConnection.js,apps/chart/node_modules/playwright-core/lib/tools/utils/socketConnection.js,generated-dependency-build-cache,False,3317,973c2bea70a1f1445f4673f99e9fa351e50a2ec9fd93d7381b2c41bb4de764dd,keep
project,apps/chart/node_modules/playwright-core/lib/vite/dashboard/index.html,apps/chart/node_modules/playwright-core/lib/vite/dashboard/index.html,generated-dependency-build-cache,False,1078,202903aad66040604bc1a0c85615dda4bfc7e6f4a4674e60d9eda4d44f6faea7,keep
project,apps/chart/node_modules/playwright-core/lib/vite/dashboard/playwright-logo.svg,apps/chart/node_modules/playwright-core/lib/vite/dashboard/playwright-logo.svg,generated-dependency-build-cache,False,5645,511524a1c145819303a18fb71870a4307c3e740f9e9722f7686a2b42b0995b6c,keep
project,apps/chart/node_modules/playwright-core/lib/vite/dashboard/assets/codeMirrorModule--QdMvsKi.css,apps/chart/node_modules/playwright-core/lib/vite/dashboard/assets/codeMirrorModule--QdMvsKi.css,generated-dependency-build-cache,False,6251,20be824a82832b62cc04642d31da3c609fd280b23f1cdcb1e622c4f40aac5ab8,keep
project,apps/chart/node_modules/playwright-core/lib/vite/dashboard/assets/codeMirrorModule-CQ8RZGBm.js,apps/chart/node_modules/playwright-core/lib/vite/dashboard/assets/codeMirrorModule-CQ8RZGBm.js,generated-dependency-build-cache,False,307374,56b9c6a50c09dfac28eea5ec3e76c8ae85a26009b20ebac9928959cf3c3312bb,keep
project,apps/chart/node_modules/playwright-core/lib/vite/dashboard/assets/codicon-DCmgc-ay.ttf,apps/chart/node_modules/playwright-core/lib/vite/dashboard/assets/codicon-DCmgc-ay.ttf,generated-dependency-build-cache,False,80340,0f1d5219934e96e83b8db162d60b4d8c09b5de1e7d38031cbafe4a3c0f2889c9,keep
project,apps/chart/node_modules/playwright-core/lib/vite/dashboard/assets/firefox-1bWoP6pv.svg,apps/chart/node_modules/playwright-core/lib/vite/dashboard/assets/firefox-1bWoP6pv.svg,generated-dependency-build-cache,False,7488,3f3742d1e78c0db6c2d3531250f70c30675ee5310de32fa89befaf738c54efd0,keep
project,apps/chart/node_modules/playwright-core/lib/vite/dashboard/assets/firefox-beta-k3eOH_eK.svg,apps/chart/node_modules/playwright-core/lib/vite/dashboard/assets/firefox-beta-k3eOH_eK.svg,generated-dependency-build-cache,False,9280,7eab5ffdc25903ba33a7202f7fffa1999f119c7be45a39e9e703c118904f917a,keep
project,apps/chart/node_modules/playwright-core/lib/vite/dashboard/assets/firefox-nightly-Cp5nfeDT.svg,apps/chart/node_modules/playwright-core/lib/vite/dashboard/assets/firefox-nightly-Cp5nfeDT.svg,generated-dependency-build-cache,False,9143,f311c074b0fa999fcd6b73441301fb54ee87a48ff3bf05f318647928110476da,keep
project,apps/chart/node_modules/playwright-core/lib/vite/dashboard/assets/index-AwgwcYie.css,apps/chart/node_modules/playwright-core/lib/vite/dashboard/assets/index-AwgwcYie.css,generated-dependency-build-cache,False,139111,82d06f291a7d0860e1b1e1803ab6f2e49c637541779a37168652e10b062b67f9,keep
project,apps/chart/node_modules/playwright-core/lib/vite/dashboard/assets/index-hRvO4yU2.js,apps/chart/node_modules/playwright-core/lib/vite/dashboard/assets/index-hRvO4yU2.js,generated-dependency-build-cache,False,336491,3a05ed0b026442a1459952df25b9a836d4fa1a917838cf6f9357daefc0e42285,keep
project,apps/chart/node_modules/playwright-core/lib/vite/dashboard/assets/safari-na3_-uQk.svg,apps/chart/node_modules/playwright-core/lib/vite/dashboard/assets/safari-na3_-uQk.svg,generated-dependency-build-cache,False,5254,80fd72ca5eb8545f1981277b31f4f92951d469d4efebd078e4086b676fe517dc,keep
project,apps/chart/node_modules/playwright-core/lib/vite/htmlReport/index.html,apps/chart/node_modules/playwright-core/lib/vite/htmlReport/index.html,generated-dependency-build-cache,False,464,ce7c098020a0eb9ce10edd416245ea6da50dfeaab18dfd0a2176979d22643be6,keep
project,apps/chart/node_modules/playwright-core/lib/vite/htmlReport/report.css,apps/chart/node_modules/playwright-core/lib/vite/htmlReport/report.css,generated-dependency-build-cache,False,100452,d98a244bf950333ade383b109e97d396f970f650b20f2e5ef5ecc2740205dff7,keep
project,apps/chart/node_modules/playwright-core/lib/vite/htmlReport/report.js,apps/chart/node_modules/playwright-core/lib/vite/htmlReport/report.js,generated-dependency-build-cache,False,415864,3db0c0291241102b14b62af4b80d84dd8169a281bb2ff360c986b9d7da57c339,keep
project,apps/chart/node_modules/playwright-core/lib/vite/recorder/index.html,apps/chart/node_modules/playwright-core/lib/vite/recorder/index.html,generated-dependency-build-cache,False,1078,5783e9b7e2cc78dd8a1a409d84b44b2431bf60f8f54b8be36c6e433c6a1086ed,keep
project,apps/chart/node_modules/playwright-core/lib/vite/recorder/playwright-logo.svg,apps/chart/node_modules/playwright-core/lib/vite/recorder/playwright-logo.svg,generated-dependency-build-cache,False,5033,6b0a4367bdeab10995bc239278f04c68c10e48adbec15e799e01909a0d66dcb9,keep
project,apps/chart/node_modules/playwright-core/lib/vite/recorder/assets/codeMirrorModule--QdMvsKi.css,apps/chart/node_modules/playwright-core/lib/vite/recorder/assets/codeMirrorModule--QdMvsKi.css,generated-dependency-build-cache,False,6251,20be824a82832b62cc04642d31da3c609fd280b23f1cdcb1e622c4f40aac5ab8,keep
project,apps/chart/node_modules/playwright-core/lib/vite/recorder/assets/codeMirrorModule-CVQWJZAA.js,apps/chart/node_modules/playwright-core/lib/vite/recorder/assets/codeMirrorModule-CVQWJZAA.js,generated-dependency-build-cache,False,307374,45f900fd93bf33545e6915308a964c49ce342c2e175a54aaef0898f05b25fcf5,keep
project,apps/chart/node_modules/playwright-core/lib/vite/recorder/assets/codicon-DCmgc-ay.ttf,apps/chart/node_modules/playwright-core/lib/vite/recorder/assets/codicon-DCmgc-ay.ttf,generated-dependency-build-cache,False,80340,0f1d5219934e96e83b8db162d60b4d8c09b5de1e7d38031cbafe4a3c0f2889c9,keep
project,apps/chart/node_modules/playwright-core/lib/vite/recorder/assets/index-BZpYJZ-P.css,apps/chart/node_modules/playwright-core/lib/vite/recorder/assets/index-BZpYJZ-P.css,generated-dependency-build-cache,False,85502,cc24563b96f286614b88f74da413e9984de263227971c4cdfabe1f73be095514,keep
project,apps/chart/node_modules/playwright-core/lib/vite/recorder/assets/index-hrlLqLtq.js,apps/chart/node_modules/playwright-core/lib/vite/recorder/assets/index-hrlLqLtq.js,generated-dependency-build-cache,False,358603,f7f3dfd9113b0119821adf1f3fc873fa5dddba8b2c278014e0fb0ecc1b3f492b,keep
project,apps/chart/node_modules/playwright-core/lib/vite/traceViewer/codeMirrorModule.-QdMvsKi.css,apps/chart/node_modules/playwright-core/lib/vite/traceViewer/codeMirrorModule.-QdMvsKi.css,generated-dependency-build-cache,False,6251,20be824a82832b62cc04642d31da3c609fd280b23f1cdcb1e622c4f40aac5ab8,keep
project,apps/chart/node_modules/playwright-core/lib/vite/traceViewer/codicon.DCmgc-ay.ttf,apps/chart/node_modules/playwright-core/lib/vite/traceViewer/codicon.DCmgc-ay.ttf,generated-dependency-build-cache,False,80340,0f1d5219934e96e83b8db162d60b4d8c09b5de1e7d38031cbafe4a3c0f2889c9,keep
project,apps/chart/node_modules/playwright-core/lib/vite/traceViewer/defaultSettingsView.Bqk9acqE.css,apps/chart/node_modules/playwright-core/lib/vite/traceViewer/defaultSettingsView.Bqk9acqE.css,generated-dependency-build-cache,False,107049,cd1d3c277d4962246ed92d7d42734c5ffed6bac5c499232693f9c8331b71801f,keep
project,apps/chart/node_modules/playwright-core/lib/vite/traceViewer/index.B4cLoZK3.js,apps/chart/node_modules/playwright-core/lib/vite/traceViewer/index.B4cLoZK3.js,generated-dependency-build-cache,False,6628,7b96efd541639738a8d46e4b6ba9780ffaf57a5c104db66764e0cec46d9f64e8,keep
project,apps/chart/node_modules/playwright-core/lib/vite/traceViewer/index.B_TqY17P.css,apps/chart/node_modules/playwright-core/lib/vite/traceViewer/index.B_TqY17P.css,generated-dependency-build-cache,False,2055,08a212fcacae1866f44f065654afcc4c7d03409c68c74b3315c5bda17a0ca003,keep
project,apps/chart/node_modules/playwright-core/lib/vite/traceViewer/index.html,apps/chart/node_modules/playwright-core/lib/vite/traceViewer/index.html,generated-dependency-build-cache,False,2363,139ac80123fb450cfc0631296e9f01463313ca2fec961b3a247ec6c9528447a2,keep
project,apps/chart/node_modules/playwright-core/lib/vite/traceViewer/manifest.webmanifest,apps/chart/node_modules/playwright-core/lib/vite/traceViewer/manifest.webmanifest,generated-dependency-build-cache,False,429,d8540500603a32a39fe7e5a0375dc0f9ebafd11118e06a846db7efc608223ab9,keep
project,apps/chart/node_modules/playwright-core/lib/vite/traceViewer/playwright-logo.svg,apps/chart/node_modules/playwright-core/lib/vite/traceViewer/playwright-logo.svg,generated-dependency-build-cache,False,5033,6b0a4367bdeab10995bc239278f04c68c10e48adbec15e799e01909a0d66dcb9,keep
project,apps/chart/node_modules/playwright-core/lib/vite/traceViewer/snapshot.B_Jk1wbt.js,apps/chart/node_modules/playwright-core/lib/vite/traceViewer/snapshot.B_Jk1wbt.js,generated-dependency-build-cache,False,650,d4d09e05451d107d8e1a6bbd041405fe518b9fd2833890e4ebaaad83b7f554f5,keep
project,apps/chart/node_modules/playwright-core/lib/vite/traceViewer/snapshot.html,apps/chart/node_modules/playwright-core/lib/vite/traceViewer/snapshot.html,generated-dependency-build-cache,False,389,c608c8899c95c5a74d3f556e20146c3d852b9df85ae2854c659a7cc773c9b727,keep
project,apps/chart/node_modules/playwright-core/lib/vite/traceViewer/sw.bundle.js,apps/chart/node_modules/playwright-core/lib/vite/traceViewer/sw.bundle.js,generated-dependency-build-cache,False,95459,37b230329280e28e32b03df20738d2ed3bfd0ea45b408a69213158bb8400adb3,keep
project,apps/chart/node_modules/playwright-core/lib/vite/traceViewer/uiMode.CU5KtEkS.js,apps/chart/node_modules/playwright-core/lib/vite/traceViewer/uiMode.CU5KtEkS.js,generated-dependency-build-cache,False,38057,0c0dc5e0c822c27e60420a5c1659683fda89398f1561e43608f9d829eafdc197,keep
project,apps/chart/node_modules/playwright-core/lib/vite/traceViewer/uiMode.CyMfwkXJ.css,apps/chart/node_modules/playwright-core/lib/vite/traceViewer/uiMode.CyMfwkXJ.css,generated-dependency-build-cache,False,54590,fb403cf0b07007bc1d771e29737f7408924da300e2fab8b289a3ef2e8fc08d7b,keep
project,apps/chart/node_modules/playwright-core/lib/vite/traceViewer/uiMode.html,apps/chart/node_modules/playwright-core/lib/vite/traceViewer/uiMode.html,generated-dependency-build-cache,False,727,c6e92923ea7f2b617db3a2128ac8889c6c1461a77764651588e0111b729c3a3d,keep
project,apps/chart/node_modules/playwright-core/lib/vite/traceViewer/xtermModule.kHJ-D0s7.css,apps/chart/node_modules/playwright-core/lib/vite/traceViewer/xtermModule.kHJ-D0s7.css,generated-dependency-build-cache,False,2853,0dd60056134e6a2994a86b59a1e9789b9f04e92924da109aef8c923acaf08ce5,keep
project,apps/chart/node_modules/playwright-core/lib/vite/traceViewer/assets/codeMirrorModule-BbkfBe3n.js,apps/chart/node_modules/playwright-core/lib/vite/traceViewer/assets/codeMirrorModule-BbkfBe3n.js,generated-dependency-build-cache,False,307393,274b964242426bf4e1c662a84f6345d8a99f67821caa508fb12c52e2d1dfd48c,keep
project,apps/chart/node_modules/playwright-core/lib/vite/traceViewer/assets/defaultSettingsView-Ds6CBOo0.js,apps/chart/node_modules/playwright-core/lib/vite/traceViewer/assets/defaultSettingsView-Ds6CBOo0.js,generated-dependency-build-cache,False,654294,0b48f13034cfa075338cc0839f212297d22cadab9219d9699d161d2b18c79019,keep
project,apps/chart/node_modules/playwright-core/lib/vite/traceViewer/assets/urlMatch-L3liM589.js,apps/chart/node_modules/playwright-core/lib/vite/traceViewer/assets/urlMatch-L3liM589.js,generated-dependency-build-cache,False,2510,1bc6321e32d11c31a452bc75896f0b344e6153321854d9f1658818be7f845c16,keep
project,apps/chart/node_modules/playwright-core/lib/vite/traceViewer/assets/xtermModule-DywYcAf8.js,apps/chart/node_modules/playwright-core/lib/vite/traceViewer/assets/xtermModule-DywYcAf8.js,generated-dependency-build-cache,False,288730,2546783e4f74a432bbccd88a6763cf78ac4e951686262cdf85b54d5a26ca3995,keep
project,apps/chart/node_modules/playwright-core/types/protocol.d.ts,apps/chart/node_modules/playwright-core/types/protocol.d.ts,generated-dependency-build-cache,False,814210,0410ed82a9ac63269dc1471ed249b280e2d461249a3a331e71cdb54cdf10db33,keep
project,apps/chart/node_modules/playwright-core/types/structs.d.ts,apps/chart/node_modules/playwright-core/types/structs.d.ts,generated-dependency-build-cache,False,2455,c9b9179b7291c8562eb0fb781219ddbdcf36149ebd7bd355e5b4a553d6b60b81,keep
project,apps/chart/node_modules/playwright-core/types/types.d.ts,apps/chart/node_modules/playwright-core/types/types.d.ts,generated-dependency-build-cache,False,1131883,2806f6d7810fba0306066d500cd716a6d1128d90af2c3cf71723e3ea0a8904c4,keep
project,apps/chart/node_modules/postcss/LICENSE,apps/chart/node_modules/postcss/LICENSE,generated-dependency-build-cache,False,1095,5be1f3465bba68a626777f984878814aaf35e7ef8e9fd314d469bcf887050fb8,keep
project,apps/chart/node_modules/postcss/README.md,apps/chart/node_modules/postcss/README.md,generated-dependency-build-cache,False,1159,92b501afb100c2e7f186dc3e45d5064ee47efeed91705c2cbf2f9ffd1fa7c6eb,keep
project,apps/chart/node_modules/postcss/package.json,apps/chart/node_modules/postcss/package.json,generated-dependency-build-cache,False,2497,e0f23518d0e8fc0570ac68438eff7ecc7554774de3194af6f54f502e33f0c25b,keep
project,apps/chart/node_modules/postcss/lib/at-rule.d.ts,apps/chart/node_modules/postcss/lib/at-rule.d.ts,generated-dependency-build-cache,False,3356,17f2922d41ddd032830a91371c948cd9ce903b35c95adca72271a54584f19b0b,keep
project,apps/chart/node_modules/postcss/lib/at-rule.js,apps/chart/node_modules/postcss/lib/at-rule.js,generated-dependency-build-cache,False,471,33b932bda8f304e9838a70232673326b6c0fd5fa030df35071bf36c127042a0b,keep
project,apps/chart/node_modules/postcss/lib/comment.d.ts,apps/chart/node_modules/postcss/lib/comment.d.ts,generated-dependency-build-cache,False,1680,6332f565867cf4a740a70e30f31cefba37ef7cebcf74f22eab8d744fde6d193e,keep
project,apps/chart/node_modules/postcss/lib/comment.js,apps/chart/node_modules/postcss/lib/comment.js,generated-dependency-build-cache,False,203,674385438f42526f2c05c19dfb66fcc521f5cf180ccc85b3215ad5c07ac21a40,keep
project,apps/chart/node_modules/postcss/lib/container.d.ts,apps/chart/node_modules/postcss/lib/container.d.ts,generated-dependency-build-cache,False,14025,2977b7884aedc895a1d0c9c210c7cf3272c29d6959a08a6fa3ff71e0aff08175,keep
project,apps/chart/node_modules/postcss/lib/container.js,apps/chart/node_modules/postcss/lib/container.js,generated-dependency-build-cache,False,12350,e2fc6a559238ac8186ef56d13d340b7c62c04ba9551e2edc027e761eb393ddd0,keep
project,apps/chart/node_modules/postcss/lib/css-syntax-error.d.ts,apps/chart/node_modules/postcss/lib/css-syntax-error.d.ts,generated-dependency-build-cache,False,6447,e16dc2a81595736024a206c7d5c8a39bfe2e6039208ef29981d0d95434ba8fcf,keep
project,apps/chart/node_modules/postcss/lib/css-syntax-error.js,apps/chart/node_modules/postcss/lib/css-syntax-error.js,generated-dependency-build-cache,False,3402,904b4bb371539a6303e4e211f0a8991fde7bc94d8674253d627389ff291d0ec1,keep
project,apps/chart/node_modules/postcss/lib/declaration.d.ts,apps/chart/node_modules/postcss/lib/declaration.d.ts,generated-dependency-build-cache,False,3833,cc4a4903fb698ca1d961d4c10dce658aa3a479faf40509d526f122b044eaf6a4,keep
project,apps/chart/node_modules/postcss/lib/declaration.js,apps/chart/node_modules/postcss/lib/declaration.js,generated-dependency-build-cache,False,495,2ccb78406c7a45aab26fc463a0fe5e3e855caf3ab1ba283616ae867046aa3b54,keep
project,apps/chart/node_modules/postcss/lib/document.d.ts,apps/chart/node_modules/postcss/lib/document.d.ts,generated-dependency-build-cache,False,1884,e392e8fb5b514eafc585601c1d781485aa6dd6a320e75daf1064a4c6918a1b45,keep
project,apps/chart/node_modules/postcss/lib/document.js,apps/chart/node_modules/postcss/lib/document.js,generated-dependency-build-cache,False,654,f66f02fde48389fe1a361a8f71da7ee0236a49c94cf22378e70ba6a2e9f4fab1,keep
project,apps/chart/node_modules/postcss/lib/fromJSON.d.ts,apps/chart/node_modules/postcss/lib/fromJSON.d.ts,generated-dependency-build-cache,False,160,97bccf79859464fcd23ee7f3f3d00c4287089e420b77ff395068eb2b209c3e22,keep
project,apps/chart/node_modules/postcss/lib/fromJSON.js,apps/chart/node_modules/postcss/lib/fromJSON.js,generated-dependency-build-cache,False,2810,2d9efb16f305c45f05d30e6727ad3d475c89e08ef893d913c3839f5ce899db17,keep
project,apps/chart/node_modules/postcss/lib/input.d.ts,apps/chart/node_modules/postcss/lib/input.d.ts,generated-dependency-build-cache,False,5126,e5bab5f871ef708d52d47b3e5d0aa72a08ee7a152f33931d9a60809711a2a9a3,keep
project,apps/chart/node_modules/postcss/lib/input.js,apps/chart/node_modules/postcss/lib/input.js,generated-dependency-build-cache,False,7274,52358502e6ea455d421d21a98fc0a3be3b974ca624b96f43b318780f3e150bc2,keep
project,apps/chart/node_modules/postcss/lib/lazy-result.d.ts,apps/chart/node_modules/postcss/lib/lazy-result.d.ts,generated-dependency-build-cache,False,4939,a039dc21f045919f3cbee2ec13812cc6cc3eebc99dae4be00973230f468d19a6,keep
project,apps/chart/node_modules/postcss/lib/lazy-result.js,apps/chart/node_modules/postcss/lib/lazy-result.js,generated-dependency-build-cache,False,16273,2d716dea3a99836276c67e6d74dc587571a8b7498683044ba3ddc57e3db87104,keep
project,apps/chart/node_modules/postcss/lib/list.d.ts,apps/chart/node_modules/postcss/lib/list.d.ts,generated-dependency-build-cache,False,1424,3eed76ede2a1a14d7c9bb0a642041282dcc264811139d3dd275c9fe14efc9840,keep
project,apps/chart/node_modules/postcss/lib/list.js,apps/chart/node_modules/postcss/lib/list.js,generated-dependency-build-cache,False,1273,86a4cd4a0c1cdf3fa650f9ae8d73709c59d7cd3925c54b49daf546747de8bee2,keep
project,apps/chart/node_modules/postcss/lib/map-generator.js,apps/chart/node_modules/postcss/lib/map-generator.js,generated-dependency-build-cache,False,10031,feccbc87472d5d1cc660c2bfd4958cbe5442173f03cbfa518808725f684a313c,keep
project,apps/chart/node_modules/postcss/lib/no-work-result.d.ts,apps/chart/node_modules/postcss/lib/no-work-result.d.ts,generated-dependency-build-cache,False,1503,3fbe57af01460e49dcd29df55d6931e1672bc6f1be0fb073d11410bc16f9037d,keep
project,apps/chart/node_modules/postcss/lib/no-work-result.js,apps/chart/node_modules/postcss/lib/no-work-result.js,generated-dependency-build-cache,False,2619,11e06a9b30ab844b877f489ad7870e2a319507aed4554a58a757b7dfd7699505,keep
project,apps/chart/node_modules/postcss/lib/node.d.ts,apps/chart/node_modules/postcss/lib/node.d.ts,generated-dependency-build-cache,False,14688,3cc8a3d123b6b232d48d34b51b785f9da8d193f5b5817fa521fcd2f3b9315c55,keep
project,apps/chart/node_modules/postcss/lib/node.js,apps/chart/node_modules/postcss/lib/node.js,generated-dependency-build-cache,False,12643,1cc8d56d0c77783fa7fecf702321129936efa3dc504eb4528042a103fe54770d,keep
project,apps/chart/node_modules/postcss/lib/parse.d.ts,apps/chart/node_modules/postcss/lib/parse.d.ts,generated-dependency-build-cache,False,133,526d4d924f94e938d5c81ec74eb0ada1067a31321dcdd830aee4d66d08bd8bff,keep
project,apps/chart/node_modules/postcss/lib/parse.js,apps/chart/node_modules/postcss/lib/parse.js,generated-dependency-build-cache,False,1147,7662c5ad1fd5f97a7c1615f0e5e7bc268e762916bcf6fb7bf9dda45537493764,keep
project,apps/chart/node_modules/postcss/lib/parser.js,apps/chart/node_modules/postcss/lib/parser.js,generated-dependency-build-cache,False,15168,5ac73eb5da16ec8f998a1a5aac28b15815c892c2a3957ab06ee8333f8718be6e,keep
project,apps/chart/node_modules/postcss/lib/postcss.d.mts,apps/chart/node_modules/postcss/lib/postcss.d.mts,generated-dependency-build-cache,False,1046,8d369483f0c2b9ee388129cfdb6a43bc8112b377e86a41884bd06e19ce04f4c1,keep
project,apps/chart/node_modules/postcss/lib/postcss.d.ts,apps/chart/node_modules/postcss/lib/postcss.d.ts,generated-dependency-build-cache,False,11654,354a7f8e1287d9d6b7561bc97fdd8cbc2f7c1dd79e4cb37b942e8a5cfaff1085,keep
project,apps/chart/node_modules/postcss/lib/postcss.js,apps/chart/node_modules/postcss/lib/postcss.js,generated-dependency-build-cache,False,2898,8314c843f5dfa922e6f3fb9b8d8bf3e4b0be0d94b08075e1b4f3599f4276fb67,keep
project,apps/chart/node_modules/postcss/lib/postcss.mjs,apps/chart/node_modules/postcss/lib/postcss.mjs,generated-dependency-build-cache,False,980,986ebc2d661a3e93b6e026dd2e1925e18167efdcc963f4043a65e1859974664f,keep
project,apps/chart/node_modules/postcss/lib/previous-map.d.ts,apps/chart/node_modules/postcss/lib/previous-map.d.ts,generated-dependency-build-cache,False,1757,52dcc257df5119fb66d864625112ce5033ac51a4c2afe376a0b299d2f7f76e4a,keep
project,apps/chart/node_modules/postcss/lib/previous-map.js,apps/chart/node_modules/postcss/lib/previous-map.js,generated-dependency-build-cache,False,5130,87e1c0148d0be6cfdb835c531347c43b52bd64f193275f167093dae75adc1394,keep
project,apps/chart/node_modules/postcss/lib/processor.d.ts,apps/chart/node_modules/postcss/lib/processor.d.ts,generated-dependency-build-cache,False,3345,f760be449e8562ec5c09bb5187e8e1eabf3c113c0c58cddda53ef8c69f3e2131,keep
project,apps/chart/node_modules/postcss/lib/processor.js,apps/chart/node_modules/postcss/lib/processor.js,generated-dependency-build-cache,False,1739,cb43df877a47c70b065c20732014d4fe2696cac772784bebf41e55e2ea72c9c7,keep
project,apps/chart/node_modules/postcss/lib/result.d.ts,apps/chart/node_modules/postcss/lib/result.d.ts,generated-dependency-build-cache,False,4346,44325ed13294fce6ab825b82947bbeed2611db7dad9d9135260192f375e5a189,keep
project,apps/chart/node_modules/postcss/lib/result.js,apps/chart/node_modules/postcss/lib/result.js,generated-dependency-build-cache,False,738,b4239438538d41187fc9a572c83bb89b09524301764ebd4f46c71fe31edd04dd,keep
project,apps/chart/node_modules/postcss/lib/root.d.ts,apps/chart/node_modules/postcss/lib/root.d.ts,generated-dependency-build-cache,False,2253,19ee8416e6473ed6c7adb868fa796b5653cf0fa2a337658e677eaa0d134388c3,keep
project,apps/chart/node_modules/postcss/lib/root.js,apps/chart/node_modules/postcss/lib/root.js,generated-dependency-build-cache,False,1606,872a512fa232b23f5231070bd981d3eb390316d8776ba5ccb64f723e4b7088bb,keep
project,apps/chart/node_modules/postcss/lib/rule.d.ts,apps/chart/node_modules/postcss/lib/rule.d.ts,generated-dependency-build-cache,False,2879,46e4a36e8ddbdfb4e7330e11c81c970dc8b218611df9183d39c41c5f8c653b55,keep
project,apps/chart/node_modules/postcss/lib/rule.js,apps/chart/node_modules/postcss/lib/rule.js,generated-dependency-build-cache,False,569,216ca23a33b1a0145c7925daa442a34e33a9ea41c6f3bb58fca7c4fb355e0166,keep
project,apps/chart/node_modules/postcss/lib/stringifier.d.ts,apps/chart/node_modules/postcss/lib/stringifier.d.ts,generated-dependency-build-cache,False,1360,0807e4031561395faa159ca7ff21991d63f3f7df894907ec447d4a62a8e66214,keep
project,apps/chart/node_modules/postcss/lib/stringifier.js,apps/chart/node_modules/postcss/lib/stringifier.js,generated-dependency-build-cache,False,11816,76094d7547be325f5155759fa1c6b979b3fd576ab686715ddce51b8efa0de2d7,keep
project,apps/chart/node_modules/postcss/lib/stringify.d.ts,apps/chart/node_modules/postcss/lib/stringify.d.ts,generated-dependency-build-cache,False,163,5ed0ab0fc1719c68007cf670abd22f78c7767a3b9f4465ad5a29a255adc0c939,keep
project,apps/chart/node_modules/postcss/lib/stringify.js,apps/chart/node_modules/postcss/lib/stringify.js,generated-dependency-build-cache,False,213,99229cdda200513f88f7fee46004d5c39c1492a73451509e66164d26dff34abc,keep
project,apps/chart/node_modules/postcss/lib/symbols.js,apps/chart/node_modules/postcss/lib/symbols.js,generated-dependency-build-cache,False,91,eb8ab8b9648d400ec3e8e37e75dc159734b97ba21137f12da11b4afc2547a1b4,keep
project,apps/chart/node_modules/postcss/lib/terminal-highlight.js,apps/chart/node_modules/postcss/lib/terminal-highlight.js,generated-dependency-build-cache,False,1399,27f1eb6cc633f3947e053c96f16b1754bcffcda2742ecc9a1e11cc2a75d70d9b,keep
project,apps/chart/node_modules/postcss/lib/tokenize.js,apps/chart/node_modules/postcss/lib/tokenize.js,generated-dependency-build-cache,False,6700,ddfcaaa01f5eac9e4e8652044df1401ce6cc70295fd3f9fbb214ca66fb2bec72,keep
project,apps/chart/node_modules/postcss/lib/warn-once.js,apps/chart/node_modules/postcss/lib/warn-once.js,generated-dependency-build-cache,False,256,5683ff69eeb8e77373a4bd0e0b9da611c7575ee434ba3c458c0552ab4806464a,keep
project,apps/chart/node_modules/postcss/lib/warning.d.ts,apps/chart/node_modules/postcss/lib/warning.d.ts,generated-dependency-build-cache,False,2924,1328ab4e442614b28cdb3d4b414cf68325c0da0dca07287a338d0654b7a00261,keep
project,apps/chart/node_modules/postcss/lib/warning.js,apps/chart/node_modules/postcss/lib/warning.js,generated-dependency-build-cache,False,1151,eb7656e1b8501c7b7c3b925b3875363e30b5d23477424bc444dc6289993c16b7,keep
project,apps/chart/node_modules/rolldown/LICENSE,apps/chart/node_modules/rolldown/LICENSE,generated-dependency-build-cache,False,1302,23ecfff35a5a2e80d92142f75228912c3b1abc4b5a8337a821ff4397e2f9f734,keep
project,apps/chart/node_modules/rolldown/README.md,apps/chart/node_modules/rolldown/README.md,generated-dependency-build-cache,False,665,3d65150aadb440393668579bd47674f9c6d51f32d1f352510e0c1d6ddf549005,keep
project,apps/chart/node_modules/rolldown/THIRD-PARTY-LICENSE,apps/chart/node_modules/rolldown/THIRD-PARTY-LICENSE,generated-dependency-build-cache,False,2209,a877291d800ed43692f3f9ae09d8e01cc6f7293ad39d43896059c188ffbb8b7c,keep
project,apps/chart/node_modules/rolldown/package.json,apps/chart/node_modules/rolldown/package.json,generated-dependency-build-cache,False,6043,cea38cd16412ee2464164a9d70550fdf07c9039bc563aa6bde7f9566e6fc7baf,keep
project,apps/chart/node_modules/rolldown/bin/cli.mjs,apps/chart/node_modules/rolldown/bin/cli.mjs,generated-dependency-build-cache,False,46,4f32d8fafabe786e739f8be56df684e56def00e63a32858ad9d5ede57406bc6c,keep
project,apps/chart/node_modules/rolldown/dist/cli.d.mts,apps/chart/node_modules/rolldown/dist/cli.d.mts,generated-dependency-build-cache,False,9,f4c5cf9bb78e85f15dc27180260637cf24b2a24bc39e0788783a3accc4dde614,keep
project,apps/chart/node_modules/rolldown/dist/cli.mjs,apps/chart/node_modules/rolldown/dist/cli.mjs,generated-dependency-build-cache,False,39744,928aae0b791ef8dbc0df63dcd96e4225f08c37bc5901a0b678f0974670a169a4,keep
project,apps/chart/node_modules/rolldown/dist/config.d.mts,apps/chart/node_modules/rolldown/dist/config.d.mts,generated-dependency-build-cache,False,1080,1675be9ccb9a22fcae9ea63193e5dc0c2a83875c87acabad35804f06b85953ec,keep
project,apps/chart/node_modules/rolldown/dist/config.mjs,apps/chart/node_modules/rolldown/dist/config.mjs,generated-dependency-build-cache,False,267,26b75bd1818d5d5714547bb5f30ca5ed93806f61509afcb89399efeaf7a37406,keep
project,apps/chart/node_modules/rolldown/dist/experimental-default-runtime.mjs,apps/chart/node_modules/rolldown/dist/experimental-default-runtime.mjs,generated-dependency-build-cache,False,3177,37b4510892f875129956e8d7f72318eb8b480fda4c086f777113c65cf154f970,keep
project,apps/chart/node_modules/rolldown/dist/experimental-index.d.mts,apps/chart/node_modules/rolldown/dist/experimental-index.d.mts,generated-dependency-build-cache,False,13218,7949cdc3ec9b930d988d6b07739561f6acaea6b497762fee0cf821094f30ea69,keep
project,apps/chart/node_modules/rolldown/dist/experimental-index.mjs,apps/chart/node_modules/rolldown/dist/experimental-index.mjs,generated-dependency-build-cache,False,13981,8a88721b031cae6afed21d8e261499afeb70303032d0414899c0bb56f43a0782,keep
project,apps/chart/node_modules/rolldown/dist/experimental-runtime-base.mjs,apps/chart/node_modules/rolldown/dist/experimental-runtime-base.mjs,generated-dependency-build-cache,False,3445,43e801e2a0ea81a50cfd48f9eb7659c5db77f4f0fd507c894d0b925fe3343982,keep
project,apps/chart/node_modules/rolldown/dist/experimental-runtime-types.d.ts,apps/chart/node_modules/rolldown/dist/experimental-runtime-types.d.ts,generated-dependency-build-cache,False,5773,1572f07dace87128cedf3de09b911384cd4c27274acfe299ec230a35384c5629,keep
project,apps/chart/node_modules/rolldown/dist/experimental-runtime.d.ts,apps/chart/node_modules/rolldown/dist/experimental-runtime.d.ts,generated-dependency-build-cache,False,5773,1572f07dace87128cedf3de09b911384cd4c27274acfe299ec230a35384c5629,keep
project,apps/chart/node_modules/rolldown/dist/experimental-runtime.mjs,apps/chart/node_modules/rolldown/dist/experimental-runtime.mjs,generated-dependency-build-cache,False,7561,5980b03eedbfa0b9b8ab272432d0898e0963e6259e780528341f11a26fffa15b,keep
project,apps/chart/node_modules/rolldown/dist/filter-index.d.mts,apps/chart/node_modules/rolldown/dist/filter-index.d.mts,generated-dependency-build-cache,False,6817,471c2797fa7dbd4cf392158f734dabed5e0628bfd8a72063bfdd658ff7c1be7b,keep
project,apps/chart/node_modules/rolldown/dist/filter-index.mjs,apps/chart/node_modules/rolldown/dist/filter-index.mjs,generated-dependency-build-cache,False,11189,14efa1927f9c3abb94b257bd7c211a29ff5486b1a92c7d0a34d05fd845ad376c,keep
project,apps/chart/node_modules/rolldown/dist/get-log-filter.d.mts,apps/chart/node_modules/rolldown/dist/get-log-filter.d.mts,generated-dependency-build-cache,False,257,e119e5023581deb35fe500cf979ce3e53e3e87a865f744a892535e1f856c46cb,keep
project,apps/chart/node_modules/rolldown/dist/get-log-filter.mjs,apps/chart/node_modules/rolldown/dist/get-log-filter.mjs,generated-dependency-build-cache,False,2037,8d267b4293c32da393c1b189264ecce44a9f0ca767293de300904b006ad221f0,keep
project,apps/chart/node_modules/rolldown/dist/index.d.mts,apps/chart/node_modules/rolldown/dist/index.d.mts,generated-dependency-build-cache,False,5240,a8116d6f8c9c38b28603a0fcde3f5913ab0a59a8534a76f620630eb9e33d25af,keep
project,apps/chart/node_modules/rolldown/dist/index.mjs,apps/chart/node_modules/rolldown/dist/index.mjs,generated-dependency-build-cache,False,1642,402d9095a966408d8e28856afe0b2c7681c99ae7cd76489ba948e4baf82c5043,keep
project,apps/chart/node_modules/rolldown/dist/parallel-plugin-worker.d.mts,apps/chart/node_modules/rolldown/dist/parallel-plugin-worker.d.mts,generated-dependency-build-cache,False,9,f4c5cf9bb78e85f15dc27180260637cf24b2a24bc39e0788783a3accc4dde614,keep
project,apps/chart/node_modules/rolldown/dist/parallel-plugin-worker.mjs,apps/chart/node_modules/rolldown/dist/parallel-plugin-worker.mjs,generated-dependency-build-cache,False,1113,82b66ef965aafe62573f0476b55c1f13724bd3d104b57a4abb3edb706802c4ca,keep
project,apps/chart/node_modules/rolldown/dist/parallel-plugin.d.mts,apps/chart/node_modules/rolldown/dist/parallel-plugin.d.mts,generated-dependency-build-cache,False,609,29571d55428a87cb9e069bbdc8725a11a0f4b8f49e35022fc765b9a4bb7810d8,keep
project,apps/chart/node_modules/rolldown/dist/parallel-plugin.mjs,apps/chart/node_modules/rolldown/dist/parallel-plugin.mjs,generated-dependency-build-cache,False,187,0fff1fcfb26076a52caf31772881e55e8dbd7f039f268124e438638e8d84e0c2,keep
project,apps/chart/node_modules/rolldown/dist/parse-ast-index.d.mts,apps/chart/node_modules/rolldown/dist/parse-ast-index.d.mts,generated-dependency-build-cache,False,1106,c0042ca8c8cbda9e978c4558933c47c812ac018e51d64ae8ff51e641672bed46,keep
project,apps/chart/node_modules/rolldown/dist/parse-ast-index.mjs,apps/chart/node_modules/rolldown/dist/parse-ast-index.mjs,generated-dependency-build-cache,False,2148,a837c99440a6903e2f6db343bfc24b7992f62584c99b8ad2ab4ec97e26505c6d,keep
project,apps/chart/node_modules/rolldown/dist/plugins-index.d.mts,apps/chart/node_modules/rolldown/dist/plugins-index.d.mts,generated-dependency-build-cache,False,1000,75ff6ca0c4527bf357c82ac68f4a8afa29f994c587902c3bf611f247e34c06b1,keep
project,apps/chart/node_modules/rolldown/dist/plugins-index.mjs,apps/chart/node_modules/rolldown/dist/plugins-index.mjs,generated-dependency-build-cache,False,1082,7ea0031bc672cebbb82623c94cac87d03207c5bc605f19ff1263afc8917944da,keep
project,apps/chart/node_modules/rolldown/dist/utils-index.d.mts,apps/chart/node_modules/rolldown/dist/utils-index.d.mts,generated-dependency-build-cache,False,24324,3e263c383492c8edcfb6326107c63769d9bb75f901d0a49309049e46658197d9,keep
project,apps/chart/node_modules/rolldown/dist/utils-index.mjs,apps/chart/node_modules/rolldown/dist/utils-index.mjs,generated-dependency-build-cache,False,70392,8bd8c1e56f7d12f6da8516fcbe9d28c7a7e36b842bce5356b86fd3716506f5cf,keep
project,apps/chart/node_modules/rolldown/dist/shared/binding-CVtkJvyl.d.mts,apps/chart/node_modules/rolldown/dist/shared/binding-CVtkJvyl.d.mts,generated-dependency-build-cache,False,65371,aacf8a6955a6e97c902e3ad9644afc21544795c0cd35327e063814a564f4d4b4,keep
project,apps/chart/node_modules/rolldown/dist/shared/binding-Zhafd14U.mjs,apps/chart/node_modules/rolldown/dist/shared/binding-Zhafd14U.mjs,generated-dependency-build-cache,False,33593,25735296beb0aa91f888b924f71b3bffae178b49e4214822b0aac8647b67001f,keep
project,apps/chart/node_modules/rolldown/dist/shared/bindingify-input-options-C-Zsy1EG.mjs,apps/chart/node_modules/rolldown/dist/shared/bindingify-input-options-C-Zsy1EG.mjs,generated-dependency-build-cache,False,85925,6934659927cc5392366ed0581910fdeb10f0ee947b67e07ed795f239b4a91bcf,keep
project,apps/chart/node_modules/rolldown/dist/shared/constructors-CGzna3vk.d.mts,apps/chart/node_modules/rolldown/dist/shared/constructors-CGzna3vk.d.mts,generated-dependency-build-cache,False,2921,3bc4a3711104f5ebe704b5bba87b4763a04f20e2f483aa8c4d0a281202343ec4,keep
project,apps/chart/node_modules/rolldown/dist/shared/constructors-u6EEiG8n.mjs,apps/chart/node_modules/rolldown/dist/shared/constructors-u6EEiG8n.mjs,generated-dependency-build-cache,False,2910,b662a3814478634e1e671fb4dda9204b0ea3dc8a8009faa2060c558c0ffa122d,keep
project,apps/chart/node_modules/rolldown/dist/shared/create-bundler-option-wRiQzEJ3.mjs,apps/chart/node_modules/rolldown/dist/shared/create-bundler-option-wRiQzEJ3.mjs,generated-dependency-build-cache,False,151886,598f0d02df94e646e7c3a9f87712678bc68b33c1c460b920222cca41723d2556,keep
project,apps/chart/node_modules/rolldown/dist/shared/define-config-Demdg3_4.mjs,apps/chart/node_modules/rolldown/dist/shared/define-config-Demdg3_4.mjs,generated-dependency-build-cache,False,130,e887326cc80caa4248166a9ce863134fc4f7e1314ad9a3d7e380bd1a43f746ab,keep
project,apps/chart/node_modules/rolldown/dist/shared/define-config-Dsp5YQR4.d.mts,apps/chart/node_modules/rolldown/dist/shared/define-config-Dsp5YQR4.d.mts,generated-dependency-build-cache,False,151171,e1deea0ca56fcb9607549d51635f8fd6ebedd201825778d2bcb1b6b82e30bd4a,keep
project,apps/chart/node_modules/rolldown/dist/shared/dist-DKbukT1H.mjs,apps/chart/node_modules/rolldown/dist/shared/dist-DKbukT1H.mjs,generated-dependency-build-cache,False,7739,f7fdbc4f6653f54996d0044435488bbec4adb6420f796f76b3af68a1264bda18,keep
project,apps/chart/node_modules/rolldown/dist/shared/error-CVc7IgvG.mjs,apps/chart/node_modules/rolldown/dist/shared/error-CVc7IgvG.mjs,generated-dependency-build-cache,False,2926,ebcd59744aa80a08c683a75f4ef4ba3acbbab14ea04ec311aafc20001aa13c43,keep
project,apps/chart/node_modules/rolldown/dist/shared/get-log-filter-AjBknEEO.d.mts,apps/chart/node_modules/rolldown/dist/shared/get-log-filter-AjBknEEO.d.mts,generated-dependency-build-cache,False,886,a57f53caa3e1283f2234c38f3614eb66549f83d0b21bddfcbb2dca1a023c2383,keep
project,apps/chart/node_modules/rolldown/dist/shared/load-config-63nAW5KO.mjs,apps/chart/node_modules/rolldown/dist/shared/load-config-63nAW5KO.mjs,generated-dependency-build-cache,False,5241,419631c585c63240b4df4be05d52aab80cc68a8f1623c36a68589b7baa810908,keep
project,apps/chart/node_modules/rolldown/dist/shared/logging-xuHO4mAy.d.mts,apps/chart/node_modules/rolldown/dist/shared/logging-xuHO4mAy.d.mts,generated-dependency-build-cache,False,1455,fc5ad2ec8b130a59612c5cfcc2cdca9bcdd80851adb8acdb004aaeff00cc978d,keep
project,apps/chart/node_modules/rolldown/dist/shared/logs-DmYCAKcW.mjs,apps/chart/node_modules/rolldown/dist/shared/logs-DmYCAKcW.mjs,generated-dependency-build-cache,False,6019,7fd7aaed77211e38b7b02540801e86b10dc624e88dbb02abc23253d4475a41fe,keep
project,apps/chart/node_modules/rolldown/dist/shared/misc-DOSKtd97.mjs,apps/chart/node_modules/rolldown/dist/shared/misc-DOSKtd97.mjs,generated-dependency-build-cache,False,1108,a6b94bac1329695387fcaf0d0dbd583165e962a2de13c719e819fc68e4bcb04a,keep
project,apps/chart/node_modules/rolldown/dist/shared/normalize-string-or-regex-BxRYnPRv.mjs,apps/chart/node_modules/rolldown/dist/shared/normalize-string-or-regex-BxRYnPRv.mjs,generated-dependency-build-cache,False,2131,07711c7ce9bb86257541f0ee669e2499658ab0b9903892fd79313ef42efcee04,keep
project,apps/chart/node_modules/rolldown/dist/shared/parse-DnWvq9XZ.mjs,apps/chart/node_modules/rolldown/dist/shared/parse-DnWvq9XZ.mjs,generated-dependency-build-cache,False,2628,5b52191a03d0080c236561f06c51a71a4b343492f4b854f6e3774b590a3bf1b7,keep
project,apps/chart/node_modules/rolldown/dist/shared/prompt-CH6TK0bC.mjs,apps/chart/node_modules/rolldown/dist/shared/prompt-CH6TK0bC.mjs,generated-dependency-build-cache,False,49939,f29111163870f5b1f7b184b65454ad6fc31869579b9c88c120ff0c01a7e1fa29,keep
project,apps/chart/node_modules/rolldown/dist/shared/resolve-tsconfig-SPewz4V3.mjs,apps/chart/node_modules/rolldown/dist/shared/resolve-tsconfig-SPewz4V3.mjs,generated-dependency-build-cache,False,4731,60aceecb17eca5e4aa1d4c7f5d65835b998779a9148128c097290e3e233be49d,keep
project,apps/chart/node_modules/rolldown/dist/shared/rolldown-DiYVDns9.mjs,apps/chart/node_modules/rolldown/dist/shared/rolldown-DiYVDns9.mjs,generated-dependency-build-cache,False,5301,e619c4751dd78a26b5fa5d1552c5a96b9d04f86f9b8fb026306cee44768d214f,keep
project,apps/chart/node_modules/rolldown/dist/shared/transform-WmU_cI8e.d.mts,apps/chart/node_modules/rolldown/dist/shared/transform-WmU_cI8e.d.mts,generated-dependency-build-cache,False,6048,08cad5153da753ed9c463b0e42a86bd8bc2b443368ce6a02a2a70e46adf7a4e0,keep
project,apps/chart/node_modules/rolldown/dist/shared/watch-BNCfUBmW.mjs,apps/chart/node_modules/rolldown/dist/shared/watch-BNCfUBmW.mjs,generated-dependency-build-cache,False,12019,e4ef5463edcb5a02ec93273d8eddd406bf51058c7746516977d4d2b56e0a8d8c,keep
project,apps/chart/node_modules/source-map-js/LICENSE,apps/chart/node_modules/source-map-js/LICENSE,generated-dependency-build-cache,False,1526,6cb0631f71c7749763fd3dd1d5bee52dd1070ec17f2edc1710079ad070bd2fbd,keep
project,apps/chart/node_modules/source-map-js/README.md,apps/chart/node_modules/source-map-js/README.md,generated-dependency-build-cache,False,26040,8e1a57daf01cd2fc8969ecd0afeae51d1c05c7c79e9413ea82016a0f65e97646,keep
project,apps/chart/node_modules/source-map-js/package.json,apps/chart/node_modules/source-map-js/package.json,generated-dependency-build-cache,False,2548,58f8e94a461a5e461e0cb2bb2be681cbd89b9181989fd26fceb858e67711469a,keep
project,apps/chart/node_modules/source-map-js/source-map.d.ts,apps/chart/node_modules/source-map-js/source-map.d.ts,generated-dependency-build-cache,False,3408,402e5c534fb2b85fa771170595db3ac0dd532112c8fa44fc23f233bc6967488b,keep
project,apps/chart/node_modules/source-map-js/source-map.js,apps/chart/node_modules/source-map-js/source-map.js,generated-dependency-build-cache,False,405,dc098456c2d9ab90a4c0a17cca9be16665b9813df20906553a98b0088a157be7,keep
project,apps/chart/node_modules/source-map-js/lib/array-set.js,apps/chart/node_modules/source-map-js/lib/array-set.js,generated-dependency-build-cache,False,3197,163bb3055aaea7140167740036a83161fd912c344b14f992754b80f21477d754,keep
project,apps/chart/node_modules/source-map-js/lib/base64-vlq.js,apps/chart/node_modules/source-map-js/lib/base64-vlq.js,generated-dependency-build-cache,False,4714,f3407e528f54ec0787bd0a71eeac0c99fffd98445916fcbe116dc69ca3be928b,keep
project,apps/chart/node_modules/source-map-js/lib/base64.js,apps/chart/node_modules/source-map-js/lib/base64.js,generated-dependency-build-cache,False,1540,651bf433cf05e9ec8cee0b94639483236a605d48279e83d3d5c5de81c21d6599,keep
project,apps/chart/node_modules/source-map-js/lib/binary-search.js,apps/chart/node_modules/source-map-js/lib/binary-search.js,generated-dependency-build-cache,False,4249,c7f4a47a125af0bd860443dfd71d2f412d1a97dcb53ab7038189d63b91dc32bd,keep
project,apps/chart/node_modules/source-map-js/lib/mapping-list.js,apps/chart/node_modules/source-map-js/lib/mapping-list.js,generated-dependency-build-cache,False,2339,35ddb82861f11a70ab84cb47d620fcb28d7f884bb444644e06bde815b836ef9e,keep
project,apps/chart/node_modules/source-map-js/lib/quick-sort.js,apps/chart/node_modules/source-map-js/lib/quick-sort.js,generated-dependency-build-cache,False,4068,72ed4911cdc72232cac53cac995e28e865cd4302186173bba74ff6436c089915,keep
project,apps/chart/node_modules/source-map-js/lib/source-map-consumer.d.ts,apps/chart/node_modules/source-map-js/lib/source-map-consumer.d.ts,generated-dependency-build-cache,False,40,2ca1c32e3bd72c64662adf034d97df8606ba1e1399cafc75567809ecff4bca95,keep
project,apps/chart/node_modules/source-map-js/lib/source-map-consumer.js,apps/chart/node_modules/source-map-js/lib/source-map-consumer.js,generated-dependency-build-cache,False,41580,78f7a8f6d20f51a99a9cbd8d552321b1a72de9b9fb9c39dbeb27dc84eb2eade5,keep
project,apps/chart/node_modules/source-map-js/lib/source-map-generator.d.ts,apps/chart/node_modules/source-map-js/lib/source-map-generator.d.ts,generated-dependency-build-cache,False,41,11f9b1e28747ca9cf5f4f7d41a7f261ac98ecde6be7dc146824fa275ac1f169d,keep
project,apps/chart/node_modules/source-map-js/lib/source-map-generator.js,apps/chart/node_modules/source-map-js/lib/source-map-generator.js,generated-dependency-build-cache,False,14933,645482e8d23fd49cd025a0ad07c2e2beb173995138370d6a73e596e18e889bd8,keep
project,apps/chart/node_modules/source-map-js/lib/source-node.d.ts,apps/chart/node_modules/source-map-js/lib/source-node.d.ts,generated-dependency-build-cache,False,33,e4a2e40e293158fb2ab29aadb9eaa6400c8d9be5851d45a95a76f9e2a4bb7c8b,keep
project,apps/chart/node_modules/source-map-js/lib/source-node.js,apps/chart/node_modules/source-map-js/lib/source-node.js,generated-dependency-build-cache,False,13808,b45db8183550ca1e6259976f6ceee89f6764360c56cf206701bd2f7471144e31,keep
project,apps/chart/node_modules/source-map-js/lib/util.js,apps/chart/node_modules/source-map-js/lib/util.js,generated-dependency-build-cache,False,15403,0629f3ae2f3049cda3a2e87ea651dcf0cc71108f4681795ab989a8ac1573fc03,keep
project,apps/chart/node_modules/tinyglobby/LICENSE,apps/chart/node_modules/tinyglobby/LICENSE,generated-dependency-build-cache,False,1076,22c68811e174cbbfb3813d4135918df4f540959c14d872e601d9abe83d3cde8f,keep
project,apps/chart/node_modules/tinyglobby/README.md,apps/chart/node_modules/tinyglobby/README.md,generated-dependency-build-cache,False,931,657d808498dddf2ea2049dd44f008cd18c260893ef73920285d7b3e9afcb7072,keep
project,apps/chart/node_modules/tinyglobby/package.json,apps/chart/node_modules/tinyglobby/package.json,generated-dependency-build-cache,False,1761,bd2b2af3c9ba0580f1acfb22c55d0b6d29abf683af5cac8a2efe82fa7c943f23,keep
project,apps/chart/node_modules/tinyglobby/dist/index.cjs,apps/chart/node_modules/tinyglobby/dist/index.cjs,generated-dependency-build-cache,False,13706,ee408bbc9665cba5800a6b2a0c89dd3df9820baa30d4ff3ba2f2435f16ce9f94,keep
project,apps/chart/node_modules/tinyglobby/dist/index.d.cts,apps/chart/node_modules/tinyglobby/dist/index.d.cts,generated-dependency-build-cache,False,4688,737da79b3269b992ed4aa9a9f799ec85ae0eb5236a3f63125382e52e02e0c832,keep
project,apps/chart/node_modules/tinyglobby/dist/index.d.mts,apps/chart/node_modules/tinyglobby/dist/index.d.mts,generated-dependency-build-cache,False,4688,737da79b3269b992ed4aa9a9f799ec85ae0eb5236a3f63125382e52e02e0c832,keep
project,apps/chart/node_modules/tinyglobby/dist/index.mjs,apps/chart/node_modules/tinyglobby/dist/index.mjs,generated-dependency-build-cache,False,12438,fc1bed0d5da56d4638002af7deaf6d179e183a85de648c180839ca36b21b3b50,keep
project,apps/chart/node_modules/vite/LICENSE.md,apps/chart/node_modules/vite/LICENSE.md,generated-dependency-build-cache,False,112425,387dd7baa307083401a27c58c362c30832f5ba1dba84f10cc22c33401523f45c,keep
project,apps/chart/node_modules/vite/README.md,apps/chart/node_modules/vite/README.md,generated-dependency-build-cache,False,1179,01cebf4365cd21396688c4dcb0dc8d360ccbafb3a36735d3849c5d8efd3cd060,keep
project,apps/chart/node_modules/vite/client.d.ts,apps/chart/node_modules/vite/client.d.ts,generated-dependency-build-cache,False,5231,74b98be6ab7723114273526706070ff9885fdf990d5c4e722801addca4d264e1,keep
project,apps/chart/node_modules/vite/package.json,apps/chart/node_modules/vite/package.json,generated-dependency-build-cache,False,5083,3baf6fb19ca2a2da0b739d984620e2c9d4aeba83d5ac68da9bacfb37d43afd61,keep
project,apps/chart/node_modules/vite/bin/openChrome.js,apps/chart/node_modules/vite/bin/openChrome.js,generated-dependency-build-cache,False,1839,d72bfcc4e6fc7b3dd81338704895402b2b54fe725662eb82f09669aa93f36b92,keep
project,apps/chart/node_modules/vite/bin/vite.js,apps/chart/node_modules/vite/bin/vite.js,generated-dependency-build-cache,False,2574,fa03478846d229651a3c6aa64833ba2c6cbf580a798b92bd8f47c7480bafb5d8,keep
project,apps/chart/node_modules/vite/dist/client/bundledDevClient.mjs,apps/chart/node_modules/vite/dist/client/bundledDevClient.mjs,generated-dependency-build-cache,False,55193,b629ed6e08cebdce78c322b3692b32b1d1332f452af7632d98adc789ee73550b,keep
project,apps/chart/node_modules/vite/dist/client/client.mjs,apps/chart/node_modules/vite/dist/client/client.mjs,generated-dependency-build-cache,False,38514,11817c382ed03b4fd15524334183db9632166c509cf128808cb94d6d0f87031b,keep
project,apps/chart/node_modules/vite/dist/client/env.mjs,apps/chart/node_modules/vite/dist/client/env.mjs,generated-dependency-build-cache,False,612,599a7191be77f077087cde291f7906fa751a794617f42d914f54991fe7bf434f,keep
project,apps/chart/node_modules/vite/dist/node/cli.js,apps/chart/node_modules/vite/dist/node/cli.js,generated-dependency-build-cache,False,29852,fd745b95a376305469b25f47f5e49a60829a90444d9a466b7fcaf3bca806f4b4,keep
project,apps/chart/node_modules/vite/dist/node/index.d.ts,apps/chart/node_modules/vite/dist/node/index.d.ts,generated-dependency-build-cache,False,165420,343badbae019a9bc81f44b0942ab08f0702521429be21dba24a70238dba35645,keep
project,apps/chart/node_modules/vite/dist/node/index.js,apps/chart/node_modules/vite/dist/node/index.js,generated-dependency-build-cache,False,2670,c7ea52906f843318d7971209ce62bd24bab60590275e8f415c5564fa35cb82dc,keep
project,apps/chart/node_modules/vite/dist/node/internal.d.ts,apps/chart/node_modules/vite/dist/node/internal.d.ts,generated-dependency-build-cache,False,137,fe8e1632d4da52d384026fcb1f3fcf4c04f8fdfe6be4328712a09d470ed6c59d,keep
project,apps/chart/node_modules/vite/dist/node/internal.js,apps/chart/node_modules/vite/dist/node/internal.js,generated-dependency-build-cache,False,138,3409ae5e59e273bc35ca96c78438717736c0f6d32eb4d8ac7ac78fdd12871530,keep
project,apps/chart/node_modules/vite/dist/node/module-runner.d.ts,apps/chart/node_modules/vite/dist/node/module-runner.d.ts,generated-dependency-build-cache,False,11507,d4ec151557b64ff001e06b5878e66eb98640961647b1581fe2a0a1af05f408fb,keep
project,apps/chart/node_modules/vite/dist/node/module-runner.js,apps/chart/node_modules/vite/dist/node/module-runner.js,generated-dependency-build-cache,False,54444,0a17cfaa431cba4babe15b183edff981ac2ff43a964a5e5db6dc00cb99ae7162,keep
project,apps/chart/node_modules/vite/dist/node/chunks/build.js,apps/chart/node_modules/vite/dist/node/chunks/build.js,generated-dependency-build-cache,False,205664,1f309cf375978f7f41ebf8297da52c2174aea4d725809682681897dd9fe43482,keep
project,apps/chart/node_modules/vite/dist/node/chunks/dist.js,apps/chart/node_modules/vite/dist/node/chunks/dist.js,generated-dependency-build-cache,False,246598,d8ad83e8dad5bb8e8f7cbe46a9f7110d3839a7405b7f72d95b646f9f154a20dc,keep
project,apps/chart/node_modules/vite/dist/node/chunks/lib.js,apps/chart/node_modules/vite/dist/node/chunks/lib.js,generated-dependency-build-cache,False,11710,c854873f947dcb83074adadc962a6f1bf975c86e66d46cc563016be4ef8cac2c,keep
project,apps/chart/node_modules/vite/dist/node/chunks/moduleRunnerTransport.d.ts,apps/chart/node_modules/vite/dist/node/chunks/moduleRunnerTransport.d.ts,generated-dependency-build-cache,False,3088,c911b3bd083dade8fdb7775261aa25feae695d562a3b11209650b47be90043fc,keep
project,apps/chart/node_modules/vite/dist/node/chunks/node.js,apps/chart/node_modules/vite/dist/node/chunks/node.js,generated-dependency-build-cache,False,1352087,2b4bf92e357f655bbcc69e08c4a6dd187ef1068412afd65bae9180f687b36912,keep
project,apps/chart/node_modules/vite/dist/node/chunks/postcss-import.js,apps/chart/node_modules/vite/dist/node/chunks/postcss-import.js,generated-dependency-build-cache,False,18432,10b6000cf08872a7eef5aaefe7b25aeed9cddc9717c354201c4b2aaab6e36ed8,keep
project,apps/chart/node_modules/vite/misc/false.js,apps/chart/node_modules/vite/misc/false.js,generated-dependency-build-cache,False,21,3f405f8c82812b5fd5a6ca325a1b9039479bf9de3ee1ef51d76ea80fba7d486c,keep
project,apps/chart/node_modules/vite/misc/true.js,apps/chart/node_modules/vite/misc/true.js,generated-dependency-build-cache,False,20,1ca1ff5b531880de960715f4622cb4bfe61620ad0ab56764a00f3afe2bf2981a,keep
project,apps/chart/node_modules/vite/types/customEvent.d.ts,apps/chart/node_modules/vite/types/customEvent.d.ts,generated-dependency-build-cache,False,2028,98580d6ed68c9cee7f956685abbb6502d70bd92f48175ac807ae6c5e254fadc6,keep
project,apps/chart/node_modules/vite/types/hmrPayload.d.ts,apps/chart/node_modules/vite/types/hmrPayload.d.ts,generated-dependency-build-cache,False,1790,64ccfe7dcbcad9b8a661a042ecb2309e41b9ab957f7b8cd070b05583a7821a13,keep
project,apps/chart/node_modules/vite/types/hot.d.ts,apps/chart/node_modules/vite/types/hot.d.ts,generated-dependency-build-cache,False,1063,4e003c868b0d8f8ad200b96cbc653e18e513fa23e1c19c4fe3cc25d4394efc47,keep
project,apps/chart/node_modules/vite/types/import-meta.d.ts,apps/chart/node_modules/vite/types/import-meta.d.ts,generated-dependency-build-cache,False,249,28a9d5c4741fdd62a94faea49ef7585d825e8379e5d23a2d773f723ce56d6b50,keep
project,apps/chart/node_modules/vite/types/importGlob.d.ts,apps/chart/node_modules/vite/types/importGlob.d.ts,generated-dependency-build-cache,False,3477,e50d04d261120f8f9d07e85698735d5b88f3a66bc395c08ce26c3d817d141a73,keep
project,apps/chart/node_modules/vite/types/importMeta.d.ts,apps/chart/node_modules/vite/types/importMeta.d.ts,generated-dependency-build-cache,False,884,72429cda84a47f092a3bf777bbc4ece9dda492fe0f02324aa7f197f3800089c6,keep
project,apps/chart/node_modules/vite/types/metadata.d.ts,apps/chart/node_modules/vite/types/metadata.d.ts,generated-dependency-build-cache,False,1133,e67cbea16f1994af89efd700542dbf3828a46a52b29e4d67e801bd7869dc103c,keep
project,apps/chart/node_modules/vite/types/internal/cssPreprocessorOptions.d.ts,apps/chart/node_modules/vite/types/internal/cssPreprocessorOptions.d.ts,generated-dependency-build-cache,False,1420,960bd764c62ac43edc24eaa2af958a4b4f1fa5d27df5237e176d0143b36a39c6,keep
project,apps/chart/node_modules/vite/types/internal/esbuildOptions.d.ts,apps/chart/node_modules/vite/types/internal/esbuildOptions.d.ts,generated-dependency-build-cache,False,672,e0864480ea083087d705f9405bd6bf59b795e8474c3447f0d6413b2bce535a09,keep
project,apps/chart/node_modules/vite/types/internal/lightningcssOptions.d.ts,apps/chart/node_modules/vite/types/internal/lightningcssOptions.d.ts,generated-dependency-build-cache,False,520,4ec16d7a4e366c06a4573d299e15fe6207fc080f41beac5da06f4af33ea9761e,keep
project,apps/chart/node_modules/vite/types/internal/rollupTypeCompat.d.ts,apps/chart/node_modules/vite/types/internal/rollupTypeCompat.d.ts,generated-dependency-build-cache,False,791,7d3e062a778b8f5ea4f0cac7e925e31f88e6739812ebc5f827474324a4048f14,keep
project,apps/chart/node_modules/vite/types/internal/terserOptions.d.ts,apps/chart/node_modules/vite/types/internal/terserOptions.d.ts,generated-dependency-build-cache,False,384,f582b0fcbf1eea9b318ab92fb89ea9ab2ebb84f9b60af89328a91155e1afce72,keep
project,apps/chart/scripts/dev-server.mjs,apps/chart/scripts/dev-server.mjs,chart-application,True,844,4b0cfa71e168fe6416693cc19c97a110550557ae87e3e6f9d3aaab561da90e67,keep
project,apps/chart/server/candle-file-response.js,apps/chart/server/candle-file-response.js,chart-application,True,1071,5b46f7ecf0f7d2f0f34e9fac0508b401198107e56a075f279249319e297b2bbb,keep
project,apps/chart/server/chart-transfer.js,apps/chart/server/chart-transfer.js,chart-application,True,4413,d5e566eb226cbc8ada2fb12debc3fd90d4a2197a73975b339792bf301915b48e,keep
project,apps/chart/server/faraz-candle-api.js,apps/chart/server/faraz-candle-api.js,chart-application,True,81976,80cc259b531518250a6858c68c8c8d88822865a056813b19b33d28569a615826,keep
project,apps/chart/server/indicator-range-input.js,apps/chart/server/indicator-range-input.js,chart-application,True,4248,bf9b2c5eac9457435f9aaed9615ca062dfabcb7541ca70fbf114c9dd2f1a419f,keep
project,apps/chart/server/local-state-paths.js,apps/chart/server/local-state-paths.js,chart-application,True,885,90b4f081658b837b7c23db6b0eadca376c7f5dbe5b1dc8c18101288eaaa19f70,keep
project,apps/chart/server/migrate-raw-resources.js,apps/chart/server/migrate-raw-resources.js,chart-application,True,2888,3ea02c9acb562de8259ce5b52d0ea36af03ff96e03a6e9884ee78a80c39b5128,keep
project,apps/chart/server/raw-integrity.js,apps/chart/server/raw-integrity.js,chart-application,True,1077,200669b282c08eaaf093b30c9610bf44714daa3e57bfb85f337c5e88fd470349,keep
project,apps/chart/server/raw-resource-store.js,apps/chart/server/raw-resource-store.js,chart-application,True,17253,4b34716fc1537f6983d9b2d8200561fa65819180f1033d71dad978c8328c3baa,keep
project,apps/chart/src/main.js,apps/chart/src/main.js,chart-application,True,352592,dc8d1569a4cf2325d0208430bf34763d9ee589626d4ce5ca279df5753a709609,keep
project,apps/chart/src/algorithm/mirror.js,apps/chart/src/algorithm/mirror.js,chart-application,True,8445,c8d81712e6cec43dd2b0efe87c9987cbd603fd6064b9eed7211def5a47bc97d5,keep
project,apps/chart/src/algorithm/page.js,apps/chart/src/algorithm/page.js,chart-application,True,71653,216d888190ee8819a54712d92add3a27d20ed9ec50fa548dd694b812e0e5207f,keep
project,apps/chart/src/algorithm/styles.css,apps/chart/src/algorithm/styles.css,chart-application,True,44852,7db2f625b6845467f93f28069d0455625ec353ded40fc09dcbeda84f968c6992,keep
project,apps/chart/src/algorithm/content/bridge-content.js,apps/chart/src/algorithm/content/bridge-content.js,chart-application,True,36856,588ed76783ae5633e20c293cf0837955503f1724dc4416534e77d8af3c610f59,keep
project,apps/chart/src/algorithm/content/calculation-guides.js,apps/chart/src/algorithm/content/calculation-guides.js,chart-application,True,39718,42d5257f5a480f7cb8f4ce8eb535ee4f23616b5805464ddf81e5c5d948099f06,keep
project,apps/chart/src/algorithm/content/content.js,apps/chart/src/algorithm/content/content.js,chart-application,True,67793,3d33a4159c723f07e2b4db21267dad9322e61cbdf9782a13b22e641eb150cc95,keep
project,apps/chart/src/algorithm/content/glossary.js,apps/chart/src/algorithm/content/glossary.js,chart-application,True,25247,351974972cde8f0161046b0309ef2bbe6bf6cd59eccab8b878ff839fb8a5de6d,keep
project,apps/chart/src/algorithm/content/i18n.js,apps/chart/src/algorithm/content/i18n.js,chart-application,True,21472,1de7baa4a2e8a8049cd9d57e632906475bc81919eba65ec74eca00f6b4228e0e,keep
project,apps/chart/src/algorithm/content/module-summaries.js,apps/chart/src/algorithm/content/module-summaries.js,chart-application,True,29205,4d84283033133528f43828039b64a7a10679d3aa6bb517cab68c4a3da5cdc586,keep
project,apps/chart/src/algorithm/content/object-catalog.js,apps/chart/src/algorithm/content/object-catalog.js,chart-application,True,20672,c9a9053fbe1510bb2281391af2aae0fb0e3bdc4f91ff5f1c538b786f73c6af7b,keep
project,apps/chart/src/algorithm/content/type-module-summaries.js,apps/chart/src/algorithm/content/type-module-summaries.js,chart-application,True,34344,c94f9cf1d6f9d88173706fc75378a15636896bbb22be366013024eb83ee714ad,keep
project,apps/chart/src/chart/drawing-coordinates.js,apps/chart/src/chart/drawing-coordinates.js,chart-application,True,264,e9e2db4102c082f7fa7015bc66b32b234f3d2aee6b583494e216dff0aa1aacea,keep
project,apps/chart/src/chart/indicator-range.js,apps/chart/src/chart/indicator-range.js,chart-application,True,1523,3b86a222173b7156f7db03c5f2a0a4b3b625bf94eb05a3ac18b0fe88728f256b,keep
project,apps/chart/src/chart/lod.js,apps/chart/src/chart/lod.js,chart-application,True,1635,747b48a861347aee3b1341ef73dfd62e66863b30a8b2b61b935b7b19cec97efa,keep
project,apps/chart/src/chart/progress.js,apps/chart/src/chart/progress.js,chart-application,True,854,7d69fb96d881a1d15977a5c9ecfd1f4ea8b7f9a16bf09171cc3c2138c98ac767,keep
project,apps/chart/src/chart/state.js,apps/chart/src/chart/state.js,chart-application,True,1153,f2bd25b448f3d912588340605a7bf12f835147ffdb5730adf89e9eb09fb8bf88,keep
project,apps/chart/src/chart/view-transform.js,apps/chart/src/chart/view-transform.js,chart-application,True,3003,f9d42fcbd85752ca6cd6c4cf5206b046c5bfce6966ea50d6bfd44edba492b776,keep
project,apps/chart/src/chart/zoom-config.js,apps/chart/src/chart/zoom-config.js,chart-application,True,492,73d94089335610f2a5ffdf4740d48ac9ca65425a60dd302f80f58fcfb32b4f72,keep
project,apps/chart/src/drawings/drawing-math.js,apps/chart/src/drawings/drawing-math.js,chart-application,True,1490,e718c7e7ebbba2e11d57c1bd32c9d91604c7ea8902cc4e619d019120ccd0968e,keep
project,apps/chart/src/drawings/drawing.css,apps/chart/src/drawings/drawing.css,chart-application,True,3421,0edaebfef1f76ab78da3fafa508030273911de31649d79f20f9faf202559ce3d,keep
project,apps/chart/src/drawings/object-tree.css,apps/chart/src/drawings/object-tree.css,chart-application,True,9806,3ddaba336636eb36d81dd6cb0ace2866f71182d97f4e3c5d194564a2919157e9,keep
project,apps/chart/src/features/candle-export.js,apps/chart/src/features/candle-export.js,chart-application,True,51422,96d9b9ab0cfacf73e2db4fc716fcd7a48f500bb8547fc22ad7c3f726c1107234,keep
project,apps/chart/src/features/candle-update.js,apps/chart/src/features/candle-update.js,chart-application,True,14153,c9ef0695d7c716b1d4444959c3086a2e40c75aca990b360af29ca110c87332b1,keep
project,apps/chart/src/features/faraz-symbol.js,apps/chart/src/features/faraz-symbol.js,chart-application,True,771,2aefa363fa31920fb27daff089bc24e3779bdf43c8dff28ae23510963dd936d2,keep
project,apps/chart/src/features/indicator-cache.js,apps/chart/src/features/indicator-cache.js,chart-application,True,6190,d189fbc9bf6fb02235a554bb8a59960a5137fc6d73fe1610a647379a5f08ca4f,keep
project,apps/chart/src/features/indicator-calculation-request.js,apps/chart/src/features/indicator-calculation-request.js,chart-application,True,343,0d5abf8133a892d72fbc6cd5b1a4cee8ff5c17d46cacb9eacecefb36b7d03522,keep
project,apps/chart/src/features/indicator-lifecycle.js,apps/chart/src/features/indicator-lifecycle.js,chart-application,True,589,3380433b40075797c6852589fa9dbfc840c3e501c97d43ebc7051f93c473394c,keep
project,apps/chart/src/features/raw-file-contract.js,apps/chart/src/features/raw-file-contract.js,chart-application,True,2839,bba680048147f385d38a97b30e702e1c1d3a00d8777b852bcef8e95025c29616,keep
project,apps/chart/src/features/raw-inventory.js,apps/chart/src/features/raw-inventory.js,chart-application,True,2013,1b1c5ad1a4cb8e91e597abec27b0f93e70b569270da5594f87b10bb42b3faff5,keep
project,apps/chart/src/features/screenshot-overlay.js,apps/chart/src/features/screenshot-overlay.js,chart-application,True,1119,d5851f309a40538654d41b77dd641d81bfe724ed25812b84bcf20816983da4df,keep
project,apps/chart/src/features/workspace-session.js,apps/chart/src/features/workspace-session.js,chart-application,True,1572,dbfa2cab6e5d2c41a3b8fa0c2a1a1f5689e3c27cb48326f58b670719da986ef4,keep
project,apps/chart/src/features/manual-review/entry.js,apps/chart/src/features/manual-review/entry.js,chart-application,True,1426,4702041929ada78539c5916fde4b3f53360116bec76a10721ace638913f4bfd7,keep
project,apps/chart/src/features/manual-review/render.js,apps/chart/src/features/manual-review/render.js,chart-application,True,63485,75abf1ba798bff0abfb102f23bc5406c5abafc146e1a314e7655197e52242ade,keep
project,apps/chart/src/features/manual-review/review.css,apps/chart/src/features/manual-review/review.css,chart-application,True,32917,5ce9d35687c5490e3d92e22a70cc33a88bbd0e998d422e9a125f03b419ccd71f,keep
project,apps/chart/src/features/manual-review/tab.js,apps/chart/src/features/manual-review/tab.js,chart-application,True,448,47de7e5a3578c2a3a2da86c731e8e59e5964bfabd517d2759112f0fa02872370,keep
project,apps/chart/src/platform/browser-compat.js,apps/chart/src/platform/browser-compat.js,chart-application,True,1150,6c3273fff3b24daa98222277e74ab614beb0cffc0260925bf012a85e2b26ea30,keep
project,apps/chart/src/styles/app.css,apps/chart/src/styles/app.css,chart-application,True,65413,fb3ecfc98ec028c5b4bfb6fc739ffc5066dd1e93ff5294d17aae9a43250bccd7,keep
project,apps/chart/src/styles/candle-export.css,apps/chart/src/styles/candle-export.css,chart-application,True,24535,77d440970b816854574e74e5274b6ae6a5e1eaff0396f8c005614f9827f76be2,keep
project,apps/chart/src/styles/qg-modern.css,apps/chart/src/styles/qg-modern.css,chart-application,True,1231,2d0cf658679f19cd1bd6112ffdcf3fb258c8ec02cc9ba53e37c44d839fa2318b,keep
project,apps/chart/src/styles/tokens.css,apps/chart/src/styles/tokens.css,chart-application,True,6532,a9215c0252b0964001fbb5e5b809226e3e935a7ecd7013d395b8999b12564794,keep
project,apps/chart/src/ui/chart-identity.js,apps/chart/src/ui/chart-identity.js,chart-application,True,573,23bee6e14a3097d785c87209ed6b00accb658b095163400c62963fcda937e2dc,keep
project,apps/chart/src/ui/feedback.js,apps/chart/src/ui/feedback.js,chart-application,True,2881,77f62d5033c8ddc9b2225cae0ab01ad42888d7d231e615afc443a04cfb777ec5,keep
project,apps/chart/src/ui/icons.js,apps/chart/src/ui/icons.js,chart-application,True,4096,5acc18e300dcb5fc3b527c4805e26e59825e8afe7144b48a36462cb293e2faf2,keep
project,apps/chart/src/ui/log-window.js,apps/chart/src/ui/log-window.js,chart-application,True,689,1ecf173957f06a78a18b84cea9641775e3a3d8c3e6d32dd694dbd6feaef29657,keep
project,apps/chart/src/ui/popover.js,apps/chart/src/ui/popover.js,chart-application,True,1466,af983ce0a7457fd092d5e0c95c5bb8e2ff41d1b0206251d6d4a8ba289a015db1,keep
project,apps/chart/src/ui/symbol-format.js,apps/chart/src/ui/symbol-format.js,chart-application,True,1189,984ba6548f47898075d5f58aa7322e70457b575e8ca9ca3e12313effe80e848b,keep
project,apps/chart/src/ui/workspace-state.js,apps/chart/src/ui/workspace-state.js,chart-application,True,1775,4f2db71e95c2460e2ade7959cc5be2dfe3ab8a14dbf51c487a83a12b18eb3152,keep
project,docs/AI/AI_Operating_Protocol.md,engineering/docs/ai/operating-protocol.md,engineering-documentation,True,65002,6f0731e0e400eb8276b5419a33818c0a973278e381a4b8d332555e431251d9e0,move
project,docs/Project_Audit/Engineering_Audit_Workflow.md,engineering/docs/verification/engineering-audit-workflow.md,engineering-documentation,True,55560,7a45eb49dbe2cb4b9d94f45643317b0b97353057f3ff68abc11bc616d3cd5c4b,move
project,docs/architecture/Frontend/UI_UX_Technical_Reference.md,engineering/docs/architecture/ui-ux-reference.md,engineering-documentation,True,24197,8fa33d8f36b744a471874e80a176b999cf77709e34a81c3ac2065935661f4538,move
project,docs/architecture/Project/Technical_Architecture.md,engineering/docs/architecture/technical-architecture.md,engineering-documentation,True,31727,9bb52c4bbada900af4627eabaedf93b2a3ab3c9a7990360e672209f320c13ff9,move
project,docs/development/General_Rules/Standalone_Reference_Specification.md,engineering/docs/development/standalone-reference-specification.md,engineering-documentation,True,34498,8ed775f8a78246757f2b774428d04f3fb6217b7f30d7f5d2c4822318a5b3493a,move
project,docs/development/Refactor_Rules/Zero_Difference_Refactor_Performance_Rules.md,engineering/docs/development/zero-difference-refactor.md,engineering-documentation,True,51700,29a90162c2f868f39c572a639ea11a6756b6498a88005b16c48a10cae5758729,move
project,docs/development/Test_Rules/Local_Test_Workflow.md,engineering/docs/development/local-tests.md,engineering-documentation,True,1462,4a0855e9e28f135193b1f7e1c4ecbc778fdf92fade4359b7f4a25dc8e2053233,move
project,docs/development/Test_Rules/Repository_Integrity.md,engineering/docs/verification/repository-integrity.md,engineering-documentation,True,1434,c722993fef5736b7d685f8d3999fbae0df64060635c1962db7a91f3873cbfe8c,move
project,docs/graphify/.graphify_labels.json,engineering/archive/repository-graphify/.graphify_labels.json,historical-evidence,False,6022,b27831c7e357769cb683a664c5f21d5d149b81ee74b1bfe400076821f2d1b57d,move
project,docs/graphify/GRAPH_HEALTH.md,engineering/archive/repository-graphify/GRAPH_HEALTH.md,historical-evidence,False,4703,9a9ae2077a638a0776717f7a871d4bb41b003f84a4471b190ddb03b69e57ca12,move
project,docs/graphify/GRAPH_REPORT.md,engineering/archive/repository-graphify/GRAPH_REPORT.md,historical-evidence,False,54529,7df25cff11512b936c1c50529195220d8a16aa125428504a2ba415d707d82d9f,move
project,docs/graphify/README.md,engineering/archive/repository-graphify/README.md,historical-evidence,False,3349,0d1c4aea67105a780fe5c3adc8c3c15a49e2fd9c62eb64a3592455f45a9b0328,move
project,docs/graphify/cost.json,engineering/archive/repository-graphify/cost.json,historical-evidence,False,436,ebc94697fbb469c248ba3fcef1bfa6d700c3c38ffc41ed08b4e91b098d1cc63a,move
project,docs/graphify/engine-audit-evidence.md,engineering/archive/repository-graphify/engine-audit-evidence.md,historical-evidence,False,22774,5083c7a208300f2fe523ea00dcaa67accb1bfb2dbd7aa9db0ecae1b3b6d31a7e,move
project,docs/graphify/full-file-inventory.json,engineering/archive/repository-graphify/full-file-inventory.json,historical-evidence,False,160549,e6b81e657730142d3ddd2cdff6ab9b28757331f6d1c10a6764c49445edb9eab0,move
project,docs/graphify/graph-health.json,engineering/archive/repository-graphify/graph-health.json,historical-evidence,False,12771,da1ee5cb09c7c82c29020d01c7cebe15d2c274a090e43674606a86d03c3869e2,move
project,docs/graphify/graph.html,engineering/archive/repository-graphify/graph.html,historical-evidence,False,2631299,9627f8905bb703695b6a8c0ec3c880658c550c53f315d9bcde3b35c087e45de7,move
project,docs/graphify/graph.json,engineering/archive/repository-graphify/graph.json,historical-evidence,False,3295707,0a12d79e1235d6f5a6c5319b20ddbbde2ee0ac4e540eb14f157e5022d9bd3f92,move
project,docs/graphify/manifest.json,engineering/archive/repository-graphify/manifest.json,historical-evidence,False,1982,975c266d5f680ff8f6656019ead8330314db37826c160b39fd347faa9b3670d2,move
project,docs/graphify/archive/graphify-out/cache/stat-index.json,engineering/archive/repository-graphify/archive/graphify-out/cache/stat-index.json,historical-evidence,False,22333,88df4be21e375674513896c5e18191aec2ebe7db54445f47ce65af9125337b25,move
project,docs/graphify/archive/graphify-out/cache/ast/v0.9.42/02f8512c4adb6b8b61cc47d2239fb95768d1c98e4f0e0dad092f8c9da069b85e.json,engineering/archive/repository-graphify/archive/graphify-out/cache/ast/v0.9.42/02f8512c4adb6b8b61cc47d2239fb95768d1c98e4f0e0dad092f8c9da069b85e.json,historical-evidence,False,273,4ce4799f343a314aa467df17608fa8d159d635b967733948a6645d261c0634a2,move
project,docs/graphify/archive/graphify-out/cache/ast/v0.9.42/0a3bdf3af4122105468e1a862844c078dddc36c3b93c34d56749fd5b8e003754.json,engineering/archive/repository-graphify/archive/graphify-out/cache/ast/v0.9.42/0a3bdf3af4122105468e1a862844c078dddc36c3b93c34d56749fd5b8e003754.json,historical-evidence,False,131928,42582f90cadbde8b81282f64ff53ed9b2f6755b2cfe344ed8d374c73fa24fa52,move
project,docs/graphify/archive/graphify-out/cache/ast/v0.9.42/0adf1dd050b06c34b3b41f0735d19dd99390323dd4d8df8391d8d63bdb44995a.json,engineering/archive/repository-graphify/archive/graphify-out/cache/ast/v0.9.42/0adf1dd050b06c34b3b41f0735d19dd99390323dd4d8df8391d8d63bdb44995a.json,historical-evidence,False,2606,7077a28b7e22360f396c27761807b5a6c2b6f990d1693d30fb2932988e823d91,move
project,docs/graphify/archive/graphify-out/cache/ast/v0.9.42/124a8535cd0ace0ff6f866bdbddeeb51c3d658590f6ad6307c1eb5cb023ef706.json,engineering/archive/repository-graphify/archive/graphify-out/cache/ast/v0.9.42/124a8535cd0ace0ff6f866bdbddeeb51c3d658590f6ad6307c1eb5cb023ef706.json,historical-evidence,False,201650,201a37929e1516247bf2ae0378db4a518ad1a8004681aaf4dfb3eeaf010596e7,move
project,docs/graphify/archive/graphify-out/cache/ast/v0.9.42/158ba9775c3cb499de08a8e4d9b47342ed14a382e937f7ffdf83b3688f900792.json,engineering/archive/repository-graphify/archive/graphify-out/cache/ast/v0.9.42/158ba9775c3cb499de08a8e4d9b47342ed14a382e937f7ffdf83b3688f900792.json,historical-evidence,False,73787,c93423d81b7a9cd31a45c29cc998cfea47140aa4e1959f3ca4807339dabc203d,move
project,docs/graphify/archive/graphify-out/cache/ast/v0.9.42/1ce6bd8ae8b73439035519a19ff4294173117fcac5b43297a845de41b0d65a8f.json,engineering/archive/repository-graphify/archive/graphify-out/cache/ast/v0.9.42/1ce6bd8ae8b73439035519a19ff4294173117fcac5b43297a845de41b0d65a8f.json,historical-evidence,False,13308,533e1f5470be2b87b10b4da40a26129bdfb355ffb391dd16b92b5b5384d9f1f1,move
project,docs/graphify/archive/graphify-out/cache/ast/v0.9.42/1e511e0e0fb62ce1ced58d6e479e6fdc8f39dc0f61e9161e1cb40e9bbc43f43c.json,engineering/archive/repository-graphify/archive/graphify-out/cache/ast/v0.9.42/1e511e0e0fb62ce1ced58d6e479e6fdc8f39dc0f61e9161e1cb40e9bbc43f43c.json,historical-evidence,False,201897,8d95c740afeb7ad6db60bebbb4b394e005cdd5b810c4d23bc3002e84b39e69b3,move
project,docs/graphify/archive/graphify-out/cache/ast/v0.9.42/4adcad6c8628d257f5894526b1eaab4b2e136be3a5a471cbd42d1ba15f4699f2.json,engineering/archive/repository-graphify/archive/graphify-out/cache/ast/v0.9.42/4adcad6c8628d257f5894526b1eaab4b2e136be3a5a471cbd42d1ba15f4699f2.json,historical-evidence,False,10348,9057c2fc4b88293f4e52b4b3f113d47b2c6cda23f50f54e2cc62d14a6f768b6e,move
project,docs/graphify/archive/graphify-out/cache/ast/v0.9.42/4dc10723517caf8b8ea88b036d7f778d4d6ad1796ecdd8d6eb0a69f357a6d6d0.json,engineering/archive/repository-graphify/archive/graphify-out/cache/ast/v0.9.42/4dc10723517caf8b8ea88b036d7f778d4d6ad1796ecdd8d6eb0a69f357a6d6d0.json,historical-evidence,False,39355,59a33c7773d1be3cf4649386f20fb09574e853f6180249583a9216c14880b20d,move
project,docs/graphify/archive/graphify-out/cache/ast/v0.9.42/5c8c8182d07e270245efa4bde567757f787d3653946e5cb8b48695b71dc4a846.json,engineering/archive/repository-graphify/archive/graphify-out/cache/ast/v0.9.42/5c8c8182d07e270245efa4bde567757f787d3653946e5cb8b48695b71dc4a846.json,historical-evidence,False,14535,b0ff98ff7318d8c4ec6769c761fe1c6df1d277c082913e21e52ed26267a09be9,move
project,docs/graphify/archive/graphify-out/cache/ast/v0.9.42/5e62d9a26aa65958372f5f2191a38b48355cc2de0691d3570c2adce70a2fbf70.json,engineering/archive/repository-graphify/archive/graphify-out/cache/ast/v0.9.42/5e62d9a26aa65958372f5f2191a38b48355cc2de0691d3570c2adce70a2fbf70.json,historical-evidence,False,8736,df75958b1889e74cda2df857cbd305660541335eb912d21923770af9be7191dd,move
project,docs/graphify/archive/graphify-out/cache/ast/v0.9.42/621ff6e37b3cb8b3dc39edf812e509831b93d0434c970dd00f6da4de0ef2c6f6.json,engineering/archive/repository-graphify/archive/graphify-out/cache/ast/v0.9.42/621ff6e37b3cb8b3dc39edf812e509831b93d0434c970dd00f6da4de0ef2c6f6.json,historical-evidence,False,42509,191231089831734a0ee718d3abbb8dd9684b1b009b015885696f193acf301455,move
project,docs/graphify/archive/graphify-out/cache/ast/v0.9.42/6534edb6396ba1dc672357e16520f5d1fba86894a490ac2fae10b5ec7cb1abc6.json,engineering/archive/repository-graphify/archive/graphify-out/cache/ast/v0.9.42/6534edb6396ba1dc672357e16520f5d1fba86894a490ac2fae10b5ec7cb1abc6.json,historical-evidence,False,11907,7650d2a1556a28878db46dadca2ef10105ef93de1c197569e9664bcfc4b5424a,move
project,docs/graphify/archive/graphify-out/cache/ast/v0.9.42/67fc5d76fff132963cd6f0213100725787fe0357a49f9b0c78e6f18ea8c389aa.json,engineering/archive/repository-graphify/archive/graphify-out/cache/ast/v0.9.42/67fc5d76fff132963cd6f0213100725787fe0357a49f9b0c78e6f18ea8c389aa.json,historical-evidence,False,8152,65c284f4c48e0d5f2eadc1401f98e29f630d3ac115202fc069bfbe1c7cfca479,move
project,docs/graphify/archive/graphify-out/cache/ast/v0.9.42/6a8a9f0742f70292566fe808b738ebd728e4e850d4fd54112e922197476a365a.json,engineering/archive/repository-graphify/archive/graphify-out/cache/ast/v0.9.42/6a8a9f0742f70292566fe808b738ebd728e4e850d4fd54112e922197476a365a.json,historical-evidence,False,610,3cb02c561adcfbd7aa7a91dd259ebf9d86d447bf827c0ee993585f1e7b841d0a,move
project,docs/graphify/archive/graphify-out/cache/ast/v0.9.42/769a63faa33ce30f307b37dfcc70be84a23c072ccc5ab7e1a28237e049c05d87.json,engineering/archive/repository-graphify/archive/graphify-out/cache/ast/v0.9.42/769a63faa33ce30f307b37dfcc70be84a23c072ccc5ab7e1a28237e049c05d87.json,historical-evidence,False,5420,ee02339e364cc8df41e2fa75bfd71c82fda908e0fc25a441e243decc13d09e7b,move
project,docs/graphify/archive/graphify-out/cache/ast/v0.9.42/78133e7b029a596aaf6caeeb9248efe96086f308b2439dc84c08b0836e54f07e.json,engineering/archive/repository-graphify/archive/graphify-out/cache/ast/v0.9.42/78133e7b029a596aaf6caeeb9248efe96086f308b2439dc84c08b0836e54f07e.json,historical-evidence,False,3105,572eb4dea1e9f9c3c4208e5bfc756c08a0b12d631cef521557472e5d5924bfbd,move
project,docs/graphify/archive/graphify-out/cache/ast/v0.9.42/8556f8d0107e8c8ad2442d353d1bb918af34d8fd45b607b4cc8151a50e707204.json,engineering/archive/repository-graphify/archive/graphify-out/cache/ast/v0.9.42/8556f8d0107e8c8ad2442d353d1bb918af34d8fd45b607b4cc8151a50e707204.json,historical-evidence,False,77341,dce94eb2bbc37520d98d2a02e340ce0c35b6875478375ab28b4e6816b9b0f4bd,move
project,docs/graphify/archive/graphify-out/cache/ast/v0.9.42/8bf117271c1095929a8119c01cb3e65f82b146c7b1a3e80f8c1ea0d51349bbff.json,engineering/archive/repository-graphify/archive/graphify-out/cache/ast/v0.9.42/8bf117271c1095929a8119c01cb3e65f82b146c7b1a3e80f8c1ea0d51349bbff.json,historical-evidence,False,57542,ba5188770db21af0b6a60b6b34695eaf5e663e869789a83c18209ca1768e10d8,move
project,docs/graphify/archive/graphify-out/cache/ast/v0.9.42/91d98c7912b4cff020f9b5e940348654fc0433e0e912962ae6cc2ebdfc5dca52.json,engineering/archive/repository-graphify/archive/graphify-out/cache/ast/v0.9.42/91d98c7912b4cff020f9b5e940348654fc0433e0e912962ae6cc2ebdfc5dca52.json,historical-evidence,False,184892,32f8f8040b859dd86eab75ab4ea8d69fe644509bc174fc64286d9cccb60ded0f,move
project,docs/graphify/archive/graphify-out/cache/ast/v0.9.42/a0ef83100cb4bea3f52e34b5eabe83f81a6278262d1b8fe73fd3b34c40903e9e.json,engineering/archive/repository-graphify/archive/graphify-out/cache/ast/v0.9.42/a0ef83100cb4bea3f52e34b5eabe83f81a6278262d1b8fe73fd3b34c40903e9e.json,historical-evidence,False,1030,fa8746238a2f206e91686df0ef6833dede6360555aa90a9171ad8442383910d5,move
project,docs/graphify/archive/graphify-out/cache/ast/v0.9.42/a140f753961037e52bfaa420dea3a9eb90a1ec0f10cb1d80560cefca1889cd73.json,engineering/archive/repository-graphify/archive/graphify-out/cache/ast/v0.9.42/a140f753961037e52bfaa420dea3a9eb90a1ec0f10cb1d80560cefca1889cd73.json,historical-evidence,False,4633,9b899aecc7db2e0190a38b9f6d13eb33119eb8958abe0ff9a61da442c8f2fbdb,move
project,docs/graphify/archive/graphify-out/cache/ast/v0.9.42/a1e5c034fcee990ee19d60723841b85810f42fc3a71a59c08978e6b43e4f675f.json,engineering/archive/repository-graphify/archive/graphify-out/cache/ast/v0.9.42/a1e5c034fcee990ee19d60723841b85810f42fc3a71a59c08978e6b43e4f675f.json,historical-evidence,False,144760,fe7f485115da8baa9eb55b03de442ccaeb01ff4bfaeadc511cdb969d44a50c16,move
project,docs/graphify/archive/graphify-out/cache/ast/v0.9.42/a22c6b0ffb73e30d0ec55d1af54e1c9f71205aa924ac879354b4a3edc9be5691.json,engineering/archive/repository-graphify/archive/graphify-out/cache/ast/v0.9.42/a22c6b0ffb73e30d0ec55d1af54e1c9f71205aa924ac879354b4a3edc9be5691.json,historical-evidence,False,3492,472af50e6348c3f8270347026e79ced69611a928841c752e681d63098119bee8,move
project,docs/graphify/archive/graphify-out/cache/ast/v0.9.42/b2e7be64b16d19890fe97e12fd9917ee365cf65d490af702739ed98558699bae.json,engineering/archive/repository-graphify/archive/graphify-out/cache/ast/v0.9.42/b2e7be64b16d19890fe97e12fd9917ee365cf65d490af702739ed98558699bae.json,historical-evidence,False,8659,efcddb57d50862a77dbaac372e21cf8e8a84e721232deea304ccee611a27225b,move
project,docs/graphify/archive/graphify-out/cache/ast/v0.9.42/b6ccaa387203d27a5c79d640c47716b006493c7cfd4f60e7f498eb47ff7df34d.json,engineering/archive/repository-graphify/archive/graphify-out/cache/ast/v0.9.42/b6ccaa387203d27a5c79d640c47716b006493c7cfd4f60e7f498eb47ff7df34d.json,historical-evidence,False,13214,eb4d752139e78cf7e33789b03157f4c411f1e7f4f74e2fb27524830f11087b00,move
project,docs/graphify/archive/graphify-out/cache/ast/v0.9.42/ba40724a7250343b99eced9f4d1716b7487dfdd944eb8811ccc22572709af533.json,engineering/archive/repository-graphify/archive/graphify-out/cache/ast/v0.9.42/ba40724a7250343b99eced9f4d1716b7487dfdd944eb8811ccc22572709af533.json,historical-evidence,False,102245,368e8ff98bc49c297fc5b6ba2dba81331492cc5f00783a2f8d6b8e610c9b28dd,move
project,docs/graphify/archive/graphify-out/cache/ast/v0.9.42/bfd1d7a63c38c9ea5e83f5e940488470d53e923b4bbd4884f0c4fda873715bf0.json,engineering/archive/repository-graphify/archive/graphify-out/cache/ast/v0.9.42/bfd1d7a63c38c9ea5e83f5e940488470d53e923b4bbd4884f0c4fda873715bf0.json,historical-evidence,False,678,0fe81320e68f6cb62e8f570140c2eddd6dff5789796eba783026487de25d5958,move
project,docs/graphify/archive/graphify-out/cache/ast/v0.9.42/c9bbd20cf52d269464ec40dbe4266d8a3e3d9d0d16dbac5d9693334dfe6ac134.json,engineering/archive/repository-graphify/archive/graphify-out/cache/ast/v0.9.42/c9bbd20cf52d269464ec40dbe4266d8a3e3d9d0d16dbac5d9693334dfe6ac134.json,historical-evidence,False,10811,e28b8baecaeacac52888c49c5e28ae2a93c8ccc01f45c346af334bdcfc83664b,move
project,docs/graphify/archive/graphify-out/cache/ast/v0.9.42/d1f5700aefe91738822017f7c65ab412e5b012d129a12fdd6cb365cabb8b1d7a.json,engineering/archive/repository-graphify/archive/graphify-out/cache/ast/v0.9.42/d1f5700aefe91738822017f7c65ab412e5b012d129a12fdd6cb365cabb8b1d7a.json,historical-evidence,False,5237,e0af0aab84ba817de2f933e6f6873d50ee035769f4f1a5c73afff4da7dcfe73d,move
project,docs/graphify/archive/graphify-out/cache/ast/v0.9.42/d7ae8eb0a1835b3af352da10d1eee6dfec87ffc07510d047f03e314ed90fc105.json,engineering/archive/repository-graphify/archive/graphify-out/cache/ast/v0.9.42/d7ae8eb0a1835b3af352da10d1eee6dfec87ffc07510d047f03e314ed90fc105.json,historical-evidence,False,22860,5ff2607c8ea285ddd005f85383da887ce4c8618798f80e329d2ad03abaffe7a9,move
project,docs/graphify/archive/graphify-out/cache/ast/v0.9.42/e22fe864bb6ab42436bb5a1ac5859adebbd9f7001e80f18ddd09497dfbbe01fc.json,engineering/archive/repository-graphify/archive/graphify-out/cache/ast/v0.9.42/e22fe864bb6ab42436bb5a1ac5859adebbd9f7001e80f18ddd09497dfbbe01fc.json,historical-evidence,False,32403,d9ca27ecbbf24af7195268a0e183785e8e92f17adf46e5f431c4c79b2c5226ae,move
project,docs/graphify/archive/graphify-out/cache/ast/v0.9.42/ee1f64c9fada443eb9ea0f6634f45c51c27f2d51fc8b91d7fe06e0bf7f1b7d92.json,engineering/archive/repository-graphify/archive/graphify-out/cache/ast/v0.9.42/ee1f64c9fada443eb9ea0f6634f45c51c27f2d51fc8b91d7fe06e0bf7f1b7d92.json,historical-evidence,False,27302,8d65e42d366d0213b5abc55f2e1b66995c096427ce38f7a52c0ac40ec63cf77b,move
project,docs/graphify/archive/graphify-out/cache/ast/v0.9.42/f46cd562f9dc7c450a7a71e850ba4eecb95a71f7ce34338f1b5a5d632cf56c7d.json,engineering/archive/repository-graphify/archive/graphify-out/cache/ast/v0.9.42/f46cd562f9dc7c450a7a71e850ba4eecb95a71f7ce34338f1b5a5d632cf56c7d.json,historical-evidence,False,6427,3c532a212133e559f27d97b337a9a5cfee7f5adb8f1f8d005fff5fbbb12b013f,move
project,docs/graphify/archive/graphify-out/cache/ast/v0.9.42/f5a7e8c04bd77bce30e0fcbdf68865ea4c362bd82709d08c25590142a6a40bcc.json,engineering/archive/repository-graphify/archive/graphify-out/cache/ast/v0.9.42/f5a7e8c04bd77bce30e0fcbdf68865ea4c362bd82709d08c25590142a6a40bcc.json,historical-evidence,False,176211,dd4277d6f36abbe90c16c95888ab3f651fa27d6a896a187d744a1c2ed0d2e6f4,move
project,docs/graphify/archive/graphify-out/cache/ast/v0.9.42/ff6a31a857ab1a3bd32d2dcbec43a9a0283062d54f14f1f8b3f30c75b26a3cca.json,engineering/archive/repository-graphify/archive/graphify-out/cache/ast/v0.9.42/ff6a31a857ab1a3bd32d2dcbec43a9a0283062d54f14f1f8b3f30c75b26a3cca.json,historical-evidence,False,254461,40c229c27043dd2150b72b1e94fb0c9f338c659d87e9bbac2cb05a1a83f0768c,move
project,docs/graphify/cache/last_query_stamp,engineering/archive/repository-graphify/cache/last_query_stamp,historical-evidence,False,18,7841e332732b195999077d5c02ed3d274ee74698f4e6b57d7af7811813971297,move
project,docs/graphify/graphify-out/cache/stat-index.json,engineering/archive/repository-graphify/graphify-out/cache/stat-index.json,historical-evidence,False,2104,435f77dba6472eb2fb9653c6e99e6303b6d75b5ef41cf125426e83ed7c1906b2,move
project,docs/graphify/rebuild-2026-09-19/GRAPH_REPORT.md,engineering/archive/repository-graphify/rebuild-2026-09-19/GRAPH_REPORT.md,historical-evidence,False,15227,986a8f809a6f30059ce069effcb1f2c9311666c8b2c85c3678ec629a0e6c756d,move
project,docs/graphify/rebuild-2026-09-19/README.md,engineering/archive/repository-graphify/rebuild-2026-09-19/README.md,historical-evidence,False,2223,5d57bfaccecb73e67fc72676b97ed3b228608753638c2ee0dc8cb97dea26268e,move
project,docs/graphify/rebuild-2026-09-19/graph-health.json,engineering/archive/repository-graphify/rebuild-2026-09-19/graph-health.json,historical-evidence,False,3238,9c4279e8995a4a6a333e431979df3d417671802749553a8191c7cb220669d76f,move
project,docs/graphify/rebuild-2026-09-19/graph.html,engineering/archive/repository-graphify/rebuild-2026-09-19/graph.html,historical-evidence,False,1265555,a05aaf5233e4bf8c4e122fe098adf80d3e8c2df6fc3827a767816bf90616fb1f,move
project,docs/graphify/rebuild-2026-09-19/graph.json,engineering/archive/repository-graphify/rebuild-2026-09-19/graph.json,historical-evidence,False,1602716,81cb36cfdd19a3cfb4c91b422f26d617b2ebb5d576567997fccf4bc2492ca5fa,move
project,docs/graphify/rebuild-2026-09-19/manifest.json,engineering/archive/repository-graphify/rebuild-2026-09-19/manifest.json,historical-evidence,False,524,a1e635ddc7c4a7735fec58547212caa681d27fb6d2900b49d4a0a4466074bd87,move
project,docs/graphify/rebuild-2026-09-19/raw-run/.graphify_analysis.json,engineering/archive/repository-graphify/rebuild-2026-09-19/raw-run/.graphify_analysis.json,historical-evidence,False,67587,41a45fd0e9054460d7279a7f473bdb3af44f4dfbaa02f03cee2d2911e3ffb22e,move
project,docs/graphify/rebuild-2026-09-19/raw-run/.graphify_detect.json,engineering/archive/repository-graphify/rebuild-2026-09-19/raw-run/.graphify_detect.json,historical-evidence,False,10724,157c29db8c691a770cf5ec166e858faec9a3ff21da2c1999255fc875c498973b,move
project,docs/graphify/rebuild-2026-09-19/raw-run/.graphify_extract.json,engineering/archive/repository-graphify/rebuild-2026-09-19/raw-run/.graphify_extract.json,historical-evidence,False,1203527,c374d5a511840d61690c0c9bd07d8583657e86f2b4c26cc1169ff72f895957ea,move
project,docs/graphify/rebuild-2026-09-19/raw-run/.graphify_root,engineering/archive/repository-graphify/rebuild-2026-09-19/raw-run/.graphify_root,historical-evidence,False,1,cdb4ee2aea69cc6a83331bbe96dc2caa9a299d21329efb0336fc02a82e1839a8,move
project,docs/graphify/rebuild-2026-09-19/raw-run/GRAPH_REPORT.md,engineering/archive/repository-graphify/rebuild-2026-09-19/raw-run/GRAPH_REPORT.md,historical-evidence,False,15227,986a8f809a6f30059ce069effcb1f2c9311666c8b2c85c3678ec629a0e6c756d,move
project,docs/graphify/rebuild-2026-09-19/raw-run/graph-health.json,engineering/archive/repository-graphify/rebuild-2026-09-19/raw-run/graph-health.json,historical-evidence,False,3238,9c4279e8995a4a6a333e431979df3d417671802749553a8191c7cb220669d76f,move
project,docs/graphify/rebuild-2026-09-19/raw-run/graph.html,engineering/archive/repository-graphify/rebuild-2026-09-19/raw-run/graph.html,historical-evidence,False,1265555,a05aaf5233e4bf8c4e122fe098adf80d3e8c2df6fc3827a767816bf90616fb1f,move
project,docs/graphify/rebuild-2026-09-19/raw-run/graph.json,engineering/archive/repository-graphify/rebuild-2026-09-19/raw-run/graph.json,historical-evidence,False,1602716,81cb36cfdd19a3cfb4c91b422f26d617b2ebb5d576567997fccf4bc2492ca5fa,move
project,docs/graphify/rebuild-2026-09-19/raw-run/manifest.json,engineering/archive/repository-graphify/rebuild-2026-09-19/raw-run/manifest.json,historical-evidence,False,524,a1e635ddc7c4a7735fec58547212caa681d27fb6d2900b49d4a0a4466074bd87,move
project,docs/graphify/rebuild-2026-09-19/raw-run/cache/last_query_stamp,engineering/archive/repository-graphify/rebuild-2026-09-19/raw-run/cache/last_query_stamp,historical-evidence,False,17,1bdbee0743ff3d6ff1358075a90634bc4d8e27b40a79aa4ac3665529a12e3b46,move
project,docs/graphify/rebuild-2026-09-19/raw-run/cache/stat-index.json,engineering/archive/repository-graphify/rebuild-2026-09-19/raw-run/cache/stat-index.json,historical-evidence,False,19818,08a4c5ab3992774ae7c9b1b249839f3da975379ee44ef20783460e4822edb0ae,move
project,docs/graphify/rebuild-2026-09-19/raw-run/cache/ast/v0.9.42/3c701f3ef44cff648447980d5e5ab562ec4b32fb0f99b1e71c8cb2590c904297.json,engineering/archive/repository-graphify/rebuild-2026-09-19/raw-run/cache/ast/v0.9.42/3c701f3ef44cff648447980d5e5ab562ec4b32fb0f99b1e71c8cb2590c904297.json,historical-evidence,False,186047,62bdaadd836630a0fd3972ce48bdfd09e4d710eb294b09327314a316123db1a0,move
project,docs/graphify/rebuild-2026-09-19/raw-run/cache/ast/v0.9.42/404ea36a44afe69ad575408215cae3c6443ab3292534ee3c9b4cbe7896f7fad4.json,engineering/archive/repository-graphify/rebuild-2026-09-19/raw-run/cache/ast/v0.9.42/404ea36a44afe69ad575408215cae3c6443ab3292534ee3c9b4cbe7896f7fad4.json,historical-evidence,False,126630,54d6e3dca12d630ca3a031f87b254f2e7192e6b8cc07f481663fcd2f385668a6,move
project,docs/graphify/rebuild-2026-09-19/raw-run/cache/ast/v0.9.42/48621b5029f053dd047ab10014705d292baa1328c1e3511c6b4d51f863d62d13.json,engineering/archive/repository-graphify/rebuild-2026-09-19/raw-run/cache/ast/v0.9.42/48621b5029f053dd047ab10014705d292baa1328c1e3511c6b4d51f863d62d13.json,historical-evidence,False,5043,084421f759baa0ea73654bbd931c9e5f7f421db83cc177db3f0e15ab7ae61327,move
project,docs/graphify/rebuild-2026-09-19/raw-run/cache/ast/v0.9.42/4906cd45302bbfab99180690d6bff55b7e6beb5eb22448147c41dbf7ad34b06b.json,engineering/archive/repository-graphify/rebuild-2026-09-19/raw-run/cache/ast/v0.9.42/4906cd45302bbfab99180690d6bff55b7e6beb5eb22448147c41dbf7ad34b06b.json,historical-evidence,False,111200,fbe668c697c52b3e34ebeac03749e9c0677678dc9e7eafa48b003eb51eb6de83,move
project,docs/graphify/rebuild-2026-09-19/raw-run/cache/ast/v0.9.42/4adcad6c8628d257f5894526b1eaab4b2e136be3a5a471cbd42d1ba15f4699f2.json,engineering/archive/repository-graphify/rebuild-2026-09-19/raw-run/cache/ast/v0.9.42/4adcad6c8628d257f5894526b1eaab4b2e136be3a5a471cbd42d1ba15f4699f2.json,historical-evidence,False,10348,9057c2fc4b88293f4e52b4b3f113d47b2c6cda23f50f54e2cc62d14a6f768b6e,move
project,docs/graphify/rebuild-2026-09-19/raw-run/cache/ast/v0.9.42/4dc10723517caf8b8ea88b036d7f778d4d6ad1796ecdd8d6eb0a69f357a6d6d0.json,engineering/archive/repository-graphify/rebuild-2026-09-19/raw-run/cache/ast/v0.9.42/4dc10723517caf8b8ea88b036d7f778d4d6ad1796ecdd8d6eb0a69f357a6d6d0.json,historical-evidence,False,39355,59a33c7773d1be3cf4649386f20fb09574e853f6180249583a9216c14880b20d,move
project,docs/graphify/rebuild-2026-09-19/raw-run/cache/ast/v0.9.42/62a0bab017e9131e8c48229520a27b7f882110841254e2ad675c5723ef2718db.json,engineering/archive/repository-graphify/rebuild-2026-09-19/raw-run/cache/ast/v0.9.42/62a0bab017e9131e8c48229520a27b7f882110841254e2ad675c5723ef2718db.json,historical-evidence,False,77082,6f8064c3a4d51fbb16ba3dc8c0225d28dc5359c292663ce449574d8c0399c755,move
project,docs/graphify/rebuild-2026-09-19/raw-run/cache/ast/v0.9.42/67fc5d76fff132963cd6f0213100725787fe0357a49f9b0c78e6f18ea8c389aa.json,engineering/archive/repository-graphify/rebuild-2026-09-19/raw-run/cache/ast/v0.9.42/67fc5d76fff132963cd6f0213100725787fe0357a49f9b0c78e6f18ea8c389aa.json,historical-evidence,False,8152,65c284f4c48e0d5f2eadc1401f98e29f630d3ac115202fc069bfbe1c7cfca479,move
project,docs/graphify/rebuild-2026-09-19/raw-run/cache/ast/v0.9.42/6a8a9f0742f70292566fe808b738ebd728e4e850d4fd54112e922197476a365a.json,engineering/archive/repository-graphify/rebuild-2026-09-19/raw-run/cache/ast/v0.9.42/6a8a9f0742f70292566fe808b738ebd728e4e850d4fd54112e922197476a365a.json,historical-evidence,False,610,3cb02c561adcfbd7aa7a91dd259ebf9d86d447bf827c0ee993585f1e7b841d0a,move
project,docs/graphify/rebuild-2026-09-19/raw-run/cache/ast/v0.9.42/a0ef83100cb4bea3f52e34b5eabe83f81a6278262d1b8fe73fd3b34c40903e9e.json,engineering/archive/repository-graphify/rebuild-2026-09-19/raw-run/cache/ast/v0.9.42/a0ef83100cb4bea3f52e34b5eabe83f81a6278262d1b8fe73fd3b34c40903e9e.json,historical-evidence,False,1030,fa8746238a2f206e91686df0ef6833dede6360555aa90a9171ad8442383910d5,move
project,docs/graphify/rebuild-2026-09-19/raw-run/cache/ast/v0.9.42/b52902d88d029d8136ed401e05f582097743340cf84daa7cbc1d2f5508b7009f.json,engineering/archive/repository-graphify/rebuild-2026-09-19/raw-run/cache/ast/v0.9.42/b52902d88d029d8136ed401e05f582097743340cf84daa7cbc1d2f5508b7009f.json,historical-evidence,False,154484,c329aa1c99337c76f57d6cf4c85028aba908b4a0f94150635e99778b4dbe4000,move
project,docs/graphify/rebuild-2026-09-19/raw-run/cache/ast/v0.9.42/b903b26bb051a83de0e18d3f99fe08a3bf1bbf288a4c9a4a7b08a040444b1ae4.json,engineering/archive/repository-graphify/rebuild-2026-09-19/raw-run/cache/ast/v0.9.42/b903b26bb051a83de0e18d3f99fe08a3bf1bbf288a4c9a4a7b08a040444b1ae4.json,historical-evidence,False,215500,227a6a1b9ae109be0c8e5be7e5bf44dc601873c84c2ba539ced87f8bf531177d,move
project,docs/graphify/rebuild-2026-09-19/raw-run/cache/ast/v0.9.42/ba4e4c200fd5859d530f74c695ffb50d05d1d3b2c087ef5d2fad4da14ad98f8f.json,engineering/archive/repository-graphify/rebuild-2026-09-19/raw-run/cache/ast/v0.9.42/ba4e4c200fd5859d530f74c695ffb50d05d1d3b2c087ef5d2fad4da14ad98f8f.json,historical-evidence,False,953,9a05e0252fe5b2cb77b1461a7118785aa704d39d876f77659549d51a196927e0,move
project,docs/graphify/rebuild-2026-09-19/raw-run/cache/ast/v0.9.42/bfd1d7a63c38c9ea5e83f5e940488470d53e923b4bbd4884f0c4fda873715bf0.json,engineering/archive/repository-graphify/rebuild-2026-09-19/raw-run/cache/ast/v0.9.42/bfd1d7a63c38c9ea5e83f5e940488470d53e923b4bbd4884f0c4fda873715bf0.json,historical-evidence,False,678,0fe81320e68f6cb62e8f570140c2eddd6dff5789796eba783026487de25d5958,move
project,docs/graphify/rebuild-2026-09-19/raw-run/cache/ast/v0.9.42/c9bbd20cf52d269464ec40dbe4266d8a3e3d9d0d16dbac5d9693334dfe6ac134.json,engineering/archive/repository-graphify/rebuild-2026-09-19/raw-run/cache/ast/v0.9.42/c9bbd20cf52d269464ec40dbe4266d8a3e3d9d0d16dbac5d9693334dfe6ac134.json,historical-evidence,False,10811,e28b8baecaeacac52888c49c5e28ae2a93c8ccc01f45c346af334bdcfc83664b,move
project,docs/graphify/rebuild-2026-09-19/raw-run/cache/ast/v0.9.42/f46cd562f9dc7c450a7a71e850ba4eecb95a71f7ce34338f1b5a5d632cf56c7d.json,engineering/archive/repository-graphify/rebuild-2026-09-19/raw-run/cache/ast/v0.9.42/f46cd562f9dc7c450a7a71e850ba4eecb95a71f7ce34338f1b5a5d632cf56c7d.json,historical-evidence,False,6427,3c532a212133e559f27d97b337a9a5cfee7f5adb8f1f8d005fff5fbbb12b013f,move
project,docs/graphify/rebuild-2026-09-23/.graphify_labels.json,engineering/archive/repository-graphify/rebuild-2026-09-23/.graphify_labels.json,historical-evidence,False,6022,b27831c7e357769cb683a664c5f21d5d149b81ee74b1bfe400076821f2d1b57d,move
project,docs/graphify/rebuild-2026-09-23/GRAPH_HEALTH.md,engineering/archive/repository-graphify/rebuild-2026-09-23/GRAPH_HEALTH.md,historical-evidence,False,4703,9a9ae2077a638a0776717f7a871d4bb41b003f84a4471b190ddb03b69e57ca12,move
project,docs/graphify/rebuild-2026-09-23/GRAPH_REPORT.md,engineering/archive/repository-graphify/rebuild-2026-09-23/GRAPH_REPORT.md,historical-evidence,False,54529,7df25cff11512b936c1c50529195220d8a16aa125428504a2ba415d707d82d9f,move
project,docs/graphify/rebuild-2026-09-23/README.md,engineering/archive/repository-graphify/rebuild-2026-09-23/README.md,historical-evidence,False,2104,15509b89a080ee9f624223c4dd84d6d040c40e18aff131a1aa13d1804fbc362b,move
project,docs/graphify/rebuild-2026-09-23/build_graph.py,engineering/archive/repository-graphify/rebuild-2026-09-23/build_graph.py,historical-evidence,False,50559,f25c3cad4e97821fdea1058603cd338cdcb25187b22dfbdf527e7003bdfb33a2,move
project,docs/graphify/rebuild-2026-09-23/cost.json,engineering/archive/repository-graphify/rebuild-2026-09-23/cost.json,historical-evidence,False,436,ebc94697fbb469c248ba3fcef1bfa6d700c3c38ffc41ed08b4e91b098d1cc63a,move
project,docs/graphify/rebuild-2026-09-23/graph-health.json,engineering/archive/repository-graphify/rebuild-2026-09-23/graph-health.json,historical-evidence,False,12771,da1ee5cb09c7c82c29020d01c7cebe15d2c274a090e43674606a86d03c3869e2,move
project,docs/graphify/rebuild-2026-09-23/graph.html,engineering/archive/repository-graphify/rebuild-2026-09-23/graph.html,historical-evidence,False,2631299,9627f8905bb703695b6a8c0ec3c880658c550c53f315d9bcde3b35c087e45de7,move
project,docs/graphify/rebuild-2026-09-23/graph.json,engineering/archive/repository-graphify/rebuild-2026-09-23/graph.json,historical-evidence,False,3295707,0a12d79e1235d6f5a6c5319b20ddbbde2ee0ac4e540eb14f157e5022d9bd3f92,move
project,docs/graphify/rebuild-2026-09-23/manifest.json,engineering/archive/repository-graphify/rebuild-2026-09-23/manifest.json,historical-evidence,False,1982,975c266d5f680ff8f6656019ead8330314db37826c160b39fd347faa9b3670d2,move
project,docs/graphify/rebuild-2026-09-23/__pycache__/build_graph.cpython-314.pyc,engineering/archive/repository-graphify/rebuild-2026-09-23/__pycache__/build_graph.cpython-314.pyc,generated-dependency-build-cache,False,54264,f90d9c58ba97aad2d7033fc87d75da8d0702eb84c7885009648078994e93a685,move
project,docs/graphify/rebuild-2026-09-23/cache/last_query_stamp,engineering/archive/repository-graphify/rebuild-2026-09-23/cache/last_query_stamp,historical-evidence,False,18,bba470080aa38fc891e196302d8cc86cd017d8a1721cb5ad2de11627513600c4,move
project,docs/graphify/rebuild-2026-09-23/raw-run/.graphify_analysis.json,engineering/archive/repository-graphify/rebuild-2026-09-23/raw-run/.graphify_analysis.json,historical-evidence,False,232692,7bc1955d6815a46cec10470fbfa1ac09589f3e0fb457ee245d829bb0e4b81ce7,move
project,docs/graphify/rebuild-2026-09-23/raw-run/.graphify_detect.json,engineering/archive/repository-graphify/rebuild-2026-09-23/raw-run/.graphify_detect.json,historical-evidence,False,12341,cb9e65871dba1fbbaef0402681ae0f5c4bd81f5ab80109f7171ea25a58d53f94,move
project,docs/graphify/rebuild-2026-09-23/raw-run/.graphify_extract.json,engineering/archive/repository-graphify/rebuild-2026-09-23/raw-run/.graphify_extract.json,historical-evidence,False,2798223,e2263e938fd866d075d958032ec096804d77a32898caff54cfa61c405b0cf41e,move
project,docs/graphify/rebuild-2026-09-23/raw-run/.graphify_extract_raw.json,engineering/archive/repository-graphify/rebuild-2026-09-23/raw-run/.graphify_extract_raw.json,historical-evidence,False,2612246,50b6499dea0dd571c67cd71ca42cc5a71f30c120164eebd07a6b3b9bcd1697b8,move
project,docs/graphify/rebuild-2026-09-23/raw-run/.graphify_scope.json,engineering/archive/repository-graphify/rebuild-2026-09-23/raw-run/.graphify_scope.json,historical-evidence,False,718,492413510c4982de0ffca3028d4ddf908b55e07823b2a0e56cdc20b58465c55d,move
project,docs/operations/Local_State.md,engineering/docs/operations/local-state.md,engineering-documentation,True,1461,ea2b15652d538f8c0a27f71657723e6aa60f61a829240a82ce923c664473548d,move
project,engine/__init__.py,engine/__init__.py,calculation-authority,True,0,e3b0c44298fc1c149afbf4c8996fb92427ae41e4649b934ca495991b7852b855,keep
project,engine/algorithms/TradingBot_Bearish_Algorithm_Reference_V5.4.19_EX1_Source_Synchronized.md,engine/algorithms/TradingBot_Bearish_Algorithm_Reference_V5.4.19_EX1_Source_Synchronized.md,calculation-authority,True,569305,109753d7d056b6b9ee173cc7f47472b53a77174d26e89f38b00b81061f310e18,keep
project,engine/algorithms/TradingBot_Bullish_Algorithm_Reference_V5.4.19_EX1_Source_Synchronized.md,engine/algorithms/TradingBot_Bullish_Algorithm_Reference_V5.4.19_EX1_Source_Synchronized.md,calculation-authority,True,569275,d3a0b89c59f1304ddefe6f6931cedf7ea2e17a15893c63d652c89489f3e6387f,keep
project,engine/bridge/__init__.py,engine/bridge/__init__.py,calculation-authority,True,64,2bc59770b9d4313c0e6306287d074487b9e1672dbaf3ada9a8be381e7123f0b8,keep
project,engine/bridge/trading_pipeline.py,engine/bridge/trading_pipeline.py,calculation-authority,True,107807,ef5109f4ebb95bc0e04b3d964b14da5f764ae4472f3d10a1a9b7192d59fec683,keep
project,engine/pipeline/__init__.py,engine/pipeline/__init__.py,calculation-authority,True,348,ca549e4cf5d9a070227498d0d210279e0f7edae66d62dadab7981cddaa1db5c3,keep
project,engine/pipeline/a_zone_detector.py,engine/pipeline/a_zone_detector.py,calculation-authority,True,31007,d7c33dd619ad7e4590027667a2c4e984c83be7b82fbfafeb5d7f944ddd521097,keep
project,engine/pipeline/blue_line_detector.py,engine/pipeline/blue_line_detector.py,calculation-authority,True,15802,6fa01d94bc98060b62bc7e68db0ec24a0b0159727d44043affee7130a9c11448,keep
project,engine/pipeline/core_utils.py,engine/pipeline/core_utils.py,calculation-authority,True,885,3dae390ae77b72965f5799f7c132c4eba203775d5e72761fd7dd60c90f8578de,keep
project,engine/pipeline/direction_policy.py,engine/pipeline/direction_policy.py,calculation-authority,True,2282,a27ac63c2f066311c9381e2ead6fb44f0789f423a37b465da65c80e6329397ea,keep
project,engine/pipeline/e_zone_detector.py,engine/pipeline/e_zone_detector.py,calculation-authority,True,44859,38834e96cc58931fe2e12096f4465ecaa046387d30fd40fecbd6891971020988,keep
project,engine/pipeline/lifecycle_engine.py,engine/pipeline/lifecycle_engine.py,calculation-authority,True,64325,94feb038e1e78b291762cfc03dfc370e48bb94f3e1fe1171b7a5206301e8be13,keep
project,engine/pipeline/order_audit_engine.py,engine/pipeline/order_audit_engine.py,calculation-authority,True,75219,09cba00c0623ffcce0d7bc3460c1e963c4e2b14fb02a9172cc25dcca8ba9aedc,keep
project,engine/pipeline/reaction_engine.py,engine/pipeline/reaction_engine.py,calculation-authority,True,103120,bea0d5a5e95ee15ad54d024f6c01b8c777ba2abcc3c8e671118f1ae2df28f2a6,keep
project,engine/pipeline/s_zone_detector.py,engine/pipeline/s_zone_detector.py,calculation-authority,True,60888,ef71a2e4176caaabc25d1ef0c1f0f24efb54ed3110982cdb7cf52d2449cca2ee,keep
project,engine/pipeline/__pycache__/a_zone_detector.cpython-314.pyc,engine/pipeline/__pycache__/a_zone_detector.cpython-314.pyc,generated-dependency-build-cache,False,34222,92ac398cf7a6d744db4982b613fadeaf854c57a4340253195f70a9f9a177480c,keep
project,engine/pipeline/__pycache__/blue_line_detector.cpython-314.pyc,engine/pipeline/__pycache__/blue_line_detector.cpython-314.pyc,generated-dependency-build-cache,False,19261,9e7514df4280be4982224bbe2564836f1aa585c5e13b611798e95739c5cedd82,keep
project,engine/pipeline/__pycache__/core_utils.cpython-314.pyc,engine/pipeline/__pycache__/core_utils.cpython-314.pyc,generated-dependency-build-cache,False,1960,63872aa3b4333e5fe357c55dc860d62cf094880236e2c21f2fb7e1c5d3a64129,keep
project,engine/pipeline/__pycache__/direction_policy.cpython-314.pyc,engine/pipeline/__pycache__/direction_policy.cpython-314.pyc,generated-dependency-build-cache,False,4243,828abf515fc4cf714d1c8ec252f9ade90996c646c482d2cc28cfae2f3d04cbfb,keep
project,engine/pipeline/__pycache__/e_zone_detector.cpython-314.pyc,engine/pipeline/__pycache__/e_zone_detector.cpython-314.pyc,generated-dependency-build-cache,False,55225,f1ef00e98687013d7e7b77949192e5ac02d333152ce67ea5726141c00288f9f5,keep
project,engine/pipeline/__pycache__/lifecycle_engine.cpython-314.pyc,engine/pipeline/__pycache__/lifecycle_engine.cpython-314.pyc,generated-dependency-build-cache,False,66244,bcdb817f2d1e164727ae377595679f59bc0ff93e1824e649c139d85dd909379a,keep
project,engine/pipeline/__pycache__/order_audit_engine.cpython-314.pyc,engine/pipeline/__pycache__/order_audit_engine.cpython-314.pyc,generated-dependency-build-cache,False,88605,f94cd8b2b3d7f63b56fa8b7b803a9b3cd673dabf35ba8a8749b8d720a537da78,keep
project,engine/pipeline/__pycache__/reaction_engine.cpython-314.pyc,engine/pipeline/__pycache__/reaction_engine.cpython-314.pyc,generated-dependency-build-cache,False,110370,d2b653535a6b0db2e5f3ba2edc02b4ef72395c797376c459a40653bfc25cf19e,keep
project,engine/pipeline/__pycache__/s_zone_detector.cpython-314.pyc,engine/pipeline/__pycache__/s_zone_detector.cpython-314.pyc,generated-dependency-build-cache,False,64093,f0e0049dd103863650766a9cbb703af2d8b63f032ccd444f90f2c48aaad1bebf,keep
project,engine/styles/reaction-detector.css,engine/styles/reaction-detector.css,calculation-authority,True,44704,98f561ed97f1cd14301c1fcac0feddc5482a1fa488e71c1ddf97fe2cd4a71a8a,keep
project,scripts/launch.bat,scripts/launch.bat,windows-startup-compatibility,True,1035,e03ef2faa0dcf4671d6f1497b976f641b782c2dbbae44db963eddb5b04a6a2b2,keep
project,scripts/start.ps1,scripts/start.ps1,windows-startup-compatibility,True,8865,ebf4372edbb152f4394b9cd77c2b5cc44189ac114e10370a49d19dd02f685d45,keep
project,tests/chart/unit/candle-export-log.test.mjs,apps/chart/tests/unit/candle-export-log.test.mjs,component-verification,False,1111,142f22a2502f35e1e39023828d26dbd806bd831aad5b7ceac219e15204aa0a57,move
project,tests/chart/unit/candle-file-response.test.mjs,apps/chart/tests/unit/candle-file-response.test.mjs,component-verification,False,1627,eac62dd32cebdf36805d713e07060d39099cb200237891483dc8a5cd45a6261b,move
project,tests/chart/unit/candle-update.test.mjs,apps/chart/tests/unit/candle-update.test.mjs,component-verification,False,6586,5cbc43fc225a1f81ae6efebde48f51bc8db08180ed63990ea6f419634a8daba4,move
project,tests/chart/unit/chart-transfer.test.mjs,apps/chart/tests/unit/chart-transfer.test.mjs,component-verification,False,4282,7e9e03a9738522662ae4dd5ab5cd9b51a2258499e8400fc3558d97961ed321ad,move
project,tests/chart/unit/chart-update-contract.test.mjs,apps/chart/tests/unit/chart-update-contract.test.mjs,component-verification,False,4383,a6b098f3d034c8c12788934548602b8aa05f4003deed612916ed0703fcbcabfa,move
project,tests/chart/unit/drawing-coordinates.test.mjs,apps/chart/tests/unit/drawing-coordinates.test.mjs,component-verification,False,535,bdb746d9d8454d9dd6de6b93c242d6babc60e0c9763fdbfb6710e24dc5e6b2be,move
project,tests/chart/unit/drawing-tools.test.mjs,apps/chart/tests/unit/drawing-tools.test.mjs,component-verification,False,875,31fcf27c7a05920b3a1ee920a51d95773073c8b0dda0d88f9fc34d17436fdb33,move
project,tests/chart/unit/faraz-candle-api.test.mjs,apps/chart/tests/unit/faraz-candle-api.test.mjs,component-verification,False,47646,6fd5afdc6579a9a4a0df2358ce8d632c36fe1e4891b9f20831a82408b8efdc9e,move
project,tests/chart/unit/faraz-symbol.test.mjs,apps/chart/tests/unit/faraz-symbol.test.mjs,component-verification,False,718,6b1cfe85aa5ad14c5c30a8b9cbb03ca61ed1021e8163dfc52c076ce9d8ccd46b,move
project,tests/chart/unit/feedback.test.mjs,apps/chart/tests/unit/feedback.test.mjs,component-verification,False,4476,111ae58b846e0fd9a96ddd118a92f2b7e95ebb2300ef20976ea1985120c1280b,move
project,tests/chart/unit/indicator-cache.test.mjs,apps/chart/tests/unit/indicator-cache.test.mjs,component-verification,False,1991,9c86eaca5664d22556fba131269d54bd4a40042c734b23552a0c6a8a3ec722f5,move
project,tests/chart/unit/indicator-calculation-request.test.mjs,apps/chart/tests/unit/indicator-calculation-request.test.mjs,component-verification,False,797,8cfe32915be989ca3c3beceea859d5fcba94801e78b91087cbd23e69448b8577,move
project,tests/chart/unit/indicator-lifecycle.test.mjs,apps/chart/tests/unit/indicator-lifecycle.test.mjs,component-verification,False,1285,f0a1955a208aa5124a2227bc91645b96b3631d8e7b16851b0b8cba93abc9d7df,move
project,tests/chart/unit/indicator-range-input.test.mjs,apps/chart/tests/unit/indicator-range-input.test.mjs,component-verification,False,7421,e22dc39d37c861cbbf22b1f5525582944e6ffaf6c5bd2b2382b594d9d4a7d0f0,move
project,tests/chart/unit/indicator-range.test.mjs,apps/chart/tests/unit/indicator-range.test.mjs,component-verification,False,954,e38c4b70d246a61c2b25f346e28e3b4f455ada0e1acd9a16111007eba976633f,move
project,tests/chart/unit/local-state-paths.test.mjs,apps/chart/tests/unit/local-state-paths.test.mjs,component-verification,False,1344,e75643e992ec8ffbb32c88aa6403d6f3d9763e5e2994e67f23154f7be96c05b0,move
project,tests/chart/unit/manual-review.test.mjs,apps/chart/tests/unit/manual-review.test.mjs,component-verification,False,11408,7d30d7edf8f8c1039f58e63891850402885e2e6057ee28f537b4d7f2f83cc466,move
project,tests/chart/unit/popover.test.mjs,apps/chart/tests/unit/popover.test.mjs,component-verification,False,2012,643bb6c579b49fbf05527e4e82e20f244e5cc4fdc8b5819c83bf1c5c0a08edad,move
project,tests/chart/unit/raw-cut.test.mjs,apps/chart/tests/unit/raw-cut.test.mjs,component-verification,False,3581,2681cbcd32f37c25cdb9a73729491f620c404ff6bb87881940441b85fe442ab7,move
project,tests/chart/unit/raw-file-contract.test.mjs,apps/chart/tests/unit/raw-file-contract.test.mjs,component-verification,False,1067,1033359673eaa7861da48462b02a675d94074d15f87a45fc0e0af3d6f3ba2c23,move
project,tests/chart/unit/raw-integrity.test.mjs,apps/chart/tests/unit/raw-integrity.test.mjs,component-verification,False,1100,d9e233aeffa4cd5f4f3293e9d20e9489351329ab84999f4ac66ba0362a3bac75,move
project,tests/chart/unit/raw-inventory.test.mjs,apps/chart/tests/unit/raw-inventory.test.mjs,component-verification,False,5026,9b6400bcd1e7d20d4408547834387f0b895c4dd47b023457460a64745b5aefcf,move
project,tests/chart/unit/raw-resource-store.test.mjs,apps/chart/tests/unit/raw-resource-store.test.mjs,component-verification,False,12461,151b72685da641960d92dcaa1b71d96e5399836ed9d6f53ddc4761304c44d4cf,move
project,tests/chart/unit/screenshot-overlay.test.mjs,apps/chart/tests/unit/screenshot-overlay.test.mjs,component-verification,False,673,d04fd36bb9f0b57f447a34768f28d3ba25ed4e5a6c8f5f9d0dc94f93819a2fcb,move
project,tests/chart/unit/symbol-format.test.mjs,apps/chart/tests/unit/symbol-format.test.mjs,component-verification,False,1164,423a0d5fa35a9429d8b8bd7db0c140e68c786d2f302b8b21c5d1c34e4e9ad6a5,move
project,tests/chart/unit/view-transform.test.mjs,apps/chart/tests/unit/view-transform.test.mjs,component-verification,False,2461,9cc3ed081e98bca134f59440d44f05b32cf0a2cd59aa7d61839fe4899a273a6b,move
project,tests/chart/unit/workspace-session.test.mjs,apps/chart/tests/unit/workspace-session.test.mjs,component-verification,False,2540,74125cb294a62386810f5d5ed99d677d3b761903a2fad781e9ba0f28188561ea,move
project,tests/chart/unit/workspace-state.test.mjs,apps/chart/tests/unit/workspace-state.test.mjs,component-verification,False,3494,50a3016c5ce3e9b80519b0333282d4c2cb8b0f0aec58e4900dd555a737fd0a0b,move
project,tests/chart/unit/zoom-config.test.mjs,apps/chart/tests/unit/zoom-config.test.mjs,component-verification,False,465,4fdc922de8b672b196bf2bd2086a5c180c2a1e225e7095643ec4634d1e991d82,move
project,tests/engine/benchmarks/bench.py,engine/tests/benchmarks/bench.py,component-verification,False,4068,813391f0e849885c88dda02bfe1a4cd1014f7d0c4333f74f1fe3f1ca0e9765af,move
project,tests/engine/benchmarks/generate_fixture.py,engine/tests/benchmarks/generate_fixture.py,component-verification,False,870,c2d46d8ea12ca8ffc076d7c416f28d3365e515d3e7c8759a04f068304fda9bf3,move
project,tests/engine/helpers/verify_order_b_raw.py,engine/tests/verification/verify_order_b_raw.py,component-verification,False,5197,f5c452439f14014e7fd16584540068d57585f80d88b59264a22cba082c2131d6,move
project,tests/engine/helpers/verify_order_references.py,engine/tests/verification/verify_order_references.py,component-verification,False,2200,13b52f2d9a1bdb5bba3a3718a53b309585a3b561a8742c1db18374c31e773596,move
project,tests/engine/regression/compare_order_regressions.py,engine/tests/regression/compare_order_regressions.py,component-verification,False,4096,ac64e5ad1699a2c68dd477c9519c4bf9ed58e036e57cdb7ca51a36b57c508937,move
project,tests/engine/regression/hpzr2_regression.py,engine/tests/regression/hpzr2_regression.py,component-verification,False,8860,a793d02803486db34ad19358e2a14094b521e5e144a5d74023097eb21a5f6750,move
project,tests/engine/regression/hpzr2_verify_saved.py,engine/tests/regression/hpzr2_verify_saved.py,component-verification,False,8483,5ae06fc467bb16dfa8bc2b1b0b559ecceaac75c1db22623488c983e7b81bb6c5,move
project,tests/engine/regression/order_regression.py,engine/tests/regression/order_regression.py,component-verification,False,7845,e44b14199ea7e5bde13c0e7af34251fbb26e8da8207e3b508875457dbc0053a2,move
project,tests/engine/unit/test_order_audit_lifecycle_contracts.py,engine/tests/unit/test_order_audit_lifecycle_contracts.py,component-verification,False,9244,52b5e52398300541329afc860eb22bda887c49887e360bafa8e8a67bc5e91b33,move
project,tests/engine/unit/test_order_b_reset_leg.py,engine/tests/unit/test_order_b_reset_leg.py,component-verification,False,9615,09909369dda43ef938712d85cb780c29f5400afd078c34f50c691e199a433775,move
external,archive/docs/AGEN.md,engineering/archive/docs/AGEN.md,historical-evidence,False,108620,6550d9c63e227c60b767eff731cc610f7a453400a01b82fc0b38eb0624c37b20,move
external,archive/docs/Complete Project Engineering Audit.md,engineering/archive/docs/Complete Project Engineering Audit.md,historical-evidence,False,55560,7a45eb49dbe2cb4b9d94f45643317b0b97353057f3ff68abc11bc616d3cd5c4b,move
external,archive/docs/TradingBot_Bearish_Algorithm_Reference.md,engineering/archive/docs/TradingBot_Bearish_Algorithm_Reference.md,historical-evidence,False,37419,7a9c5ad129bfe8c0c5370f4463bda8402189af559ba78302f7f47bb9a634b1e2,move
external,archive/docs/TradingBot_Bullish_Algorithm_Reference.md,engineering/archive/docs/TradingBot_Bullish_Algorithm_Reference.md,historical-evidence,False,17609,fbd63d9c1d0524cab9472c960d83de05ce61dc620c75dbe83417e810efec9338,move
external,archive/docs/hpzr2-regression-2026-09-23/README.md,engineering/archive/docs/hpzr2-regression-2026-09-23/README.md,historical-evidence,False,5676,78c0232fcec2411c9d13c1e48b00376fa7aa4f40d03edc1112c1d851fa521b2e,move
external,archive/docs/hpzr2-regression-2026-09-23/frozen-baseline-source.zip,engineering/archive/docs/hpzr2-regression-2026-09-23/frozen-baseline-source.zip,historical-evidence,False,102055,080e7ea2264ae109b14de3c0a34823d1b212c1ea0aaed3045124f794267fec03,move
external,archive/docs/hpzr2-regression-2026-09-23/production-change.diff,engineering/archive/docs/hpzr2-regression-2026-09-23/production-change.diff,historical-evidence,False,677,5c4cf7cc4d7ffe2f390b8a656464e9b392695d442ee0251ef030742b90887b91,move
external,archive/docs/hpzr2-regression-2026-09-23/summary.json,engineering/archive/docs/hpzr2-regression-2026-09-23/summary.json,historical-evidence,False,13202,a219956670799bffa4009dbc38fe4a9e2cef00959710bcb4003217e982033db6,move
external,archive/docs/hpzr2-regression-2026-09-23/bridge-output/case-01.baseline.json.gz,engineering/archive/docs/hpzr2-regression-2026-09-23/bridge-output/case-01.baseline.json.gz,historical-evidence,False,70562,301a4a4e0444adefa843a2c603ba9baaef75b34aefaa52187c752b0c601d8162,move
external,archive/docs/hpzr2-regression-2026-09-23/bridge-output/case-01.candidate.json.gz,engineering/archive/docs/hpzr2-regression-2026-09-23/bridge-output/case-01.candidate.json.gz,historical-evidence,False,70563,6ec19e256d2fa23bae68a4ff8aa2bd78d7bf32cbc65a455d254fc83e44b730c1,move
external,archive/docs/hpzr2-regression-2026-09-23/bridge-output/case-02.baseline.json.gz,engineering/archive/docs/hpzr2-regression-2026-09-23/bridge-output/case-02.baseline.json.gz,historical-evidence,False,173302,11b1b55de438a214bdab9f1d64bba18699217105bd6c6735105d2951eeb4ba00,move
external,archive/docs/hpzr2-regression-2026-09-23/bridge-output/case-02.candidate.json.gz,engineering/archive/docs/hpzr2-regression-2026-09-23/bridge-output/case-02.candidate.json.gz,historical-evidence,False,173303,565a1a78222fa075d5ac32ddf4f1e6e4f77ee57c9fd86f005fd46c978938a0f1,move
external,archive/docs/hpzr2-regression-2026-09-23/bridge-output/case-03.baseline.json.gz,engineering/archive/docs/hpzr2-regression-2026-09-23/bridge-output/case-03.baseline.json.gz,historical-evidence,False,262633,8e5f76a72fd0485932ac382cafa778447ee8e19185c3c63de5432a02a16a2615,move
external,archive/docs/hpzr2-regression-2026-09-23/bridge-output/case-03.candidate.json.gz,engineering/archive/docs/hpzr2-regression-2026-09-23/bridge-output/case-03.candidate.json.gz,historical-evidence,False,262634,1b17c3638f63ff26673b1489ba0721e1d138fe3acffa573bf4f1309f6e348355,move
external,archive/docs/hpzr2-regression-2026-09-23/bridge-output/case-04.baseline.json.gz,engineering/archive/docs/hpzr2-regression-2026-09-23/bridge-output/case-04.baseline.json.gz,historical-evidence,False,166943,ab98babf67f86826473c1173f693cac098e1545b4ee6dd5ccb1f775aa92d2d05,move
external,archive/docs/hpzr2-regression-2026-09-23/bridge-output/case-04.candidate.json.gz,engineering/archive/docs/hpzr2-regression-2026-09-23/bridge-output/case-04.candidate.json.gz,historical-evidence,False,166944,4c559ac92f18d436fedab59acada95e0c7a2ad7eafc4dfed48e60ebb0cbc8549,move
external,archive/docs/hpzr2-regression-2026-09-23/bridge-output/case-05.baseline.json.gz,engineering/archive/docs/hpzr2-regression-2026-09-23/bridge-output/case-05.baseline.json.gz,historical-evidence,False,847309,bf7efa6660a9b898d124c8ba2b0e2e19a77cca45d114aca5b6e0ebf25c1aeea1,move
external,archive/docs/hpzr2-regression-2026-09-23/bridge-output/case-05.candidate.json.gz,engineering/archive/docs/hpzr2-regression-2026-09-23/bridge-output/case-05.candidate.json.gz,historical-evidence,False,847310,9234742807f5e5216fa8822674ad564c66dca9ca482a0e36492b1ddf7fca763d,move
external,archive/docs/hpzr2-regression-2026-09-23/bridge-output/manifest.json,engineering/archive/docs/hpzr2-regression-2026-09-23/bridge-output/manifest.json,historical-evidence,False,58437,32973a9ab25d49eed9fb90f47d1131100bcc46187e4145c4cf62bdb5fa1f0fac,move
external,archive/docs/hpzr2-regression-2026-09-23/bridge-output-large/case-01.baseline.json.gz,engineering/archive/docs/hpzr2-regression-2026-09-23/bridge-output-large/case-01.baseline.json.gz,historical-evidence,False,1646393,99353d1998af25633bddd62c1cd0c88c7596712cc432794373d0e6f445bd0b25,move
external,archive/docs/hpzr2-regression-2026-09-23/bridge-output-large/case-01.candidate.json.gz,engineering/archive/docs/hpzr2-regression-2026-09-23/bridge-output-large/case-01.candidate.json.gz,historical-evidence,False,1646394,915f992a0b5cfcb8f539f9ad03eb852b5a3b528c5dad18abc528c67758518fc3,move
external,archive/docs/hpzr2-regression-2026-09-23/bridge-output-large/case-02.baseline.json.gz,engineering/archive/docs/hpzr2-regression-2026-09-23/bridge-output-large/case-02.baseline.json.gz,historical-evidence,False,608955,6ebe96947aa2b6c7e88c7ee2cc257632d80c07ffe2061989b4c380d726e40d89,move
external,archive/docs/hpzr2-regression-2026-09-23/bridge-output-large/case-02.candidate.json.gz,engineering/archive/docs/hpzr2-regression-2026-09-23/bridge-output-large/case-02.candidate.json.gz,historical-evidence,False,608956,07105fbdc10e353c65009faf14de67cab9948619e566ad0c094b5321143956b9,move
external,archive/docs/hpzr2-regression-2026-09-23/bridge-output-large/manifest.json,engineering/archive/docs/hpzr2-regression-2026-09-23/bridge-output-large/manifest.json,historical-evidence,False,24901,b62f6510de14a8ee44e9020e7cccebfb79fabbafaca6df2bccfee54477ce1a13,move
external,archive/docs/hpzr2-regression-2026-09-23/default/case-01.baseline.json.gz,engineering/archive/docs/hpzr2-regression-2026-09-23/default/case-01.baseline.json.gz,historical-evidence,False,40227,62c3e47e8f726c9a13936f78219257ab76fc6383c1c1d460ba4d26c3cb16abd1,move
external,archive/docs/hpzr2-regression-2026-09-23/default/case-01.candidate.json.gz,engineering/archive/docs/hpzr2-regression-2026-09-23/default/case-01.candidate.json.gz,historical-evidence,False,40228,57760765bef1445b2a4990ad28662a362a762df6c09fd3cfbd68adc09dc4d378,move
external,archive/docs/hpzr2-regression-2026-09-23/default/case-02.baseline.json.gz,engineering/archive/docs/hpzr2-regression-2026-09-23/default/case-02.baseline.json.gz,historical-evidence,False,100008,a5c53a57bc709a62680097d003f12faca78c0165834b1bccef72a4b9e455c941,move
external,archive/docs/hpzr2-regression-2026-09-23/default/case-02.candidate.json.gz,engineering/archive/docs/hpzr2-regression-2026-09-23/default/case-02.candidate.json.gz,historical-evidence,False,100009,3e5ba553437237d3f2db646ec4ce5032361f4be159a52f635cfa9f8d97f57e87,move
external,archive/docs/hpzr2-regression-2026-09-23/default/case-03.baseline.json.gz,engineering/archive/docs/hpzr2-regression-2026-09-23/default/case-03.baseline.json.gz,historical-evidence,False,150338,957e9490023634093a3f8f556b5a78e89dbf8a2cf6a77826937aa546866e28cd,move
external,archive/docs/hpzr2-regression-2026-09-23/default/case-03.candidate.json.gz,engineering/archive/docs/hpzr2-regression-2026-09-23/default/case-03.candidate.json.gz,historical-evidence,False,150339,39c8f492bf0004ea8abc237f3985a8a3e43db70855cee90f42f3dd853b8a64f2,move
external,archive/docs/hpzr2-regression-2026-09-23/default/case-04.baseline.json.gz,engineering/archive/docs/hpzr2-regression-2026-09-23/default/case-04.baseline.json.gz,historical-evidence,False,95625,f0df2c936ab756fb8ef220399a44964fc5c3495a11c7175ad78a76a2c474079b,move
external,archive/docs/hpzr2-regression-2026-09-23/default/case-04.candidate.json.gz,engineering/archive/docs/hpzr2-regression-2026-09-23/default/case-04.candidate.json.gz,historical-evidence,False,95626,4c34e72eba76567d9c277a92d2a97d7f7376e400995cf5cbbd0be9473cf03de4,move
external,archive/docs/hpzr2-regression-2026-09-23/default/case-05.baseline.json.gz,engineering/archive/docs/hpzr2-regression-2026-09-23/default/case-05.baseline.json.gz,historical-evidence,False,479932,6f0094d7ab0e4d52ec062745e19b222fe0feacdb448dc0e6d2b4686b1eccf65f,move
external,archive/docs/hpzr2-regression-2026-09-23/default/case-05.candidate.json.gz,engineering/archive/docs/hpzr2-regression-2026-09-23/default/case-05.candidate.json.gz,historical-evidence,False,479933,e25d107ce522eac284d3cf77067a5f5a1c9285e4c093b50cb9dfecb495a947e6,move
external,archive/docs/hpzr2-regression-2026-09-23/default/case-06.baseline.json.gz,engineering/archive/docs/hpzr2-regression-2026-09-23/default/case-06.baseline.json.gz,historical-evidence,False,933916,faaae1644d5549346de0095224ad660ace6dcd3b1a3156c03492d7441204b6bf,move
external,archive/docs/hpzr2-regression-2026-09-23/default/case-06.candidate.json.gz,engineering/archive/docs/hpzr2-regression-2026-09-23/default/case-06.candidate.json.gz,historical-evidence,False,933917,0e3f79f052792b600c45060e96e6993bd393cc8b6427132757c96b29d947cad9,move
external,archive/docs/hpzr2-regression-2026-09-23/default/case-07.baseline.json.gz,engineering/archive/docs/hpzr2-regression-2026-09-23/default/case-07.baseline.json.gz,historical-evidence,False,344952,c1a0632e9e62cf1f37cfbe47fa9ddbcd7075ef9c08cb360731b310073807bfbf,move
external,archive/docs/hpzr2-regression-2026-09-23/default/case-07.candidate.json.gz,engineering/archive/docs/hpzr2-regression-2026-09-23/default/case-07.candidate.json.gz,historical-evidence,False,344953,ac1f085fb6826cc3370d913b504818361b126c401a0ce5c7230f31bd426c5976,move
external,archive/docs/hpzr2-regression-2026-09-23/default/manifest.json,engineering/archive/docs/hpzr2-regression-2026-09-23/default/manifest.json,historical-evidence,False,75137,8b7f6ecbe7648577206455998de636fefd11bf97a7cf45a5f8542e0c24e94a51,move
external,archive/docs/hpzr2-regression-2026-09-23/smoke-default/case-01.baseline.json.gz,engineering/archive/docs/hpzr2-regression-2026-09-23/smoke-default/case-01.baseline.json.gz,historical-evidence,False,40227,462ecc35afd3462c087e2ee380f72c8d282c9577ba807692e9a0233bd1705b5a,move
external,archive/docs/hpzr2-regression-2026-09-23/smoke-default/case-01.candidate.json.gz,engineering/archive/docs/hpzr2-regression-2026-09-23/smoke-default/case-01.candidate.json.gz,historical-evidence,False,40228,24d75060dd8d44ca7a01a1e9cd2b05fdd9e57301a9a6feb90afb2d1f9a694ff0,move
external,archive/docs/hpzr2-regression-2026-09-23/smoke-default/manifest.json,engineering/archive/docs/hpzr2-regression-2026-09-23/smoke-default/manifest.json,historical-evidence,False,12464,a6255f9eabcc7fd281e013030a1ff8a1338199d90caffaf885e17facf3ac1fb3,move
external,archive/docs/hpzr2-regression-2026-09-23/synthetic-benchmark/repeat-baseline-1.normalized.json,engineering/archive/docs/hpzr2-regression-2026-09-23/synthetic-benchmark/repeat-baseline-1.normalized.json,historical-evidence,False,873743,3b507f60e4e283ae7dc335bd1c518294d06fec3b2e9b9fb8afaf9919ced8721c,move
external,archive/docs/hpzr2-regression-2026-09-23/synthetic-benchmark/repeat-baseline-1.summary.json,engineering/archive/docs/hpzr2-regression-2026-09-23/synthetic-benchmark/repeat-baseline-1.summary.json,historical-evidence,False,2149,249cb2d8dd632a545f6d2594614220ca9f9ebe907f8ab5c99b6b84385a1f3b36,move
external,archive/docs/hpzr2-regression-2026-09-23/synthetic-benchmark/repeat-baseline-2.summary.json,engineering/archive/docs/hpzr2-regression-2026-09-23/synthetic-benchmark/repeat-baseline-2.summary.json,historical-evidence,False,2146,74f404e5ffe12acd492bf9d4d11dbce84c0e64bb47dc80975db27e73e792a50a,move
external,archive/docs/hpzr2-regression-2026-09-23/synthetic-benchmark/repeat-baseline-3.summary.json,engineering/archive/docs/hpzr2-regression-2026-09-23/synthetic-benchmark/repeat-baseline-3.summary.json,historical-evidence,False,2147,728b3c3bb5495d710d625529932bfaebb39b1ab857b559c14f34da90285ef642,move
external,archive/docs/hpzr2-regression-2026-09-23/synthetic-benchmark/repeat-default-baseline-1.normalized.json,engineering/archive/docs/hpzr2-regression-2026-09-23/synthetic-benchmark/repeat-default-baseline-1.normalized.json,historical-evidence,False,395712,2d8ab57a33d3cf793db68a6308ea8185b7759c7a2ec980f4a1254c95176ba89f,move
external,archive/docs/hpzr2-regression-2026-09-23/synthetic-benchmark/repeat-default-baseline-1.summary.json,engineering/archive/docs/hpzr2-regression-2026-09-23/synthetic-benchmark/repeat-default-baseline-1.summary.json,historical-evidence,False,2146,154a9f32ff3a44abeda8650ff05c1f5f7ef04cbf458b7caaae0490808f0ebf24,move
external,archive/docs/hpzr2-regression-2026-09-23/synthetic-benchmark/repeat-default-baseline-2.summary.json,engineering/archive/docs/hpzr2-regression-2026-09-23/synthetic-benchmark/repeat-default-baseline-2.summary.json,historical-evidence,False,2144,bcd0dde797c6bc6a780a05bbcdb47d089d0fbedbcbfe398c56ba359f4cf2a520,move
external,archive/docs/hpzr2-regression-2026-09-23/synthetic-benchmark/repeat-default-baseline-3.summary.json,engineering/archive/docs/hpzr2-regression-2026-09-23/synthetic-benchmark/repeat-default-baseline-3.summary.json,historical-evidence,False,2142,321a3c80a8739e54881c60f5087795fd7fba77d479852b31ec8a8ffe32098ab6,move
external,archive/docs/hpzr2-regression-2026-09-23/synthetic-benchmark/repeat-default-optimized-1.normalized.json,engineering/archive/docs/hpzr2-regression-2026-09-23/synthetic-benchmark/repeat-default-optimized-1.normalized.json,historical-evidence,False,395712,2d8ab57a33d3cf793db68a6308ea8185b7759c7a2ec980f4a1254c95176ba89f,move
external,archive/docs/hpzr2-regression-2026-09-23/synthetic-benchmark/repeat-default-optimized-1.summary.json,engineering/archive/docs/hpzr2-regression-2026-09-23/synthetic-benchmark/repeat-default-optimized-1.summary.json,historical-evidence,False,2136,1f299aecf604af3a2337a0b96c786e014c81e45041bf3268e4a923355a7317c0,move
external,archive/docs/hpzr2-regression-2026-09-23/synthetic-benchmark/repeat-default-optimized-2.summary.json,engineering/archive/docs/hpzr2-regression-2026-09-23/synthetic-benchmark/repeat-default-optimized-2.summary.json,historical-evidence,False,2135,1835d4b25d0a1fa583069c75aa6dda90ddffd5f9d61013303ca349db21fb7396,move
external,archive/docs/hpzr2-regression-2026-09-23/synthetic-benchmark/repeat-default-optimized-3.summary.json,engineering/archive/docs/hpzr2-regression-2026-09-23/synthetic-benchmark/repeat-default-optimized-3.summary.json,historical-evidence,False,2144,cd5392aff7bf3a6fafb842fbc3358a377d6d62add628bcea92b8c3e4df7b7fe5,move
external,archive/docs/hpzr2-regression-2026-09-23/synthetic-benchmark/repeat-optimized-1.normalized.json,engineering/archive/docs/hpzr2-regression-2026-09-23/synthetic-benchmark/repeat-optimized-1.normalized.json,historical-evidence,False,873743,3b507f60e4e283ae7dc335bd1c518294d06fec3b2e9b9fb8afaf9919ced8721c,move
external,archive/docs/hpzr2-regression-2026-09-23/synthetic-benchmark/repeat-optimized-1.summary.json,engineering/archive/docs/hpzr2-regression-2026-09-23/synthetic-benchmark/repeat-optimized-1.summary.json,historical-evidence,False,2146,a3f0f7749ed404991f0e4300c86ea9eb2a52ba61292cb0a81be1b60644636cc5,move
external,archive/docs/hpzr2-regression-2026-09-23/synthetic-benchmark/repeat-optimized-2.summary.json,engineering/archive/docs/hpzr2-regression-2026-09-23/synthetic-benchmark/repeat-optimized-2.summary.json,historical-evidence,False,2145,655aa15af71a52454c5fa6208e11fb6dac70f9c85de713c3ade3f77af62a9458,move
external,archive/docs/hpzr2-regression-2026-09-23/synthetic-benchmark/repeat-optimized-3.summary.json,engineering/archive/docs/hpzr2-regression-2026-09-23/synthetic-benchmark/repeat-optimized-3.summary.json,historical-evidence,False,2142,65a05489f97a3e8f93d71b2f001b3973014af7d5d1fa1e648c8e2d9db45db4bd,move
external,archive/docs/hpzr2-regression-2026-09-23/synthetic-benchmark/synthetic-60000.json,engineering/archive/docs/hpzr2-regression-2026-09-23/synthetic-benchmark/synthetic-60000.json,historical-evidence,False,5263382,a374b64968888d04b792dcef3a114004df1ec2bed731b8b69d8864273993be5d,move
external,archive/docs/order-architecture-2026-09-27/phase1-engine-source.zip,engineering/archive/docs/order-architecture-2026-09-27/phase1-engine-source.zip,historical-evidence,False,315320,5eb8c5fb8a011d1a6e1b0fc23f26f2676f6c50b7c56fe558d5c9cf84f3bc7bb9,move
external,archive/docs/order-architecture-2026-09-27/PHASE_1_DIAGNOSTIC_INTERRUPTED/case-01.json.gz,engineering/archive/docs/order-architecture-2026-09-27/PHASE_1_DIAGNOSTIC_INTERRUPTED/case-01.json.gz,historical-evidence,False,603870,c4d99ce5f01f9093286e8519c02d88554330a2d8c9681cfa6dc995053408f1b1,move
external,archive/docs/order-architecture-2026-09-27/PHASE_1_DIAGNOSTIC_INTERRUPTED/case-01.stderr.log,engineering/archive/docs/order-architecture-2026-09-27/PHASE_1_DIAGNOSTIC_INTERRUPTED/case-01.stderr.log,historical-evidence,False,9409,3e84555065d3081d761f7f434c6d37fcd830fd92ffeca4140b93d946bb46cb72,move
external,archive/docs/order-architecture-2026-09-27/PHASE_1_DIAGNOSTIC_INTERRUPTED/case-02.json.gz,engineering/archive/docs/order-architecture-2026-09-27/PHASE_1_DIAGNOSTIC_INTERRUPTED/case-02.json.gz,historical-evidence,False,167248,fea543fc94c7b135b186af983545b910ace424016e1db5a614fc99fb519158e2,move
external,archive/docs/order-architecture-2026-09-27/PHASE_1_DIAGNOSTIC_INTERRUPTED/case-02.stderr.log,engineering/archive/docs/order-architecture-2026-09-27/PHASE_1_DIAGNOSTIC_INTERRUPTED/case-02.stderr.log,historical-evidence,False,9377,54d885ae16014fd5ff984704598d528ba7c9bf495757646e905ddf285bf31685,move
external,archive/docs/order-architecture-2026-09-27/PHASE_1_DIAGNOSTIC_INTERRUPTED/case-03.json,engineering/archive/docs/order-architecture-2026-09-27/PHASE_1_DIAGNOSTIC_INTERRUPTED/case-03.json,historical-evidence,False,0,e3b0c44298fc1c149afbf4c8996fb92427ae41e4649b934ca495991b7852b855,move
external,archive/docs/order-architecture-2026-09-27/PHASE_1_DIAGNOSTIC_INTERRUPTED/case-03.stderr.log,engineering/archive/docs/order-architecture-2026-09-27/PHASE_1_DIAGNOSTIC_INTERRUPTED/case-03.stderr.log,historical-evidence,False,9371,f9435ba793c3e693b9950c58cff53d8fa59807a2afe9a2e5bd6c6c62d7961f44,move
external,archive/docs/order-architecture-2026-09-27/PHASE_1_DIAGNOSTIC_INTERRUPTED/manifest.json,engineering/archive/docs/order-architecture-2026-09-27/PHASE_1_DIAGNOSTIC_INTERRUPTED/manifest.json,historical-evidence,False,9046,2d1b77acd03023801f0ff80b0cb2cc64ed73533e8b1af8f78970d6b724145eb7,move
external,archive/docs/order-architecture-2026-09-27/PHASE_1_FINAL_BASELINE/case-01.json.gz,engineering/archive/docs/order-architecture-2026-09-27/PHASE_1_FINAL_BASELINE/case-01.json.gz,historical-evidence,False,604875,967f06a3a1f2632adbbfcac90bf696d549d05be2ba2750565cf62918b724d61a,move
external,archive/docs/order-architecture-2026-09-27/PHASE_1_FINAL_BASELINE/case-01.stderr.log,engineering/archive/docs/order-architecture-2026-09-27/PHASE_1_FINAL_BASELINE/case-01.stderr.log,historical-evidence,False,9407,9c9d5b254bc27e628379f84fbb8f670a406df6b1f1f688dad176ad3dce6b8ccd,move
external,archive/docs/order-architecture-2026-09-27/PHASE_1_FINAL_BASELINE/case-02.json.gz,engineering/archive/docs/order-architecture-2026-09-27/PHASE_1_FINAL_BASELINE/case-02.json.gz,historical-evidence,False,167776,c6dda545828c81fb955ab9a55ab60b463c59bb04eb3d64a02362a25bbca2663e,move
external,archive/docs/order-architecture-2026-09-27/PHASE_1_FINAL_BASELINE/case-02.stderr.log,engineering/archive/docs/order-architecture-2026-09-27/PHASE_1_FINAL_BASELINE/case-02.stderr.log,historical-evidence,False,9378,88c4c6ee1eeac297f2c329b5a91bdeb66e869e70bbb1058ae0a36236f8678738,move
external,archive/docs/order-architecture-2026-09-27/PHASE_1_FINAL_BASELINE/case-03.json.gz,engineering/archive/docs/order-architecture-2026-09-27/PHASE_1_FINAL_BASELINE/case-03.json.gz,historical-evidence,False,1618733,9139ca7d47662246e82c3ca2d4793a934c7218b6ec661a62dca921d30d85474c,move
external,archive/docs/order-architecture-2026-09-27/PHASE_1_FINAL_BASELINE/case-03.stderr.log,engineering/archive/docs/order-architecture-2026-09-27/PHASE_1_FINAL_BASELINE/case-03.stderr.log,historical-evidence,False,10994,dfff0a4f8848467dc614ac68197c130f4a60a6837b750a21df9032b454b299e9,move
external,archive/docs/order-architecture-2026-09-27/PHASE_1_FINAL_BASELINE/case-04.json.gz,engineering/archive/docs/order-architecture-2026-09-27/PHASE_1_FINAL_BASELINE/case-04.json.gz,historical-evidence,False,836313,5cdf63e885a7a58df682b2f847de1744a8a480e5a56ac7042e54483834fd4fda,move
external,archive/docs/order-architecture-2026-09-27/PHASE_1_FINAL_BASELINE/case-04.stderr.log,engineering/archive/docs/order-architecture-2026-09-27/PHASE_1_FINAL_BASELINE/case-04.stderr.log,historical-evidence,False,10199,740576136db40f0a857b4d5d0a0a96a6d1db299f36532ef50d7e2a122f532c19,move
external,archive/docs/order-architecture-2026-09-27/PHASE_1_FINAL_BASELINE/case-05.json.gz,engineering/archive/docs/order-architecture-2026-09-27/PHASE_1_FINAL_BASELINE/case-05.json.gz,historical-evidence,False,71184,0d22b68b8ae9ebdfaa982352a2b9bdd4ec89cd4c7d85fb9ed76c58371f856b5f,move
external,archive/docs/order-architecture-2026-09-27/PHASE_1_FINAL_BASELINE/case-05.stderr.log,engineering/archive/docs/order-architecture-2026-09-27/PHASE_1_FINAL_BASELINE/case-05.stderr.log,historical-evidence,False,8120,74e6985496dd1b6ffeca2f1f3d77b2fe5ae4d631a7430a62c8b3e4187367d712,move
external,archive/docs/order-architecture-2026-09-27/PHASE_1_FINAL_BASELINE/case-06.json.gz,engineering/archive/docs/order-architecture-2026-09-27/PHASE_1_FINAL_BASELINE/case-06.json.gz,historical-evidence,False,133489,8d4fb9efa1ef521138b003c89d039912dbc350e626436920fe8d2d080a7f1ee7,move
external,archive/docs/order-architecture-2026-09-27/PHASE_1_FINAL_BASELINE/case-06.stderr.log,engineering/archive/docs/order-architecture-2026-09-27/PHASE_1_FINAL_BASELINE/case-06.stderr.log,historical-evidence,False,10125,9f30f9ea0acbbf669557da9983398ffc960bee0e02b3d8235e81ec31719aedcb,move
external,archive/docs/order-architecture-2026-09-27/PHASE_1_FINAL_BASELINE/case-07.json.gz,engineering/archive/docs/order-architecture-2026-09-27/PHASE_1_FINAL_BASELINE/case-07.json.gz,historical-evidence,False,269821,9dae8ab14e4419438f0557c1d769649b5cc0d17ea25a9b9919b18d234f2cfbb1,move
external,archive/docs/order-architecture-2026-09-27/PHASE_1_FINAL_BASELINE/case-07.stderr.log,engineering/archive/docs/order-architecture-2026-09-27/PHASE_1_FINAL_BASELINE/case-07.stderr.log,historical-evidence,False,10148,a9e32e40f245371a3550d19fb4d058dd8e3e0ca5b03a2063452053f675eb7da1,move
external,archive/docs/order-architecture-2026-09-27/PHASE_1_FINAL_BASELINE/case-08.json.gz,engineering/archive/docs/order-architecture-2026-09-27/PHASE_1_FINAL_BASELINE/case-08.json.gz,historical-evidence,False,178222,04134e4d020e7460ec0e12b644094164dff814f71a595f78bea7022db3d64a44,move
external,archive/docs/order-architecture-2026-09-27/PHASE_1_FINAL_BASELINE/case-08.stderr.log,engineering/archive/docs/order-architecture-2026-09-27/PHASE_1_FINAL_BASELINE/case-08.stderr.log,historical-evidence,False,10136,2b192a57c3a13be21814bc62b64659f26719f924aecc03fa4d1557517ae5d044,move
external,archive/docs/order-architecture-2026-09-27/PHASE_1_FINAL_BASELINE/case-09.json.gz,engineering/archive/docs/order-architecture-2026-09-27/PHASE_1_FINAL_BASELINE/case-09.json.gz,historical-evidence,False,148107,dd509314f36859e2ce76ef70062ba2bec62668990164dbc5d23d3b95acd1f305,move
external,archive/docs/order-architecture-2026-09-27/PHASE_1_FINAL_BASELINE/case-09.stderr.log,engineering/archive/docs/order-architecture-2026-09-27/PHASE_1_FINAL_BASELINE/case-09.stderr.log,historical-evidence,False,9456,d8b6e9f7aa17804698a4f17c1ec28c3e8304e897628896eb9797e1a4a52bcffb,move
external,archive/docs/order-architecture-2026-09-27/PHASE_1_FINAL_BASELINE/manifest.json,engineering/archive/docs/order-architecture-2026-09-27/PHASE_1_FINAL_BASELINE/manifest.json,historical-evidence,False,34521,1ac7a0c3ad74ea148c4559e0d71351c7814dc8d1c7940a5d62519cb68d699cf1,move
external,archive/docs/order-architecture-2026-09-27/PHASE_2_FINAL_REGRESSION/case-01.json.gz,engineering/archive/docs/order-architecture-2026-09-27/PHASE_2_FINAL_REGRESSION/case-01.json.gz,historical-evidence,False,604875,967f06a3a1f2632adbbfcac90bf696d549d05be2ba2750565cf62918b724d61a,move
external,archive/docs/order-architecture-2026-09-27/PHASE_2_FINAL_REGRESSION/case-01.stderr.log,engineering/archive/docs/order-architecture-2026-09-27/PHASE_2_FINAL_REGRESSION/case-01.stderr.log,historical-evidence,False,9396,5b198c9870a9a36b13e06b85126cc4eafb31e94a702584e82f36ca1d6f26b2a8,move
external,archive/docs/order-architecture-2026-09-27/PHASE_2_FINAL_REGRESSION/case-02.json.gz,engineering/archive/docs/order-architecture-2026-09-27/PHASE_2_FINAL_REGRESSION/case-02.json.gz,historical-evidence,False,167776,c6dda545828c81fb955ab9a55ab60b463c59bb04eb3d64a02362a25bbca2663e,move
external,archive/docs/order-architecture-2026-09-27/PHASE_2_FINAL_REGRESSION/case-02.stderr.log,engineering/archive/docs/order-architecture-2026-09-27/PHASE_2_FINAL_REGRESSION/case-02.stderr.log,historical-evidence,False,9354,08f1c7ec7a847690c671415ae2dc89549c4b893344a2738b537eb24e3786d161,move
external,archive/docs/order-architecture-2026-09-27/PHASE_2_FINAL_REGRESSION/case-03.json.gz,engineering/archive/docs/order-architecture-2026-09-27/PHASE_2_FINAL_REGRESSION/case-03.json.gz,historical-evidence,False,1618733,9139ca7d47662246e82c3ca2d4793a934c7218b6ec661a62dca921d30d85474c,move
external,archive/docs/order-architecture-2026-09-27/PHASE_2_FINAL_REGRESSION/case-03.stderr.log,engineering/archive/docs/order-architecture-2026-09-27/PHASE_2_FINAL_REGRESSION/case-03.stderr.log,historical-evidence,False,10979,e91f5a2d49e6cc9e8a728249fd03c8f18badf6d5396e2f342eccbbe32eced6d9,move
external,archive/docs/order-architecture-2026-09-27/PHASE_2_FINAL_REGRESSION/case-04.json.gz,engineering/archive/docs/order-architecture-2026-09-27/PHASE_2_FINAL_REGRESSION/case-04.json.gz,historical-evidence,False,836313,5cdf63e885a7a58df682b2f847de1744a8a480e5a56ac7042e54483834fd4fda,move
external,archive/docs/order-architecture-2026-09-27/PHASE_2_FINAL_REGRESSION/case-04.stderr.log,engineering/archive/docs/order-architecture-2026-09-27/PHASE_2_FINAL_REGRESSION/case-04.stderr.log,historical-evidence,False,10176,38b369216e887a9607ff892d3aa3b4ba58c7524a5da098a7e2121494d9235744,move
external,archive/docs/order-architecture-2026-09-27/PHASE_2_FINAL_REGRESSION/case-05.json.gz,engineering/archive/docs/order-architecture-2026-09-27/PHASE_2_FINAL_REGRESSION/case-05.json.gz,historical-evidence,False,71184,0d22b68b8ae9ebdfaa982352a2b9bdd4ec89cd4c7d85fb9ed76c58371f856b5f,move
external,archive/docs/order-architecture-2026-09-27/PHASE_2_FINAL_REGRESSION/case-05.stderr.log,engineering/archive/docs/order-architecture-2026-09-27/PHASE_2_FINAL_REGRESSION/case-05.stderr.log,historical-evidence,False,8120,e2e86617e6633ab85cb8f01a9c3467dccb89f7ea6be91fac2fe9ec180def23a5,move
external,archive/docs/order-architecture-2026-09-27/PHASE_2_FINAL_REGRESSION/case-06.json.gz,engineering/archive/docs/order-architecture-2026-09-27/PHASE_2_FINAL_REGRESSION/case-06.json.gz,historical-evidence,False,133489,8d4fb9efa1ef521138b003c89d039912dbc350e626436920fe8d2d080a7f1ee7,move
external,archive/docs/order-architecture-2026-09-27/PHASE_2_FINAL_REGRESSION/case-06.stderr.log,engineering/archive/docs/order-architecture-2026-09-27/PHASE_2_FINAL_REGRESSION/case-06.stderr.log,historical-evidence,False,10124,63f913d4ef6f49be11c0f5a207ec48462feb150f704eb13a98928b8c0cd370d0,move
external,archive/docs/order-architecture-2026-09-27/PHASE_2_FINAL_REGRESSION/case-07.json.gz,engineering/archive/docs/order-architecture-2026-09-27/PHASE_2_FINAL_REGRESSION/case-07.json.gz,historical-evidence,False,269821,9dae8ab14e4419438f0557c1d769649b5cc0d17ea25a9b9919b18d234f2cfbb1,move
external,archive/docs/order-architecture-2026-09-27/PHASE_2_FINAL_REGRESSION/case-07.stderr.log,engineering/archive/docs/order-architecture-2026-09-27/PHASE_2_FINAL_REGRESSION/case-07.stderr.log,historical-evidence,False,10150,d313dac70387dfc3436f98dfe62ce7df8cab23d597d6f508c6433dadd2a9b2fa,move
external,archive/docs/order-architecture-2026-09-27/PHASE_2_FINAL_REGRESSION/case-08.json.gz,engineering/archive/docs/order-architecture-2026-09-27/PHASE_2_FINAL_REGRESSION/case-08.json.gz,historical-evidence,False,178222,04134e4d020e7460ec0e12b644094164dff814f71a595f78bea7022db3d64a44,move
external,archive/docs/order-architecture-2026-09-27/PHASE_2_FINAL_REGRESSION/case-08.stderr.log,engineering/archive/docs/order-architecture-2026-09-27/PHASE_2_FINAL_REGRESSION/case-08.stderr.log,historical-evidence,False,10134,1be2cfb85a07e5c34b59ae60d6270cc5d59a6c4331e04720dd24f8afc0f59cf0,move
external,archive/docs/order-architecture-2026-09-27/PHASE_2_FINAL_REGRESSION/case-09.json.gz,engineering/archive/docs/order-architecture-2026-09-27/PHASE_2_FINAL_REGRESSION/case-09.json.gz,historical-evidence,False,148107,dd509314f36859e2ce76ef70062ba2bec62668990164dbc5d23d3b95acd1f305,move
external,archive/docs/order-architecture-2026-09-27/PHASE_2_FINAL_REGRESSION/case-09.stderr.log,engineering/archive/docs/order-architecture-2026-09-27/PHASE_2_FINAL_REGRESSION/case-09.stderr.log,historical-evidence,False,9462,5419740cf9f7460f54afe2fd7572938b8e108059a1504da290cf7818efe5e797,move
external,archive/docs/order-architecture-2026-09-27/PHASE_2_FINAL_REGRESSION/manifest.json,engineering/archive/docs/order-architecture-2026-09-27/PHASE_2_FINAL_REGRESSION/manifest.json,historical-evidence,False,35809,01c59d9493b41427069128340e05a7f953d57dad8ce675efb1dfc179b3af0fa4,move
external,archive/docs/order-architecture-2026-09-27/phase2-cache-targeted/case-01.json.gz,engineering/archive/docs/order-architecture-2026-09-27/phase2-cache-targeted/case-01.json.gz,historical-evidence,False,167776,c6dda545828c81fb955ab9a55ab60b463c59bb04eb3d64a02362a25bbca2663e,move
external,archive/docs/order-architecture-2026-09-27/phase2-cache-targeted/case-01.stderr.log,engineering/archive/docs/order-architecture-2026-09-27/phase2-cache-targeted/case-01.stderr.log,historical-evidence,False,9355,a237860bd6db7e9ff8f2651ba38aad7216e6d3d3ec4be2f9a10078430a78fa9d,move
external,archive/docs/order-architecture-2026-09-27/phase2-cache-targeted/case-02.json.gz,engineering/archive/docs/order-architecture-2026-09-27/phase2-cache-targeted/case-02.json.gz,historical-evidence,False,269821,9dae8ab14e4419438f0557c1d769649b5cc0d17ea25a9b9919b18d234f2cfbb1,move
external,archive/docs/order-architecture-2026-09-27/phase2-cache-targeted/case-02.stderr.log,engineering/archive/docs/order-architecture-2026-09-27/phase2-cache-targeted/case-02.stderr.log,historical-evidence,False,10149,96e4e83a7c78ec95ef776f05da004f1d112edf316eefab8abec863c04703c221,move
external,archive/docs/order-architecture-2026-09-27/phase2-cache-targeted/manifest.json,engineering/archive/docs/order-architecture-2026-09-27/phase2-cache-targeted/manifest.json,historical-evidence,False,9067,745582f05cf56b6d54d8c959704bfa9de1a6434d66567bf5f7d0c1af77da1367,move
external,archive/docs/order-architecture-2026-09-27/phase2-extract-smoke/case-01.json.gz,engineering/archive/docs/order-architecture-2026-09-27/phase2-extract-smoke/case-01.json.gz,historical-evidence,False,71184,0d22b68b8ae9ebdfaa982352a2b9bdd4ec89cd4c7d85fb9ed76c58371f856b5f,move
external,archive/docs/order-architecture-2026-09-27/phase2-extract-smoke/case-01.stderr.log,engineering/archive/docs/order-architecture-2026-09-27/phase2-extract-smoke/case-01.stderr.log,historical-evidence,False,8120,c04787c61b685b8eeb3ea7d55c9c93385c76ca3fd50b28487ebb13f45a3791b6,move
external,archive/docs/order-architecture-2026-09-27/phase2-extract-smoke/manifest.json,engineering/archive/docs/order-architecture-2026-09-27/phase2-extract-smoke/manifest.json,historical-evidence,False,5305,5e757986fcada6c8c89ee420bdc280e965e960f2f0bbc71b4d74ec4b989fd479,move
external,archive/docs/order-architecture-2026-09-27/phase2-extract-targeted/case-01.json.gz,engineering/archive/docs/order-architecture-2026-09-27/phase2-extract-targeted/case-01.json.gz,historical-evidence,False,167776,c6dda545828c81fb955ab9a55ab60b463c59bb04eb3d64a02362a25bbca2663e,move
external,archive/docs/order-architecture-2026-09-27/phase2-extract-targeted/case-01.stderr.log,engineering/archive/docs/order-architecture-2026-09-27/phase2-extract-targeted/case-01.stderr.log,historical-evidence,False,9365,299483c4f61615a45960857742217648422a77cc1889b9a3b9c6653973f4f04c,move
external,archive/docs/order-architecture-2026-09-27/phase2-extract-targeted/case-02.json.gz,engineering/archive/docs/order-architecture-2026-09-27/phase2-extract-targeted/case-02.json.gz,historical-evidence,False,269821,9dae8ab14e4419438f0557c1d769649b5cc0d17ea25a9b9919b18d234f2cfbb1,move
external,archive/docs/order-architecture-2026-09-27/phase2-extract-targeted/case-02.stderr.log,engineering/archive/docs/order-architecture-2026-09-27/phase2-extract-targeted/case-02.stderr.log,historical-evidence,False,10158,e9a8ea99873df40bc48943bb4e58119da983fd7215143c4c456268875f243b09,move
external,archive/docs/order-architecture-2026-09-27/phase2-extract-targeted/manifest.json,engineering/archive/docs/order-architecture-2026-09-27/phase2-extract-targeted/manifest.json,historical-evidence,False,9076,9a2b195547f1e6b99d24f68a560b16e297fea9d1eddeff6a61d536df4e54fb00,move
external,archive/docs/order-architecture-2026-09-27/phase2-s-extract-smoke/case-01.json.gz,engineering/archive/docs/order-architecture-2026-09-27/phase2-s-extract-smoke/case-01.json.gz,historical-evidence,False,71184,0d22b68b8ae9ebdfaa982352a2b9bdd4ec89cd4c7d85fb9ed76c58371f856b5f,move
external,archive/docs/order-architecture-2026-09-27/phase2-s-extract-smoke/case-01.stderr.log,engineering/archive/docs/order-architecture-2026-09-27/phase2-s-extract-smoke/case-01.stderr.log,historical-evidence,False,8121,243a3317544382c7e497e8fa0c86143dc47483c4e83413fccde491db5d47e5e9,move
external,archive/docs/order-architecture-2026-09-27/phase2-s-extract-smoke/manifest.json,engineering/archive/docs/order-architecture-2026-09-27/phase2-s-extract-smoke/manifest.json,historical-evidence,False,5306,1a39fe2a3c51fe538c0f2915a295829e0056c2e79f992e2c3615b8de1595c235,move
external,archive/docs/order-architecture-2026-09-27/recovery-smoke/case-01.json.gz,engineering/archive/docs/order-architecture-2026-09-27/recovery-smoke/case-01.json.gz,historical-evidence,False,71184,0d22b68b8ae9ebdfaa982352a2b9bdd4ec89cd4c7d85fb9ed76c58371f856b5f,move
external,archive/docs/order-architecture-2026-09-27/recovery-smoke/case-01.stderr.log,engineering/archive/docs/order-architecture-2026-09-27/recovery-smoke/case-01.stderr.log,historical-evidence,False,8120,2764b86f653ca85daa7d9f751df1f3f6d4329f733128955cdbd6fb10f633f4c4,move
external,archive/docs/order-architecture-2026-09-27/recovery-smoke/manifest.json,engineering/archive/docs/order-architecture-2026-09-27/recovery-smoke/manifest.json,historical-evidence,False,5325,b5f0e1be724b8630f5fc159a53a1dd17c012763c4e3f158c5be4a785ecce3d15,move
external,archive/docs/order-architecture-2026-09-27/smoke-precision/case-01.json.gz,engineering/archive/docs/order-architecture-2026-09-27/smoke-precision/case-01.json.gz,historical-evidence,False,71184,0d22b68b8ae9ebdfaa982352a2b9bdd4ec89cd4c7d85fb9ed76c58371f856b5f,move
external,archive/docs/order-architecture-2026-09-27/smoke-precision/case-01.stderr.log,engineering/archive/docs/order-architecture-2026-09-27/smoke-precision/case-01.stderr.log,historical-evidence,False,8122,ca94d1e001cc512a4ec4b6a73198ab4494671ea1ff000fa8576355a044319462,move
external,archive/docs/order-architecture-2026-09-27/smoke-precision/manifest.json,engineering/archive/docs/order-architecture-2026-09-27/smoke-precision/manifest.json,historical-evidence,False,5194,b744a447c584bd8324cf0b774e1af9f2cea6640410593ec3f982a74959205b34,move
external,archive/docs/order-architecture-2026-09-27/smoke-usoil-precision/case-01.json.gz,engineering/archive/docs/order-architecture-2026-09-27/smoke-usoil-precision/case-01.json.gz,historical-evidence,False,269821,9dae8ab14e4419438f0557c1d769649b5cc0d17ea25a9b9919b18d234f2cfbb1,move
external,archive/docs/order-architecture-2026-09-27/smoke-usoil-precision/case-01.stderr.log,engineering/archive/docs/order-architecture-2026-09-27/smoke-usoil-precision/case-01.stderr.log,historical-evidence,False,10154,0c0dfd375311ade424df5ddc0ce00c409cb3b9c3ee69d15482789122f2be5342,move
external,archive/docs/order-architecture-2026-09-27/smoke-usoil-precision/manifest.json,engineering/archive/docs/order-architecture-2026-09-27/smoke-usoil-precision/manifest.json,historical-evidence,False,5324,ff0eb2d5cc5d03f3a1315b7d1f80692e48dc12da5e8773194828522820b25920,move
external,archive/docs/superpowers/plans/2026-09-17-tradingbot-v2-stable-audit.md,engineering/archive/docs/superpowers/plans/2026-09-17-tradingbot-v2-stable-audit.md,historical-evidence,False,17234,4a020b67b4abbffb14d5226669740c8cc53d78c94c851db7fb716652bc5f3fec,move
external,archive/docs/superpowers/plans/2026-09-21-complete-project-engineering-audit.md,engineering/archive/docs/superpowers/plans/2026-09-21-complete-project-engineering-audit.md,historical-evidence,False,13602,1bb6b19e97468a10bb59f6df9d7689edf5a3ee0c298e0ae66a4d3b95caed1580,move
external,archive/docs/validation-temp/probe-fetch-ports.mjs,engineering/archive/docs/validation-temp/probe-fetch-ports.mjs,historical-evidence,False,729,efe16468791d422c6698d0f1db95166a4bc45916ff702c0261ecb5193e6c94da,move
external,archive/docs/validation-temp/validate-static.mjs,engineering/archive/docs/validation-temp/validate-static.mjs,historical-evidence,False,2639,418529f6452897b224f47f24828de4be67c8f5225c678c0700aaba067b17efae,move
external,archive/docs/validation-temp/build/index.html,engineering/archive/docs/validation-temp/build/index.html,historical-evidence,False,723,89d0a2e54cd4129f9285ec46d0980ed19f78eda5c619d5d8c681960a9a6a36eb,move
external,archive/docs/validation-temp/build/assets/index-BTET6XLF.css,engineering/archive/docs/validation-temp/build/assets/index-BTET6XLF.css,historical-evidence,False,170306,746a7c478769f0ce938fed914a78efdd764bffe35ab3755964d4ef307291a4ed,move
external,archive/docs/validation-temp/build/assets/index-gIdNgkcc.js,engineering/archive/docs/validation-temp/build/assets/index-gIdNgkcc.js,historical-evidence,False,747592,f96a435a57d2176c3a8a748859a61c624dbe19652af03314bc2dd8dde32f9310,move
external,archive/scripts/build_order_references.py,engineering/archive/scripts/build_order_references.py,historical-evidence,False,16877,1ec963e364fcd48514d0c3691dbdc0faee3e43bb64e7a1dfadf1b6262c7656e8,move
external,archive/scripts/extract_order_module.py,engineering/archive/scripts/extract_order_module.py,historical-evidence,False,6857,e7e7f9470351e7d7e2ef55a70a8294c7b5c381b5f1ff7b9d36a0a8c5f8edc93f,move
external,archive/scripts/extract_s_order_methods.py,engineering/archive/scripts/extract_s_order_methods.py,historical-evidence,False,2796,e9f110e72437d415a7393c356582c8293afcf8cf8e7aeb5a2263bf8d39059b58,move
external,cache/drawings/.gitkeep,apps/chart/state/cache/drawings/.gitkeep,workstation-local-state,False,1,01ba4719c80b6fe911b091a7c05124b64eeece964e09c058ef8f9805daca546b,move
external,cache/drawings/FOREXCOM-XAUUSD/RAW-FOREXCOM_XAUUSD-1S-FROM-2026-08-18-04-44-40-TO-2026-09-03-00-29-39--1238cae0203672c1.json,apps/chart/state/cache/drawings/FOREXCOM-XAUUSD/RAW-FOREXCOM_XAUUSD-1S-FROM-2026-08-18-04-44-40-TO-2026-09-03-00-29-39--1238cae0203672c1.json,workstation-local-state,False,52752,7b89c457628b719ae810f786ab527e16b6962fd50bdb5d885065b6d76e0c2a34,move
external,cache/drawings/FOREXCOM-XAUUSD/RAW-FOREXCOM_XAUUSD-1S-FROM-2026-08-18-04-44-40-TO-2026-09-05-00-29-39--f5638c6a219922ab.json,apps/chart/state/cache/drawings/FOREXCOM-XAUUSD/RAW-FOREXCOM_XAUUSD-1S-FROM-2026-08-18-04-44-40-TO-2026-09-05-00-29-39--f5638c6a219922ab.json,workstation-local-state,False,51748,0a406d2c514f9e63da2f53a5ac31bff86e0a65df9ffbe06bb9795e3ac65e392f,move
external,cache/drawings/FOREXCOM-XAUUSD/RAW-FOREXCOM_XAUUSD-1S-FROM-2026-08-18-04-44-40-TO-2026-09-07-16-27-44--4f200d2252b5a292.json,apps/chart/state/cache/drawings/FOREXCOM-XAUUSD/RAW-FOREXCOM_XAUUSD-1S-FROM-2026-08-18-04-44-40-TO-2026-09-07-16-27-44--4f200d2252b5a292.json,workstation-local-state,False,1381,61598bb716f5d525e8c7070caae0a62f70829e3395fee6b3395405fcfb196f07,move
external,cache/drawings/FOREXCOM-XAUUSD/RAW-FOREXCOM_XAUUSD-1S-FROM-2026-08-18-04-44-40-TO-2026-09-07-21-59-58--66d9ed634a922075.json,apps/chart/state/cache/drawings/FOREXCOM-XAUUSD/RAW-FOREXCOM_XAUUSD-1S-FROM-2026-08-18-04-44-40-TO-2026-09-07-21-59-58--66d9ed634a922075.json,workstation-local-state,False,668,d3678598890f088a4997e6105621ff79081f9895708f81dfd271aef23020a71d,move
external,cache/drawings/FOREXCOM-XAUUSD/RAW-FOREXCOM_XAUUSD-1S-FROM-2026-09-02-07-16-40-TO-2026-09-03-18-59-27--6aa7b8ec9e924b05.json,apps/chart/state/cache/drawings/FOREXCOM-XAUUSD/RAW-FOREXCOM_XAUUSD-1S-FROM-2026-09-02-07-16-40-TO-2026-09-03-18-59-27--6aa7b8ec9e924b05.json,workstation-local-state,False,2,4f53cda18c2baa0c0354bb5f9a3ecbe5ed12ab4d8e11ba873c2f11161202b945,move
external,cache/drawings/FOREXCOM-XAUUSD/RAW-FOREXCOM_XAUUSD-1S-FROM-2026-09-02-07-16-40-TO-2026-09-05-00-29-39--df8e08aad9ab57d2.json,apps/chart/state/cache/drawings/FOREXCOM-XAUUSD/RAW-FOREXCOM_XAUUSD-1S-FROM-2026-09-02-07-16-40-TO-2026-09-05-00-29-39--df8e08aad9ab57d2.json,workstation-local-state,False,2,4f53cda18c2baa0c0354bb5f9a3ecbe5ed12ab4d8e11ba873c2f11161202b945,move
external,cache/drawings/FOREXCOM-XAUUSD/RAW-FOREXCOM_XAUUSD-1S-FROM-2026-09-02-20-30-40-TO-2026-09-04-04-35-59--91837763e3fad922.json,apps/chart/state/cache/drawings/FOREXCOM-XAUUSD/RAW-FOREXCOM_XAUUSD-1S-FROM-2026-09-02-20-30-40-TO-2026-09-04-04-35-59--91837763e3fad922.json,workstation-local-state,False,14195,f147e28ca907321d5a0f085213ea5da18f1e01113311dc3cdd9c15103f9c6f6b,move
external,cache/drawings/FOREXCOM-XAUUSD/RAW-FOREXCOM_XAUUSD-1S-FROM-2026-09-02-20-30-40-TO-2026-09-04-08-28-28--cb4c737c50108b1c.json,apps/chart/state/cache/drawings/FOREXCOM-XAUUSD/RAW-FOREXCOM_XAUUSD-1S-FROM-2026-09-02-20-30-40-TO-2026-09-04-08-28-28--cb4c737c50108b1c.json,workstation-local-state,False,2,4f53cda18c2baa0c0354bb5f9a3ecbe5ed12ab4d8e11ba873c2f11161202b945,move
external,cache/drawings/FOREXCOM-XAUUSD/RAW-FOREXCOM_XAUUSD-1S-FROM-2026-09-02-20-30-40-TO-2026-09-04-09-09-43--1f9792c891d4988a.json,apps/chart/state/cache/drawings/FOREXCOM-XAUUSD/RAW-FOREXCOM_XAUUSD-1S-FROM-2026-09-02-20-30-40-TO-2026-09-04-09-09-43--1f9792c891d4988a.json,workstation-local-state,False,2,4f53cda18c2baa0c0354bb5f9a3ecbe5ed12ab4d8e11ba873c2f11161202b945,move
external,cache/drawings/FOREXCOM-XAUUSD/RAW-FOREXCOM_XAUUSD-1S-FROM-2026-09-03-19-05-40-TO-2026-09-04-04-35-59--ef96d876e95ecc3b.json,apps/chart/state/cache/drawings/FOREXCOM-XAUUSD/RAW-FOREXCOM_XAUUSD-1S-FROM-2026-09-03-19-05-40-TO-2026-09-04-04-35-59--ef96d876e95ecc3b.json,workstation-local-state,False,28542,8a0c47f298bb93cab31a0b25eb1fbed909012ab9f6062e8540a16c5b27cf7c0d,move
external,cache/drawings/FOREXCOM-XAUUSD/RAW-FOREXCOM_XAUUSD-1S-FROM-2026-09-03-19-05-40-TO-2026-09-08-03-05-16--d9790c450f3d9351.json,apps/chart/state/cache/drawings/FOREXCOM-XAUUSD/RAW-FOREXCOM_XAUUSD-1S-FROM-2026-09-03-19-05-40-TO-2026-09-08-03-05-16--d9790c450f3d9351.json,workstation-local-state,False,1319,107a808f3a59fd4a1c24357b0ad0d3a46717c0ba1d559a8882e7300d783e5434,move
external,cache/drawings/FOREXCOM-XAUUSD/RAW-FOREXCOM_XAUUSD-1S-FROM-2026-09-03-19-05-40-TO-2026-09-08-03-18-28--d97e2cae12c18ce6.json,apps/chart/state/cache/drawings/FOREXCOM-XAUUSD/RAW-FOREXCOM_XAUUSD-1S-FROM-2026-09-03-19-05-40-TO-2026-09-08-03-18-28--d97e2cae12c18ce6.json,workstation-local-state,False,639,4a49cdcf1dd730b051e770efb59590f799129b45c15cb2a411cf608eb85ec491,move
external,cache/drawings/FOREXCOM-XAUUSD/RAW-FOREXCOM_XAUUSD-1S-FROM-2026-09-03-19-05-40-TO-2026-09-14-15-45-26--2b324fd027742dd7.json,apps/chart/state/cache/drawings/FOREXCOM-XAUUSD/RAW-FOREXCOM_XAUUSD-1S-FROM-2026-09-03-19-05-40-TO-2026-09-14-15-45-26--2b324fd027742dd7.json,workstation-local-state,False,1237,6936dc423a775fefc524aa271552e33cfbbdea1ed55aa7211b4cd8bad0462c58,move
external,cache/drawings/FOREXCOM-XAUUSD/RAW-FOREXCOM_XAUUSD-1S-FROM-2026-09-04-16-48-10-TO-2026-09-08-02-49-33--395f9be07f4352ae.json,apps/chart/state/cache/drawings/FOREXCOM-XAUUSD/RAW-FOREXCOM_XAUUSD-1S-FROM-2026-09-04-16-48-10-TO-2026-09-08-02-49-33--395f9be07f4352ae.json,workstation-local-state,False,1319,ea14cd7f067ede8c088bd92f0c496c39e5c0f19325093cdcb57e396ce2c01ae0,move
external,cache/drawings/FXCM-USOIL/RAW-FXCM_USOIL-1S-FROM-2026-09-03-13-46-40-TO-2026-09-04-03-45-05--aa0a9fdd66e0b585.json,apps/chart/state/cache/drawings/FXCM-USOIL/RAW-FXCM_USOIL-1S-FROM-2026-09-03-13-46-40-TO-2026-09-04-03-45-05--aa0a9fdd66e0b585.json,workstation-local-state,False,1288,a93704ba5cba807e1227fc2750221d6834822d486e7957d3c98a7dd5a0e60f7a,move
external,cache/drawings/FXCM-USOIL/RAW-FXCM_USOIL-1S-FROM-2026-09-04-17-41-10-TO-2026-09-08-03-28-24--f66e0264c171fb7f.json,apps/chart/state/cache/drawings/FXCM-USOIL/RAW-FXCM_USOIL-1S-FROM-2026-09-04-17-41-10-TO-2026-09-08-03-28-24--f66e0264c171fb7f.json,workstation-local-state,False,2016,b39233db4660d6bd60c985c51151b462b8d29ae90806ccaf7828d3b4740c9b7f,move
external,cache/drawings/FXCM-USOIL/RAW-FXCM_USOIL-1S-FROM-2026-09-04-17-41-10-TO-2026-09-08-03-40-02--a997ade23e205b75.json,apps/chart/state/cache/drawings/FXCM-USOIL/RAW-FXCM_USOIL-1S-FROM-2026-09-04-17-41-10-TO-2026-09-08-03-40-02--a997ade23e205b75.json,workstation-local-state,False,680,eb439cf6f52aeb3622a8b2cef7286259919f7c559fb8ffba3235be082f0a57e9,move
external,cache/drawings/FXCM-USOIL/RAW-FXCM_USOIL-5S-FROM-2026-08-26-14-09-20-TO-2026-09-09-23-57-45--f5d63b4bed194bc9.json,apps/chart/state/cache/drawings/FXCM-USOIL/RAW-FXCM_USOIL-5S-FROM-2026-08-26-14-09-20-TO-2026-09-09-23-57-45--f5d63b4bed194bc9.json,workstation-local-state,False,3990,28d694dae7a8f74bff68620a88ff5b8ca6ab43f8e22e8ab74e570dd755f804fd,move
external,cache/drawings/FXCM-USOIL/RAW-FXCM_USOIL-5S-FROM-2026-08-27-02-00-00-TO-2026-09-02-20-38-00--afb89b57681cae54.json,apps/chart/state/cache/drawings/FXCM-USOIL/RAW-FXCM_USOIL-5S-FROM-2026-08-27-02-00-00-TO-2026-09-02-20-38-00--afb89b57681cae54.json,workstation-local-state,False,2,4f53cda18c2baa0c0354bb5f9a3ecbe5ed12ab4d8e11ba873c2f11161202b945,move
external,cache/drawings/FXCM-USOIL/RAW-FXCM_USOIL-5S-FROM-2026-09-08-07-23-20-TO-2026-09-12-00-14-55--a233e0bcded08a8f.json,apps/chart/state/cache/drawings/FXCM-USOIL/RAW-FXCM_USOIL-5S-FROM-2026-09-08-07-23-20-TO-2026-09-12-00-14-55--a233e0bcded08a8f.json,workstation-local-state,False,12108,37714c0a60fdaf1702daf1e3af6fb41a58d2d8ab415d62d59708e39a627271c6,move
external,cache/drawings/FXCM-USOIL/RAW-FXCM_USOIL-5S-FROM-2026-09-08-21-59-20-TO-2026-09-10-00-29-55--ee34ecf89aa449f9.json,apps/chart/state/cache/drawings/FXCM-USOIL/RAW-FXCM_USOIL-5S-FROM-2026-09-08-21-59-20-TO-2026-09-10-00-29-55--ee34ecf89aa449f9.json,workstation-local-state,False,4822,4433cb893a537cae5529186375d4312b6e94bf6f9d0d47c43d1e3c7409f4d320,move
external,cache/drawings/FXCM-USOIL/RAW-FXCM_USOIL-5S-FROM-2026-09-11-02-53-30-TO-2026-09-12-00-14-55--3c82c61a37636bb9.json,apps/chart/state/cache/drawings/FXCM-USOIL/RAW-FXCM_USOIL-5S-FROM-2026-09-11-02-53-30-TO-2026-09-12-00-14-55--3c82c61a37636bb9.json,workstation-local-state,False,673,36f31acfc67ebc818ef18ed0926f7cb315579da3dcd510514986f2c2ac6a5a75,move
external,cache/drawings/FXCM-USOIL/RAW-FXCM_USOIL-5S-FROM-2026-09-11-02-53-30-TO-2026-09-14-16-05-05--8747a645c2f9988f.json,apps/chart/state/cache/drawings/FXCM-USOIL/RAW-FXCM_USOIL-5S-FROM-2026-09-11-02-53-30-TO-2026-09-14-16-05-05--8747a645c2f9988f.json,workstation-local-state,False,2,4f53cda18c2baa0c0354bb5f9a3ecbe5ed12ab4d8e11ba873c2f11161202b945,move
external,cache/drawings/FXCM-USOIL/RAW-FXCM_USOIL-5S-FROM-2026-09-11-02-53-30-TO-2026-09-15-06-44-00--c3b7f5dc6ea06669.json,apps/chart/state/cache/drawings/FXCM-USOIL/RAW-FXCM_USOIL-5S-FROM-2026-09-11-02-53-30-TO-2026-09-15-06-44-00--c3b7f5dc6ea06669.json,workstation-local-state,False,655,16fcfbede1fe7d3a83dd72c829713e304d14d16867d2afc064b0b57cd41078a0,move
external,cache/drawings/RAW-FOREXCOM/RAW_FOREXCOM_XAUUSD_30S_FROM_2026_08_25_12_04_30_TO_2026_09_01_22--07b806212e54355a.json,apps/chart/state/cache/drawings/RAW-FOREXCOM/RAW_FOREXCOM_XAUUSD_30S_FROM_2026_08_25_12_04_30_TO_2026_09_01_22--07b806212e54355a.json,workstation-local-state,False,2,4f53cda18c2baa0c0354bb5f9a3ecbe5ed12ab4d8e11ba873c2f11161202b945,move
external,cache/drawings/USOIL/RAW-FARAZ_FXCM_USOIL-5S-FROM-1789082610-TO-1789442040--0d16c4eaf3ccb5d3.json,apps/chart/state/cache/drawings/USOIL/RAW-FARAZ_FXCM_USOIL-5S-FROM-1789082610-TO-1789442040--0d16c4eaf3ccb5d3.json,workstation-local-state,False,683,9140bc25772ffcd0493e33443271e57acbced66b623a1781bc9b7c19e0184a1b,move
external,cache/drawings/USOIL/chart-2b7323f469c41534.json,apps/chart/state/cache/drawings/USOIL/chart-2b7323f469c41534.json,workstation-local-state,False,2050,aa07746e4bf83cdf137979667812f0391ca656e36e1e5a941147c8e8d8935687,move
external,cache/drawings/USOIL/chart-372904e2766e9f32.json,apps/chart/state/cache/drawings/USOIL/chart-372904e2766e9f32.json,workstation-local-state,False,2631,d5f40834123fb40301846d49843f08395542f495112c965bf26877a8bf6d1b95,move
external,cache/drawings/USOIL/chart-48b381fa86baaa25.json,apps/chart/state/cache/drawings/USOIL/chart-48b381fa86baaa25.json,workstation-local-state,False,684,f4c62646a476919ffb03d84f1dfb8be6c67fc6f5484ff2dc12ff71655dcb1ad8,move
external,cache/drawings/USOIL/chart-c10d386ff197bca7.json,apps/chart/state/cache/drawings/USOIL/chart-c10d386ff197bca7.json,workstation-local-state,False,1315,fd56549066aebbc75c8c326772241e02486edae7c6b8c091c919151fd4fce757,move
external,cache/drawings/XAUUSD/RAW-FARAZ_FOREXCOM_XAUUSD-1S-FROM-1788449740-TO-1789388126--36996c536ed16e20.json,apps/chart/state/cache/drawings/XAUUSD/RAW-FARAZ_FOREXCOM_XAUUSD-1S-FROM-1788449740-TO-1789388126--36996c536ed16e20.json,workstation-local-state,False,8134,c235ee3ad58ed7af5fc1b6b334bbe313ec74c0168b0959ed2ceb4ac864f8096e,move
external,cache/drawings/XAUUSD/chart-18e2683422883f92.json,apps/chart/state/cache/drawings/XAUUSD/chart-18e2683422883f92.json,workstation-local-state,False,683,d1890696bf2ba55a059f9af88d424d8e3bed23dda4c7c27130fd6ea9f2f48406,move
external,cache/drawings/XAUUSD/chart-1bb085bb0d404610.json,apps/chart/state/cache/drawings/XAUUSD/chart-1bb085bb0d404610.json,workstation-local-state,False,1963,2e1d34d5377c10c334ced1706fa7a238b8bef266fe067c3e65a4daf322d3e0d4,move
external,cache/drawings/XAUUSD/chart-5733c3db1c1d1180.json,apps/chart/state/cache/drawings/XAUUSD/chart-5733c3db1c1d1180.json,workstation-local-state,False,7351,78f170372f941e83685c485ed37e1f8b3926dce7b9eb63c8ba83448eb4a0df86,move
external,cache/drawings/XAUUSD/chart-5f638fec65138f5d.json,apps/chart/state/cache/drawings/XAUUSD/chart-5f638fec65138f5d.json,workstation-local-state,False,23211,6d10d05fc1346eebeb06ec3a95218f1cd98e6af82a7834a0181725ff0d67fd4c,move
external,cache/drawings/XAUUSD/chart-8bf7f4ca24a60c28.json,apps/chart/state/cache/drawings/XAUUSD/chart-8bf7f4ca24a60c28.json,workstation-local-state,False,683,d1890696bf2ba55a059f9af88d424d8e3bed23dda4c7c27130fd6ea9f2f48406,move
external,cache/drawings/XAUUSD/chart-8c8927720def6abe.json,apps/chart/state/cache/drawings/XAUUSD/chart-8c8927720def6abe.json,workstation-local-state,False,13837,6a6ff81d796ce7f648a58367bd22464505e87036ec3484e8d0d314248f749af6,move
external,cache/drawings/XAUUSD/chart-b7d7f898c11cbf6e.json,apps/chart/state/cache/drawings/XAUUSD/chart-b7d7f898c11cbf6e.json,workstation-local-state,False,681,0b64f6aa9a0ec78d001606334d7bb4f6de4c61abc5f38d7704d699eec3742698,move
external,cache/drawings/XAUUSD/chart-cb5bec23b0561fd0.json,apps/chart/state/cache/drawings/XAUUSD/chart-cb5bec23b0561fd0.json,workstation-local-state,False,683,d1890696bf2ba55a059f9af88d424d8e3bed23dda4c7c27130fd6ea9f2f48406,move
external,cache/drawings/XAUUSD/chart-cef495ec7a341f0e.json,apps/chart/state/cache/drawings/XAUUSD/chart-cef495ec7a341f0e.json,workstation-local-state,False,2669,9a0db99c063690b665fa4c3ef9452eb434ef3fa0a10df42bf22973e3047d5957,move
external,cache/drawings/XAUUSD/chart-fa04d41be36c5a8e.json,apps/chart/state/cache/drawings/XAUUSD/chart-fa04d41be36c5a8e.json,workstation-local-state,False,683,d1890696bf2ba55a059f9af88d424d8e3bed23dda4c7c27130fd6ea9f2f48406,move
external,cache/indicator-calculations/.gitkeep,apps/chart/state/cache/indicator-calculations/.gitkeep,workstation-local-state,False,0,e3b0c44298fc1c149afbf4c8996fb92427ae41e4649b934ca495991b7852b855,move
external,cache/indicator-calculations/USOIL/30s/bearish/1790018670-1790190600--017d6dabe3f7eed9.json,apps/chart/state/cache/indicator-calculations/USOIL/30s/bearish/1790018670-1790190600--017d6dabe3f7eed9.json,workstation-local-state,False,758673,2ea5456ebd7aa346c28d638d6a53874abcf02b7c58539ceb04c07d9d3e795443,move
external,cache/indicator-calculations/USOIL/30s/bearish/1790018670-1790190600--017d6dabe3f7eed9.json.info.json,apps/chart/state/cache/indicator-calculations/USOIL/30s/bearish/1790018670-1790190600--017d6dabe3f7eed9.json.info.json,workstation-local-state,False,336,a4af6f4956d7669a25decd859b44cd8ac12e6b18e6cc44d939481d427c910582,move
external,cache/indicator-calculations/USOIL/30s/bearish/1790593380-1790669760--61d97ae8221d1e7a.json,apps/chart/state/cache/indicator-calculations/USOIL/30s/bearish/1790593380-1790669760--61d97ae8221d1e7a.json,workstation-local-state,False,326796,4775791f9ea6f8c6dc3b1f1d0a9c3e4645290ad639f897041cb1e2ad72072fcb,move
external,cache/indicator-calculations/USOIL/30s/bearish/1790593380-1790669760--61d97ae8221d1e7a.json.info.json,apps/chart/state/cache/indicator-calculations/USOIL/30s/bearish/1790593380-1790669760--61d97ae8221d1e7a.json.info.json,workstation-local-state,False,336,3a0919ab1da68925844f5554ff38d2dfe42f06d3570a2828d60ea5beb7fdfd0c,move
external,cache/indicator-calculations/USOIL/30s/bullish/1790139360-1790666430--2196bee779a7813a.json,apps/chart/state/cache/indicator-calculations/USOIL/30s/bullish/1790139360-1790666430--2196bee779a7813a.json,workstation-local-state,False,1373925,0fe78e043e076e16edda17b010b3fb64c11b195e98f6fc445b7d82f5eeef1178,move
external,cache/indicator-calculations/USOIL/30s/bullish/1790139360-1790666430--2196bee779a7813a.json.info.json,apps/chart/state/cache/indicator-calculations/USOIL/30s/bullish/1790139360-1790666430--2196bee779a7813a.json.info.json,workstation-local-state,False,336,781637be1bf91d5172c2a44fcf83306026fcddeb38db0ddcc450c0af136de244,move
external,cache/indicator-calculations/USOIL/30s/bullish/1790139360-1790666490--3681a54eb8fbaee3.json,apps/chart/state/cache/indicator-calculations/USOIL/30s/bullish/1790139360-1790666490--3681a54eb8fbaee3.json,workstation-local-state,False,1387475,8c5d5329aaf048c3a2ca070fb79736b3ecc78176082b56ace8f39eb0fd6de4ad,move
external,cache/indicator-calculations/USOIL/30s/bullish/1790139360-1790666490--3681a54eb8fbaee3.json.info.json,apps/chart/state/cache/indicator-calculations/USOIL/30s/bullish/1790139360-1790666490--3681a54eb8fbaee3.json.info.json,workstation-local-state,False,336,55bb1214c55c92d836b8dd83dd9af09599b309d7debcfa90f748ce09ad1bc91f,move
external,cache/indicator-calculations/USOIL/30s/bullish/1790615520-1790669760--4cd72e24bcd790e9.json,apps/chart/state/cache/indicator-calculations/USOIL/30s/bullish/1790615520-1790669760--4cd72e24bcd790e9.json,workstation-local-state,False,223016,49ea522bd0862cef95d826f22ee5cde7201f811ad369653af7f5f2bc3e0a3354,move
external,cache/indicator-calculations/USOIL/30s/bullish/1790615520-1790669760--4cd72e24bcd790e9.json.info.json,apps/chart/state/cache/indicator-calculations/USOIL/30s/bullish/1790615520-1790669760--4cd72e24bcd790e9.json.info.json,workstation-local-state,False,336,6c3744e196200f76cba9e2c3671c2eeadb2eaaff963ea3589103d0b9a5d158f7,move
external,cache/indicator-calculations/XAUUSD/30s/bearish/1787617410-1790173860--e3f91446c52dd0a8.json,apps/chart/state/cache/indicator-calculations/XAUUSD/30s/bearish/1787617410-1790173860--e3f91446c52dd0a8.json,workstation-local-state,False,8539085,01a08bc3f8dbd79da7883d911f97bf593a71bfd1909e5ce76b6458431e60fdd1,move
external,cache/indicator-calculations/XAUUSD/30s/bearish/1787617410-1790173860--e3f91446c52dd0a8.json.info.json,apps/chart/state/cache/indicator-calculations/XAUUSD/30s/bearish/1787617410-1790173860--e3f91446c52dd0a8.json.info.json,workstation-local-state,False,348,0158c020f74cf4f54e8dda04fffac0584b647eb72e25e20269526fe99e7c2fa2,move
external,cache/indicator-calculations/XAUUSD/30s/bearish/1788449730-1788824880--e560c2382dfa8348.json,apps/chart/state/cache/indicator-calculations/XAUUSD/30s/bearish/1788449730-1788824880--e560c2382dfa8348.json,workstation-local-state,False,845231,7ceeb481540bce53339a0585b6b0b30b657be4bb25daba34f270558e36ed5756,move
external,cache/indicator-calculations/XAUUSD/30s/bearish/1788449730-1788824880--e560c2382dfa8348.json.info.json,apps/chart/state/cache/indicator-calculations/XAUUSD/30s/bearish/1788449730-1788824880--e560c2382dfa8348.json.info.json,workstation-local-state,False,348,4e4f1e6f7c973561add71016e11de9281450ce7a0423a8222652db21b931b8bc,move
external,cache/indicator-calculations/XAUUSD/30s/bearish/1788535110-1788824880--24369254ad3cb4b6.json,apps/chart/state/cache/indicator-calculations/XAUUSD/30s/bearish/1788535110-1788824880--24369254ad3cb4b6.json,workstation-local-state,False,498721,6bae6bbda1df8281cf43981d99da3e16a224c98d5f64d35cba5c274a40260066,move
external,cache/indicator-calculations/XAUUSD/30s/bearish/1788535110-1788824880--24369254ad3cb4b6.json.info.json,apps/chart/state/cache/indicator-calculations/XAUUSD/30s/bearish/1788535110-1788824880--24369254ad3cb4b6.json.info.json,workstation-local-state,False,348,869c32485faf4da3a12df292eed9674d62fd94577d2cfbb9b0e0c83be66fdace,move
external,cache/indicator-calculations/XAUUSD/30s/bearish/1788535200-1788824880--c69291f2f8c1471d.json,apps/chart/state/cache/indicator-calculations/XAUUSD/30s/bearish/1788535200-1788824880--c69291f2f8c1471d.json,workstation-local-state,False,498714,be46944b5acff965a15721922a0164de1ffb99cf2a0552bfabc77dad9567b9db,move
external,cache/indicator-calculations/XAUUSD/30s/bearish/1788535200-1788824880--c69291f2f8c1471d.json.info.json,apps/chart/state/cache/indicator-calculations/XAUUSD/30s/bearish/1788535200-1788824880--c69291f2f8c1471d.json.info.json,workstation-local-state,False,348,b6b9a0456adddec1e38199e06269fe714479d5791358e93536145e94dc59e821,move
external,cache/indicator-calculations/XAUUSD/30s/bullish/1788527880-1788824880--2c1c4e67855561da.json,apps/chart/state/cache/indicator-calculations/XAUUSD/30s/bullish/1788527880-1788824880--2c1c4e67855561da.json,workstation-local-state,False,474841,63e8bfa3477d91f42e08606a3fd3f632bc23167b3e10861ea7a2a9236d4f3831,move
external,cache/indicator-calculations/XAUUSD/30s/bullish/1788527880-1788824880--2c1c4e67855561da.json.info.json,apps/chart/state/cache/indicator-calculations/XAUUSD/30s/bullish/1788527880-1788824880--2c1c4e67855561da.json.info.json,workstation-local-state,False,348,5ff274586ec1cfb1a38b32df806da5a4e502d5d4eceede5f2bc0f0e7407b125b,move
external,cache/indicator-calculations/XAUUSD/30s/bullish/1790062200-1790670300--ce6e8d63be22191f.json,apps/chart/state/cache/indicator-calculations/XAUUSD/30s/bullish/1790062200-1790670300--ce6e8d63be22191f.json,workstation-local-state,False,2063929,7ab429cea1fd5102303f0cb09402cb6136597373864e63be527a44ef93ca854f,move
external,cache/indicator-calculations/XAUUSD/30s/bullish/1790062200-1790670300--ce6e8d63be22191f.json.info.json,apps/chart/state/cache/indicator-calculations/XAUUSD/30s/bullish/1790062200-1790670300--ce6e8d63be22191f.json.info.json,workstation-local-state,False,348,22bceda82941728551f19cdc38cc52b7589c2b98f6d9b8cd669bb4158250b441,move
external,cache/indicator-calculations/XAUUSD/30s/bullish/1790607420-1790670300--77de0ccd84b1ca6a.json,apps/chart/state/cache/indicator-calculations/XAUUSD/30s/bullish/1790607420-1790670300--77de0ccd84b1ca6a.json,workstation-local-state,False,248052,1e4f7fb8b56a8fde892a4dc745c0143a27f906cdaf056440f827bcc84e9d17e0,move
external,cache/indicator-calculations/XAUUSD/30s/bullish/1790607420-1790670300--77de0ccd84b1ca6a.json.info.json,apps/chart/state/cache/indicator-calculations/XAUUSD/30s/bullish/1790607420-1790670300--77de0ccd84b1ca6a.json.info.json,workstation-local-state,False,348,938fe9e363691fdb8361bdf61bb70df011aee01d8c703228ab6de07c692d1665,move
external,cache/indicator-templates/templates.json,apps/chart/state/cache/indicator-templates/templates.json,workstation-local-state,False,2,44136fa355b3678a1146ad16f7e8649e94fb4fc21fe77e8310c060f61caaff8a,move
external,cleanup-2026-09-29/FINAL_REPORT.md,engineering/verification/history/cleanup-2026-09-29/FINAL_REPORT.md,migration-verification-evidence,False,27263,4d4f1082d3ea99f656979d71af6b602a439219caa97c63f2becd88261452968a,move
external,cleanup-2026-09-29/HPZR2_Projection_Report.md,engineering/verification/history/cleanup-2026-09-29/HPZR2_Projection_Report.md,migration-verification-evidence,False,5676,78c0232fcec2411c9d13c1e48b00376fa7aa4f40d03edc1112c1d851fa521b2e,move
external,cleanup-2026-09-29/TradingBot-clean-repository-2026-09-29.zip,engineering/verification/history/cleanup-2026-09-29/TradingBot-clean-repository-2026-09-29.zip,migration-verification-evidence,False,774422,83436763bf31cf305ede685f1fab549408e21e8d85aa6d67b3d452d116778c26,move
external,cleanup-2026-09-29/TradingBot-local-tests-2026-09-29.zip,engineering/verification/history/cleanup-2026-09-29/TradingBot-local-tests-2026-09-29.zip,migration-verification-evidence,False,57235,acf27dca5d785c6f5b9f623c729b6dcb389aed6e4304de1dd302c17b3eea1db7,move
external,cleanup-2026-09-29/audit.py,engineering/verification/history/cleanup-2026-09-29/audit.py,migration-verification-evidence,False,5563,7dc901d12017b77bb28eabe2987e3816980fb824b1776ba01d7da9ac48402368,move
external,cleanup-2026-09-29/baseline-branch.txt,engineering/verification/history/cleanup-2026-09-29/baseline-branch.txt,migration-verification-evidence,False,5,6403203dd5a0867eb14d104ee8a73730bd72dd9ad92e78d996a6dba0a5dcfc01,move
external,cleanup-2026-09-29/baseline-branches.txt,engineering/verification/history/cleanup-2026-09-29/baseline-branches.txt,migration-verification-evidence,False,174,e966c6905f77925809d6ada6bd26cb02ddca79cdf8bb0fc5659791414b004a54,move
external,cleanup-2026-09-29/baseline-diff-cached.txt,engineering/verification/history/cleanup-2026-09-29/baseline-diff-cached.txt,migration-verification-evidence,False,70057375,3a75f794575f8aa911b151d6d436d22c8792151c6ea6417c73b759652f04f0ba,move
external,cleanup-2026-09-29/baseline-diff-stat.txt,engineering/verification/history/cleanup-2026-09-29/baseline-diff-stat.txt,migration-verification-evidence,False,3836,9205d773f4479c5de26eee25fd84b35b0d5570f333ee113c06d49f1c69f8547a,move
external,cleanup-2026-09-29/baseline-diff.txt,engineering/verification/history/cleanup-2026-09-29/baseline-diff.txt,migration-verification-evidence,False,15381674,2071206edc53819010fe321f54d68070b38115fec24453e310aaf3652411b303,move
external,cleanup-2026-09-29/baseline-directories.json,engineering/verification/history/cleanup-2026-09-29/baseline-directories.json,migration-verification-evidence,False,8176,c46b2e2b3708874626ee0be2704c6ba32d366a696e1f21d09f0339e889b1b099,move
external,cleanup-2026-09-29/baseline-git-dir.txt,engineering/verification/history/cleanup-2026-09-29/baseline-git-dir.txt,migration-verification-evidence,False,5,fd03f16fc5ad8be70d6e0491fa2e029bc4a31f5b0de6d4adf8e7dd709d23840f,move
external,cleanup-2026-09-29/baseline-head.txt,engineering/verification/history/cleanup-2026-09-29/baseline-head.txt,migration-verification-evidence,False,41,1371c10548036ebf41358a166380a1c6acb38b48c7d3e5b65980f140d2191c3e,move
external,cleanup-2026-09-29/baseline-ignored.txt,engineering/verification/history/cleanup-2026-09-29/baseline-ignored.txt,migration-verification-evidence,False,39318,bddfea8a68a20d4ecf8cf11ea34e86a534ddd4a7ed6151f8febdbbd542322af9,move
external,cleanup-2026-09-29/baseline-index,engineering/verification/history/cleanup-2026-09-29/baseline-index,migration-verification-evidence,False,23082,edbfc0421b3a918f5c0bee03f6c75c094c5414a5b1456736e92b536d8a465549,move
external,cleanup-2026-09-29/baseline-inventory.json,engineering/verification/history/cleanup-2026-09-29/baseline-inventory.json,migration-verification-evidence,False,216343,26e6be52ce06a1890b41851e30f821a3a98a35e7e9a42d9ebe0f552f52cb2dbc,move
external,cleanup-2026-09-29/baseline-node-tests.log,engineering/verification/history/cleanup-2026-09-29/baseline-node-tests.log,migration-verification-evidence,False,13909,a4ca1ab8b66b9548d9004429f9aed5001fc9802f77021c45a60bf7f4e573ce5b,move
external,cleanup-2026-09-29/baseline-python-tests.log,engineering/verification/history/cleanup-2026-09-29/baseline-python-tests.log,migration-verification-evidence,False,101,1830d91b00511fb2de70a51c660c2fe30746a82103d5e8fcc77e7953b1f00a0a,move
external,cleanup-2026-09-29/baseline-remotes.txt,engineering/verification/history/cleanup-2026-09-29/baseline-remotes.txt,migration-verification-evidence,False,111,90da9b66f2ac7676b8751bdf573e17052c6e561444ad6c2d25ea00f4f7981f6b,move
external,cleanup-2026-09-29/baseline-root.txt,engineering/verification/history/cleanup-2026-09-29/baseline-root.txt,migration-verification-evidence,False,26,c884304d4df2249f1f8023d49518040efc1fbd4b2af85f3a26792b0ada5a6778,move
external,cleanup-2026-09-29/baseline-secret-history.txt,engineering/verification/history/cleanup-2026-09-29/baseline-secret-history.txt,migration-verification-evidence,False,0,e3b0c44298fc1c149afbf4c8996fb92427ae41e4649b934ca495991b7852b855,move
external,cleanup-2026-09-29/baseline-status-branch.txt,engineering/verification/history/cleanup-2026-09-29/baseline-status-branch.txt,migration-verification-evidence,False,8082,47632e3b1b3c306c326d8df381314d77eb5a5defa891924d4bb5005b513a0c93,move
external,cleanup-2026-09-29/baseline-status-short.txt,engineering/verification/history/cleanup-2026-09-29/baseline-status-short.txt,migration-verification-evidence,False,6020,3e26d29b95ee10c896d96cedc03c2bc425dc9174c34fc1836fc336bc067c2222,move
external,cleanup-2026-09-29/baseline-submodules.txt,engineering/verification/history/cleanup-2026-09-29/baseline-submodules.txt,migration-verification-evidence,False,0,e3b0c44298fc1c149afbf4c8996fb92427ae41e4649b934ca495991b7852b855,move
external,cleanup-2026-09-29/baseline-tags.txt,engineering/verification/history/cleanup-2026-09-29/baseline-tags.txt,migration-verification-evidence,False,13,bdcc89b73eb7c378cd3a375cb778aa6c791cdc9498c67f3fd18c6d81e783f192,move
external,cleanup-2026-09-29/baseline-topology.json,engineering/verification/history/cleanup-2026-09-29/baseline-topology.json,migration-verification-evidence,False,445,88befebcd00bb12b3e93c006dfcd3a395a70551a2366452a14d9a3bcfafdb347,move
external,cleanup-2026-09-29/baseline-topology.txt,engineering/verification/history/cleanup-2026-09-29/baseline-topology.txt,migration-verification-evidence,False,381,73b93e3c6ff5a5a83e9c2dc528644c88f322ebc416367281bb01588c7f685cef,move
external,cleanup-2026-09-29/baseline-tracked.txt,engineering/verification/history/cleanup-2026-09-29/baseline-tracked.txt,migration-verification-evidence,False,9802,4dc5945c5d6f13bc8b051d9e1e3ab8874d71e18d2fc522be55ba4c65cceb2aca,move
external,cleanup-2026-09-29/baseline-untracked.txt,engineering/verification/history/cleanup-2026-09-29/baseline-untracked.txt,migration-verification-evidence,False,10398,9d7f53155d7332c55e7b8ebf8f56c91e8f6d8bc05756b55a8af3fb8bbd769cf1,move
external,cleanup-2026-09-29/baseline-worktrees.txt,engineering/verification/history/cleanup-2026-09-29/baseline-worktrees.txt,migration-verification-evidence,False,238,f13dcc4cec60ad97b09fb96887c80f5be323f316512b8bf96be95ec64e7313c3,move
external,cleanup-2026-09-29/build.log,engineering/verification/history/cleanup-2026-09-29/build.log,migration-verification-evidence,False,806,37902b5018703b90567053d2db4723d1023ab7556a600af20c8c95e998f39508,move
external,cleanup-2026-09-29/cleanup-manifest.csv,engineering/verification/history/cleanup-2026-09-29/cleanup-manifest.csv,migration-verification-evidence,False,250540,98cee665125fd0f595b2f702ed8fd184eaa53d790a94f686b06409a89c3a82b2,move
external,cleanup-2026-09-29/cleanup-manifest.json,engineering/verification/history/cleanup-2026-09-29/cleanup-manifest.json,migration-verification-evidence,False,456172,82b9fe78a2e045b03058b1e59f2dc73d4e466f788a02576e62aff2f9d59579d3,move
external,cleanup-2026-09-29/delivery-verification.json,engineering/verification/history/cleanup-2026-09-29/delivery-verification.json,migration-verification-evidence,False,250,bdd4de0b600ac6b37efbcb73abcea019a37e04e53ca880d003e01388cb52e2e7,move
external,cleanup-2026-09-29/final-audit.json,engineering/verification/history/cleanup-2026-09-29/final-audit.json,migration-verification-evidence,False,1929,60dd89014276b1cde3d58336a192d6b5b58ef1b0abe457fe31aefda6cb3775fa,move
external,cleanup-2026-09-29/final-name-status.txt,engineering/verification/history/cleanup-2026-09-29/final-name-status.txt,migration-verification-evidence,False,4352,29e2010884e96759f5566e9a3c0fff1b85bd7407604d2121b5ca29995fff7408,move
external,cleanup-2026-09-29/final-node-tests.log,engineering/verification/history/cleanup-2026-09-29/final-node-tests.log,migration-verification-evidence,False,14115,33f79b64218efbdc65cc1d85267493c0c848518a740c0996619ad78f718c2e99,move
external,cleanup-2026-09-29/final-staged-diff.txt,engineering/verification/history/cleanup-2026-09-29/final-staged-diff.txt,migration-verification-evidence,False,63034797,57696974302cc3f606d9779c80bce12fc1e0a665ffa24ce1ca58cbb234b8dbff,move
external,cleanup-2026-09-29/final-staged-stat.txt,engineering/verification/history/cleanup-2026-09-29/final-staged-stat.txt,migration-verification-evidence,False,5722,a2daae21d9cd6f58dba2de285ef3fc3bfa3be477c1e43e385d09e1dc9381adfb,move
external,cleanup-2026-09-29/final-status.txt,engineering/verification/history/cleanup-2026-09-29/final-status.txt,migration-verification-evidence,False,4442,dada4ad91663b46d046d2e901579a3e7ed886313d2ff3665714f37579881df44,move
external,cleanup-2026-09-29/final_audit.py,engineering/verification/history/cleanup-2026-09-29/final_audit.py,migration-verification-evidence,False,8049,418eff2329663c780c9d4c25d0d37fa9b47365f4fdcdcf13b8ad752a936109ef,move
external,cleanup-2026-09-29/github-files.txt,engineering/verification/history/cleanup-2026-09-29/github-files.txt,migration-verification-evidence,False,3996,638d511967ff11e32a558fdd1b0b6d204e23c87885a72893b9fd57cc1b97cbef,move
external,cleanup-2026-09-29/github-tree.txt,engineering/verification/history/cleanup-2026-09-29/github-tree.txt,migration-verification-evidence,False,5664,c27d98de5f0a041d7a07cc69b05f436fc44205fca6c78b747860727c1f4bd801,move
external,cleanup-2026-09-29/implementation-plan.md,engineering/verification/history/cleanup-2026-09-29/implementation-plan.md,migration-verification-evidence,False,2092,276ea43f4fb4971102440863704a1e2003f7ef968da14ce47b2009c4b78188f5,move
external,cleanup-2026-09-29/live-storage-check.json,engineering/verification/history/cleanup-2026-09-29/live-storage-check.json,migration-verification-evidence,False,195,35b0e424dcbfac1bbb2b51b8463e9521147d551a5a606027cd7e60994afabca2,move
external,cleanup-2026-09-29/live-storage-check.mjs,engineering/verification/history/cleanup-2026-09-29/live-storage-check.mjs,migration-verification-evidence,False,2627,a3d7eb23d256409459172d37923e413b33008c74bf097be3a9402f0eb780663b,move
external,cleanup-2026-09-29/markdown-links.json,engineering/verification/history/cleanup-2026-09-29/markdown-links.json,migration-verification-evidence,False,4679,dd72ec2e00bc9a13e1a64d921e26863faddaa0860da4c2e34a2925d447b90de8,move
external,cleanup-2026-09-29/migrate.ps1,engineering/verification/history/cleanup-2026-09-29/migrate.ps1,migration-verification-evidence,False,9082,5a1eeb797dd6fb212f9f2c4fc909d8f6be4f5ef2b7168bf31166eed79c10705d,move
external,cleanup-2026-09-29/migration-actions.json,engineering/verification/history/cleanup-2026-09-29/migration-actions.json,migration-verification-evidence,False,13723,9e4068e78d6fb315e6a62af3251eea7355fdac1d235ad08b5fb7e6f4865bd061,move
external,cleanup-2026-09-29/npm-ci.log,engineering/verification/history/cleanup-2026-09-29/npm-ci.log,migration-verification-evidence,False,147,4ca76577c9da158ceeb453d8156c4466cba7358688773896c7a020ee432c2c29,move
external,cleanup-2026-09-29/physical-files.txt,engineering/verification/history/cleanup-2026-09-29/physical-files.txt,migration-verification-evidence,False,5720,44f77fa44d83d2f521420f7e5a02692496ca1e81477ca5304cd8e54068ec04cf,move
external,cleanup-2026-09-29/physical-tree.txt,engineering/verification/history/cleanup-2026-09-29/physical-tree.txt,migration-verification-evidence,False,7902,777eff1f5356c3fbfc19fa5cbcf1abc227b1d30e1a9f52041c39f0ec4371c5bd,move
external,cleanup-2026-09-29/pre-cleanup-project.zip,engineering/verification/history/cleanup-2026-09-29/pre-cleanup-project.zip,migration-verification-evidence,False,1161072,1092c828f5c51cf8dfad3b1e3de4c9a76fc2545a13a01427476bac176e9ae5b6,move
external,cleanup-2026-09-29/pre-stage-secret-audit.json,engineering/verification/history/cleanup-2026-09-29/pre-stage-secret-audit.json,migration-verification-evidence,False,60,1e8e9d99422e8d713d843828b6606e8307947de9daa9b0e6e883c1096f0abcec,move
external,cleanup-2026-09-29/protected-engine-hashes.json,engineering/verification/history/cleanup-2026-09-29/protected-engine-hashes.json,migration-verification-evidence,False,1832,e101684bcb56dd8be3fef947e03c993f35bd0468153c08f6ff0595946f9d1b06,move
external,cleanup-2026-09-29/readme.txt,engineering/verification/history/cleanup-2026-09-29/readme.txt,migration-verification-evidence,False,16538,e62316e7cb80a988fe9fdd44d9f38f3378f64a10e00c567e3f9d3b1a0d6634b4,move
external,cleanup-2026-09-29/relative-imports.json,engineering/verification/history/cleanup-2026-09-29/relative-imports.json,migration-verification-evidence,False,11178,a1372884549d5ad1070d63c8b712fa428fe759a27035b833ddb5e58bbd7d3eab,move
external,cleanup-2026-09-29/repair.py,engineering/verification/history/cleanup-2026-09-29/repair.py,migration-verification-evidence,False,8436,cf890f9a649c7080374772267f4d670eefefa9fcd0be6d431ec2e220d4999fde,move
external,cleanup-2026-09-29/report.py,engineering/verification/history/cleanup-2026-09-29/report.py,migration-verification-evidence,False,18157,73e75106e6909db882ae9cfd7e45124e135d456c6a4b6789d7bf1976a5278b6c,move
external,cleanup-2026-09-29/secret-history-audit.json,engineering/verification/history/cleanup-2026-09-29/secret-history-audit.json,migration-verification-evidence,False,167,a694dece652c53bd25fa9ffb24ba805e1590ff4b816ceb8d11a32503b5eb2042,move
external,cleanup-2026-09-29/stage-command.log,engineering/verification/history/cleanup-2026-09-29/stage-command.log,migration-verification-evidence,False,0,e3b0c44298fc1c149afbf4c8996fb92427ae41e4649b934ca495991b7852b855,move
external,cleanup-2026-09-29/staged-whitespace-check.log,engineering/verification/history/cleanup-2026-09-29/staged-whitespace-check.log,migration-verification-evidence,False,387,36bc3d4091ddc9db83eaf86e599f6b12dcc965a10f0cc7c58034a1df49ba6418,move
external,cleanup-2026-09-29/structural-checks.json,engineering/verification/history/cleanup-2026-09-29/structural-checks.json,migration-verification-evidence,False,272,259becbe241d4733c3fba572ada154cf7aa9a7925a177f81615534429ca712af,move
external,cleanup-2026-09-29/structural_checks.py,engineering/verification/history/cleanup-2026-09-29/structural_checks.py,migration-verification-evidence,False,3740,d97bc0ec19c7096e5d10383fdc6e6c8e57c99055df5db35b3d1155f26af9a1c3,move
external,cleanup-2026-09-29/task-whitespace-check.log,engineering/verification/history/cleanup-2026-09-29/task-whitespace-check.log,migration-verification-evidence,False,0,e3b0c44298fc1c149afbf4c8996fb92427ae41e4649b934ca495991b7852b855,move
external,cleanup-2026-09-29/validation-results.json,engineering/verification/history/cleanup-2026-09-29/validation-results.json,migration-verification-evidence,False,3259,4011f1ca2da46ec711d0cffb41a9b74455d06b8b90c010970a682314a8d4e77f,move
external,cleanup-2026-09-29/regenerated-artifacts/dist/index.html,engineering/verification/history/cleanup-2026-09-29/regenerated-artifacts/dist/index.html,generated-dependency-build-cache,False,723,592fbe472142d9bcb46fa411ff158e6d18d57184781fe7234b6e536d599c90e2,move
external,cleanup-2026-09-29/regenerated-artifacts/dist/assets/index-Bs4qDQ5z.js,engineering/verification/history/cleanup-2026-09-29/regenerated-artifacts/dist/assets/index-Bs4qDQ5z.js,generated-dependency-build-cache,False,765273,5a5f732a24ee7e0a656ec2a7d64d8d191ba997dfddcc249d162966d4d59ed667,move
external,cleanup-2026-09-29/regenerated-artifacts/dist/assets/index-Cg5ouiIq.css,engineering/verification/history/cleanup-2026-09-29/regenerated-artifacts/dist/assets/index-Cg5ouiIq.css,generated-dependency-build-cache,False,174992,1f261664b2a7be4982a415499b86f9e88c343ef613eef1c9963ce2a959584a87,move
external,cleanup-2026-09-29/regenerated-artifacts/node_modules/.package-lock.json,engineering/verification/history/cleanup-2026-09-29/regenerated-artifacts/node_modules/.package-lock.json,generated-dependency-build-cache,False,11512,10d5711be788906dfac8b1db23821f790f506b9f30f0ea4d9335a177ec205734,move
external,cleanup-2026-09-29/regenerated-artifacts/node_modules/.bin/nanoid,engineering/verification/history/cleanup-2026-09-29/regenerated-artifacts/node_modules/.bin/nanoid,generated-dependency-build-cache,False,818,5ae7d15cfa0c87c8f9bbe3759a451e001bff03df918d14696f1e8e1b8a55e206,move
external,cleanup-2026-09-29/regenerated-artifacts/node_modules/.bin/nanoid.cmd,engineering/verification/history/cleanup-2026-09-29/regenerated-artifacts/node_modules/.bin/nanoid.cmd,generated-dependency-build-cache,False,325,d0161b261c14728bf85f38fba28eeb4569e2dfc91702e69d58d9ede7b69ab2ed,move
external,cleanup-2026-09-29/regenerated-artifacts/node_modules/.bin/nanoid.ps1,engineering/verification/history/cleanup-2026-09-29/regenerated-artifacts/node_modules/.bin/nanoid.ps1,generated-dependency-build-cache,False,809,c2b48c0422548661c689493b3249b16f93599ca15fc3af5e821f9e6bccbe2aad,move
external,cleanup-2026-09-29/regenerated-artifacts/node_modules/.bin/playwright-core,engineering/verification/history/cleanup-2026-09-29/regenerated-artifacts/node_modules/.bin/playwright-core,generated-dependency-build-cache,False,819,7371afa419e634f0bcd24d43e581619aecada581b27a6bb27241b9a70fc89c31,move
external,cleanup-2026-09-29/regenerated-artifacts/node_modules/.bin/playwright-core.cmd,engineering/verification/history/cleanup-2026-09-29/regenerated-artifacts/node_modules/.bin/playwright-core.cmd,generated-dependency-build-cache,False,326,0299bcf5ef24d926113c66400f9ad5a70f2806231fc474ac720a68ab1a00bd80,move
external,cleanup-2026-09-29/regenerated-artifacts/node_modules/.bin/playwright-core.ps1,engineering/verification/history/cleanup-2026-09-29/regenerated-artifacts/node_modules/.bin/playwright-core.ps1,generated-dependency-build-cache,False,813,3bf0f558069840dbf93f823da0886e3f7b01e58f00c26ca9a2a5551bafd6052b,move
external,cleanup-2026-09-29/regenerated-artifacts/node_modules/.bin/rolldown,engineering/verification/history/cleanup-2026-09-29/regenerated-artifacts/node_modules/.bin/rolldown,generated-dependency-build-cache,False,817,62094b2adb7a2321fd54b9e393987133080b8bc262050b852ccd4f0d6f4dbf75,move
external,cleanup-2026-09-29/regenerated-artifacts/node_modules/.bin/rolldown.cmd,engineering/verification/history/cleanup-2026-09-29/regenerated-artifacts/node_modules/.bin/rolldown.cmd,generated-dependency-build-cache,False,324,b0d39f248efa28bdb571cf7e37289ad343c197c02a3af60450239a8296d3373b,move
external,cleanup-2026-09-29/regenerated-artifacts/node_modules/.bin/rolldown.ps1,engineering/verification/history/cleanup-2026-09-29/regenerated-artifacts/node_modules/.bin/rolldown.ps1,generated-dependency-build-cache,False,805,928851037cd811b90043e04143cb52a6f9e1055d7667f82f29ea3cbe3c3f9f1f,move
external,cleanup-2026-09-29/regenerated-artifacts/node_modules/.bin/vite,engineering/verification/history/cleanup-2026-09-29/regenerated-artifacts/node_modules/.bin/vite,generated-dependency-build-cache,False,813,84a9d04c5138468ee063b067b6be3a34e65183259b2f2df4582f1b4c3f686fa7,move
external,cleanup-2026-09-29/regenerated-artifacts/node_modules/.bin/vite.cmd,engineering/verification/history/cleanup-2026-09-29/regenerated-artifacts/node_modules/.bin/vite.cmd,generated-dependency-build-cache,False,320,58a05ca4c238081133c5158a44401f633a061f18370509f8493540518b50caa9,move
external,cleanup-2026-09-29/regenerated-artifacts/node_modules/.bin/vite.ps1,engineering/verification/history/cleanup-2026-09-29/regenerated-artifacts/node_modules/.bin/vite.ps1,generated-dependency-build-cache,False,789,fb22a675c5bf414d459a8b07172d5cc073c7d51520bed1d7d6f1652e3fd1f3ea,move
external,cleanup-2026-09-29/regenerated-artifacts/node_modules/.vite/deps_temp_728b837a/package.json,engineering/verification/history/cleanup-2026-09-29/regenerated-artifacts/node_modules/.vite/deps_temp_728b837a/package.json,generated-dependency-build-cache,False,23,3ca9d4afd21425087cf31893b8f9f63c81b0b8408db5e343ca76e5f8aa26ab9a,move
external,cleanup-2026-09-29/regenerated-artifacts/node_modules/.vite/deps_temp_92b881a8/package.json,engineering/verification/history/cleanup-2026-09-29/regenerated-artifacts/node_modules/.vite/deps_temp_92b881a8/package.json,generated-dependency-build-cache,False,23,3ca9d4afd21425087cf31893b8f9f63c81b0b8408db5e343ca76e5f8aa26ab9a,move
external,cleanup-2026-09-29/regenerated-artifacts/node_modules/@oxc-project/types/LICENSE,engineering/verification/history/cleanup-2026-09-29/regenerated-artifacts/node_modules/@oxc-project/types/LICENSE,generated-dependency-build-cache,False,1119,95ced5ecf1133fbf41d409b5555c86c344f83f3b019926057ddbc07cfdcc27b3,move
external,cleanup-2026-09-29/regenerated-artifacts/node_modules/@oxc-project/types/README.md,engineering/verification/history/cleanup-2026-09-29/regenerated-artifacts/node_modules/@oxc-project/types/README.md,generated-dependency-build-cache,False,55,a6d02a8c1016c2305e8cd9eeab91ad1b1d9c614b2b361edef0d0da3816a0775a,move
external,cleanup-2026-09-29/regenerated-artifacts/node_modules/@oxc-project/types/package.json,engineering/verification/history/cleanup-2026-09-29/regenerated-artifacts/node_modules/@oxc-project/types/package.json,generated-dependency-build-cache,False,577,e7d7c0d4c05a2cf91517b80f3f3c5de59933d031c1b0d33f672f765cc56c7be1,move
external,cleanup-2026-09-29/regenerated-artifacts/node_modules/@oxc-project/types/types.d.ts,engineering/verification/history/cleanup-2026-09-29/regenerated-artifacts/node_modules/@oxc-project/types/types.d.ts,generated-dependency-build-cache,False,42826,13f758619efc1ce2eda9da363ddbefc48813163cd6d8de45cbdef600c6f366a4,move
external,cleanup-2026-09-29/regenerated-artifacts/node_modules/@rolldown/binding-win32-x64-msvc/README.md,engineering/verification/history/cleanup-2026-09-29/regenerated-artifacts/node_modules/@rolldown/binding-win32-x64-msvc/README.md,generated-dependency-build-cache,False,108,327b514303b86e589a6d6bb831928bb9720678fb72648f81c8c2cdcb2f7a856f,move
external,cleanup-2026-09-29/regenerated-artifacts/node_modules/@rolldown/binding-win32-x64-msvc/package.json,engineering/verification/history/cleanup-2026-09-29/regenerated-artifacts/node_modules/@rolldown/binding-win32-x64-msvc/package.json,generated-dependency-build-cache,False,782,9edab31985bcebb66b7aea6371c434d5d80fe1328ffad35ebb639ad0aa974456,move
external,cleanup-2026-09-29/regenerated-artifacts/node_modules/@rolldown/binding-win32-x64-msvc/rolldown-binding.win32-x64-msvc.node,engineering/verification/history/cleanup-2026-09-29/regenerated-artifacts/node_modules/@rolldown/binding-win32-x64-msvc/rolldown-binding.win32-x64-msvc.node,generated-dependency-build-cache,False,20955136,716991dc09837d123b49d447b7ebf9d0de68706b05a492163ea9b27907a042ef,move
external,cleanup-2026-09-29/regenerated-artifacts/node_modules/@rolldown/pluginutils/LICENSE,engineering/verification/history/cleanup-2026-09-29/regenerated-artifacts/node_modules/@rolldown/pluginutils/LICENSE,generated-dependency-build-cache,False,1106,e1919b3b98b8bf6c1b99fcc60a0ed46027c97ac947432e1278446c9606f50161,move
external,cleanup-2026-09-29/regenerated-artifacts/node_modules/@rolldown/pluginutils/README.md,engineering/verification/history/cleanup-2026-09-29/regenerated-artifacts/node_modules/@rolldown/pluginutils/README.md,generated-dependency-build-cache,False,6177,4886d9da5238f5d7e44fa2558a3c8d4939e5eb212cc1a3e587472ee2b65fd3fd,move
external,cleanup-2026-09-29/regenerated-artifacts/node_modules/@rolldown/pluginutils/package.json,engineering/verification/history/cleanup-2026-09-29/regenerated-artifacts/node_modules/@rolldown/pluginutils/package.json,generated-dependency-build-cache,False,975,c3d2bfe0ff94de71fd5b82e6f3a01b12ee4d99b8f1b34cc00b984b9acde61cfa,move
external,cleanup-2026-09-29/regenerated-artifacts/node_modules/@rolldown/pluginutils/dist/filter-B_mD-HGz.mjs,engineering/verification/history/cleanup-2026-09-29/regenerated-artifacts/node_modules/@rolldown/pluginutils/dist/filter-B_mD-HGz.mjs,generated-dependency-build-cache,False,9099,a133ff74d88a2c230bd5581513467307c01f84a697998ddbb5680f065ebf76a2,move
external,cleanup-2026-09-29/regenerated-artifacts/node_modules/@rolldown/pluginutils/dist/index.d.mts,engineering/verification/history/cleanup-2026-09-29/regenerated-artifacts/node_modules/@rolldown/pluginutils/dist/index.d.mts,generated-dependency-build-cache,False,625,9394183f4c37b8591156f32e41223c9e0dd211eefe7499155d4cdf15268eaea8,move
external,cleanup-2026-09-29/regenerated-artifacts/node_modules/@rolldown/pluginutils/dist/index.mjs,engineering/verification/history/cleanup-2026-09-29/regenerated-artifacts/node_modules/@rolldown/pluginutils/dist/index.mjs,generated-dependency-build-cache,False,549,804098994718a742136af9efea50a097086a2730b3b0279271be5d23fb2751ee,move
external,cleanup-2026-09-29/regenerated-artifacts/node_modules/@rolldown/pluginutils/dist/filter/index.d.mts,engineering/verification/history/cleanup-2026-09-29/regenerated-artifacts/node_modules/@rolldown/pluginutils/dist/filter/index.d.mts,generated-dependency-build-cache,False,6612,638a22f8e16b31c37297483fa38cfc760ed309b16d4c606a7b4532f4394c9c0c,move
external,cleanup-2026-09-29/regenerated-artifacts/node_modules/@rolldown/pluginutils/dist/filter/index.mjs,engineering/verification/history/cleanup-2026-09-29/regenerated-artifacts/node_modules/@rolldown/pluginutils/dist/filter/index.mjs,generated-dependency-build-cache,False,550,064650435c2293e3657ad0cf57a9ac374cad68ad9f3f001d5f741813c58041b2,move
external,cleanup-2026-09-29/regenerated-artifacts/node_modules/detect-libc/LICENSE,engineering/verification/history/cleanup-2026-09-29/regenerated-artifacts/node_modules/detect-libc/LICENSE,generated-dependency-build-cache,False,11357,b40930bbcf80744c86c46a12bc9da056641d722716c378f5659b9e555ef833e1,move
external,cleanup-2026-09-29/regenerated-artifacts/node_modules/detect-libc/README.md,engineering/verification/history/cleanup-2026-09-29/regenerated-artifacts/node_modules/detect-libc/README.md,generated-dependency-build-cache,False,3215,51a97449c443889155bc872522e6de5a91a5fa73edeffa03d749e186bf0eebca,move
external,cleanup-2026-09-29/regenerated-artifacts/node_modules/detect-libc/index.d.ts,engineering/verification/history/cleanup-2026-09-29/regenerated-artifacts/node_modules/detect-libc/index.d.ts,generated-dependency-build-cache,False,436,9500090533aafe039c41d8d368a44959f04482bb75636d96bc843c06f3d6a348,move
external,cleanup-2026-09-29/regenerated-artifacts/node_modules/detect-libc/package.json,engineering/verification/history/cleanup-2026-09-29/regenerated-artifacts/node_modules/detect-libc/package.json,generated-dependency-build-cache,False,1278,ee88e5b954fdf3a8480b1d01ef767d68d8ca2c6da269f58c5cf1c5550e9aa2a7,move
external,cleanup-2026-09-29/regenerated-artifacts/node_modules/detect-libc/lib/detect-libc.js,engineering/verification/history/cleanup-2026-09-29/regenerated-artifacts/node_modules/detect-libc/lib/detect-libc.js,generated-dependency-build-cache,False,7503,5de6a1c1abec8bba5ea1261cf819d83a73c92ebe72b879ae48c59ca12320a462,move
external,cleanup-2026-09-29/regenerated-artifacts/node_modules/detect-libc/lib/elf.js,engineering/verification/history/cleanup-2026-09-29/regenerated-artifacts/node_modules/detect-libc/lib/elf.js,generated-dependency-build-cache,False,982,0e8820f00ee11d179d94894d4f97a6e87c34ab59e5dd4d3a571dfabcecf043af,move
external,cleanup-2026-09-29/regenerated-artifacts/node_modules/detect-libc/lib/filesystem.js,engineering/verification/history/cleanup-2026-09-29/regenerated-artifacts/node_modules/detect-libc/lib/filesystem.js,generated-dependency-build-cache,False,1097,5c98fb66b559d0b4fa82c7a3e39d9ab6840f022c4c73e6b1a73ac6d16ec13fd7,move
external,cleanup-2026-09-29/regenerated-artifacts/node_modules/detect-libc/lib/process.js,engineering/verification/history/cleanup-2026-09-29/regenerated-artifacts/node_modules/detect-libc/lib/process.js,generated-dependency-build-cache,False,569,f37dd0ead9f70b50c6f5529c600e1cdf076e3c3bc8e6b4a0a9820a8d65244628,move
external,cleanup-2026-09-29/regenerated-artifacts/node_modules/fancy-canvas/canvas-element-bitmap-size.d.mts,engineering/verification/history/cleanup-2026-09-29/regenerated-artifacts/node_modules/fancy-canvas/canvas-element-bitmap-size.d.mts,generated-dependency-build-cache,False,1577,469072f77c3aa1e39400d1923a3e6fc43fb888a1f7c7fd632109d909dd1865b4,move
external,cleanup-2026-09-29/regenerated-artifacts/node_modules/fancy-canvas/canvas-element-bitmap-size.d.ts,engineering/verification/history/cleanup-2026-09-29/regenerated-artifacts/node_modules/fancy-canvas/canvas-element-bitmap-size.d.ts,generated-dependency-build-cache,False,1575,a0225a9a7afee50595067da99e79204c25685eb9e7340b2d51359a9f4bb36187,move
external,cleanup-2026-09-29/regenerated-artifacts/node_modules/fancy-canvas/canvas-element-bitmap-size.js,engineering/verification/history/cleanup-2026-09-29/regenerated-artifacts/node_modules/fancy-canvas/canvas-element-bitmap-size.js,generated-dependency-build-cache,False,11349,79c912c02c976c9e2fb610f969cfdd4e20f161f990d9db11a2e07b43fa5a00d0,move
external,cleanup-2026-09-29/regenerated-artifacts/node_modules/fancy-canvas/canvas-element-bitmap-size.mjs,engineering/verification/history/cleanup-2026-09-29/regenerated-artifacts/node_modules/fancy-canvas/canvas-element-bitmap-size.mjs,generated-dependency-build-cache,False,11106,536a105163a935358f09f0ade2e11365a5d4b4db407590a0e0cb6804211b9c7d,move
external,cleanup-2026-09-29/regenerated-artifacts/node_modules/fancy-canvas/canvas-rendering-target.d.mts,engineering/verification/history/cleanup-2026-09-29/regenerated-artifacts/node_modules/fancy-canvas/canvas-rendering-target.d.mts,generated-dependency-build-cache,False,1468,83bed67bdd05171b4c7aadcea1b6458818957e50921a06870fece967759029cb,move
external,cleanup-2026-09-29/regenerated-artifacts/node_modules/fancy-canvas/canvas-rendering-target.d.ts,engineering/verification/history/cleanup-2026-09-29/regenerated-artifacts/node_modules/fancy-canvas/canvas-rendering-target.d.ts,generated-dependency-build-cache,False,1466,292d80b398d8f267c929c60bf7489ea38ec0fdea560926b892c1d4a6bdc3909a,move
external,cleanup-2026-09-29/regenerated-artifacts/node_modules/fancy-canvas/canvas-rendering-target.js,engineering/verification/history/cleanup-2026-09-29/regenerated-artifacts/node_modules/fancy-canvas/canvas-rendering-target.js,generated-dependency-build-cache,False,3981,c00c1eabf9def4bcd9327d4a51a06e1c68475dc764860ad9fef441aad5877720,move
external,cleanup-2026-09-29/regenerated-artifacts/node_modules/fancy-canvas/canvas-rendering-target.mjs,engineering/verification/history/cleanup-2026-09-29/regenerated-artifacts/node_modules/fancy-canvas/canvas-rendering-target.mjs,generated-dependency-build-cache,False,3622,6bb1b8281290f277bf0b48c2fbd0d4aaea785826156229e3bb39dd9a36de8006,move
external,cleanup-2026-09-29/regenerated-artifacts/node_modules/fancy-canvas/device-pixel-ratio.d.mts,engineering/verification/history/cleanup-2026-09-29/regenerated-artifacts/node_modules/fancy-canvas/device-pixel-ratio.d.mts,generated-dependency-build-cache,False,180,75512452ae9f76d911765d5d4bbf86f9a5a50f468d849500babf9860893261cf,move
external,cleanup-2026-09-29/regenerated-artifacts/node_modules/fancy-canvas/device-pixel-ratio.d.ts,engineering/verification/history/cleanup-2026-09-29/regenerated-artifacts/node_modules/fancy-canvas/device-pixel-ratio.d.ts,generated-dependency-build-cache,False,178,c70eaf8b5a7d7b2b763f099156aa81355a29a82921f61b60531ef29d54b51e4b,move
external,cleanup-2026-09-29/regenerated-artifacts/node_modules/fancy-canvas/device-pixel-ratio.js,engineering/verification/history/cleanup-2026-09-29/regenerated-artifacts/node_modules/fancy-canvas/device-pixel-ratio.js,generated-dependency-build-cache,False,2759,5a46bdd85e69b50cc21900ffb581beee5671220a6c75820d8bf990dea8050e5a,move
external,cleanup-2026-09-29/regenerated-artifacts/node_modules/fancy-canvas/device-pixel-ratio.mjs,engineering/verification/history/cleanup-2026-09-29/regenerated-artifacts/node_modules/fancy-canvas/device-pixel-ratio.mjs,generated-dependency-build-cache,False,2609,4b86c4d799d6da70013972f40ef0dbe958fb4e2e39a9201984f7eb738cd5a8d1,move
external,cleanup-2026-09-29/regenerated-artifacts/node_modules/fancy-canvas/disposable.d.mts,engineering/verification/history/cleanup-2026-09-29/regenerated-artifacts/node_modules/fancy-canvas/disposable.d.mts,generated-dependency-build-cache,False,61,309a1157c6c3bdef9f53e9db268b21f48455ebd0f54dd094d645b14dbd021bf2,move
external,cleanup-2026-09-29/regenerated-artifacts/node_modules/fancy-canvas/disposable.d.ts,engineering/verification/history/cleanup-2026-09-29/regenerated-artifacts/node_modules/fancy-canvas/disposable.d.ts,generated-dependency-build-cache,False,61,309a1157c6c3bdef9f53e9db268b21f48455ebd0f54dd094d645b14dbd021bf2,move
external,cleanup-2026-09-29/regenerated-artifacts/node_modules/fancy-canvas/disposable.js,engineering/verification/history/cleanup-2026-09-29/regenerated-artifacts/node_modules/fancy-canvas/disposable.js,generated-dependency-build-cache,False,77,d43aa81f5bc89faa359e0f97c814ba25155591ff078fbb9bfd40f8c7c9683230,move
external,cleanup-2026-09-29/regenerated-artifacts/node_modules/fancy-canvas/disposable.mjs,engineering/verification/history/cleanup-2026-09-29/regenerated-artifacts/node_modules/fancy-canvas/disposable.mjs,generated-dependency-build-cache,False,11,8e609bb71c20b858c77f0e9f90bb1319db8477b13f9f965f1a1e18524bf50881,move
external,cleanup-2026-09-29/regenerated-artifacts/node_modules/fancy-canvas/index.d.mts,engineering/verification/history/cleanup-2026-09-29/regenerated-artifacts/node_modules/fancy-canvas/index.d.mts,generated-dependency-build-cache,False,533,df4e3d1a16fe03be2eb8a715cd176c18311c1662d4bc43a02c11a89799e344c4,move
external,cleanup-2026-09-29/regenerated-artifacts/node_modules/fancy-canvas/index.d.ts,engineering/verification/history/cleanup-2026-09-29/regenerated-artifacts/node_modules/fancy-canvas/index.d.ts,generated-dependency-build-cache,False,529,9b2cf7a3c7f19d06eded35d123b351a79a5de7d3f8a2b2ac297d718e311411c2,move
external,cleanup-2026-09-29/regenerated-artifacts/node_modules/fancy-canvas/index.js,engineering/verification/history/cleanup-2026-09-29/regenerated-artifacts/node_modules/fancy-canvas/index.js,generated-dependency-build-cache,False,1378,8964a0e73362eba93b7ebc1d48d40449337eeeb271ef834c4f4ee509d2b99496,move
external,cleanup-2026-09-29/regenerated-artifacts/node_modules/fancy-canvas/index.mjs,engineering/verification/history/cleanup-2026-09-29/regenerated-artifacts/node_modules/fancy-canvas/index.mjs,generated-dependency-build-cache,False,279,4ab81643835adb6970dddffd5d5d45bd16309dd153b2dbdae9720a5b337f7cd5,move
external,cleanup-2026-09-29/regenerated-artifacts/node_modules/fancy-canvas/package.json,engineering/verification/history/cleanup-2026-09-29/regenerated-artifacts/node_modules/fancy-canvas/package.json,generated-dependency-build-cache,False,536,9b204f723c7986396eb03d091067f6ce82bcd851e43a3498fd0793d3a6d9b227,move
external,cleanup-2026-09-29/regenerated-artifacts/node_modules/fancy-canvas/rx.d.mts,engineering/verification/history/cleanup-2026-09-29/regenerated-artifacts/node_modules/fancy-canvas/rx.d.mts,generated-dependency-build-cache,False,309,4db2143b3fbd9ccabc751e0bac89892965c3b2bc5394fec7eff85ff8cc009600,move
external,cleanup-2026-09-29/regenerated-artifacts/node_modules/fancy-canvas/rx.d.ts,engineering/verification/history/cleanup-2026-09-29/regenerated-artifacts/node_modules/fancy-canvas/rx.d.ts,generated-dependency-build-cache,False,309,4db2143b3fbd9ccabc751e0bac89892965c3b2bc5394fec7eff85ff8cc009600,move
external,cleanup-2026-09-29/regenerated-artifacts/node_modules/fancy-canvas/rx.js,engineering/verification/history/cleanup-2026-09-29/regenerated-artifacts/node_modules/fancy-canvas/rx.js,generated-dependency-build-cache,False,77,d43aa81f5bc89faa359e0f97c814ba25155591ff078fbb9bfd40f8c7c9683230,move
external,cleanup-2026-09-29/regenerated-artifacts/node_modules/fancy-canvas/rx.mjs,engineering/verification/history/cleanup-2026-09-29/regenerated-artifacts/node_modules/fancy-canvas/rx.mjs,generated-dependency-build-cache,False,11,8e609bb71c20b858c77f0e9f90bb1319db8477b13f9f965f1a1e18524bf50881,move
external,cleanup-2026-09-29/regenerated-artifacts/node_modules/fancy-canvas/size.d.mts,engineering/verification/history/cleanup-2026-09-29/regenerated-artifacts/node_modules/fancy-canvas/size.d.mts,generated-dependency-build-cache,False,355,3b24d2d4a402ff1dd7cb3471bad74eb6442c87d754d1ad1a97250eb2576df82f,move
external,cleanup-2026-09-29/regenerated-artifacts/node_modules/fancy-canvas/size.d.ts,engineering/verification/history/cleanup-2026-09-29/regenerated-artifacts/node_modules/fancy-canvas/size.d.ts,generated-dependency-build-cache,False,355,3b24d2d4a402ff1dd7cb3471bad74eb6442c87d754d1ad1a97250eb2576df82f,move
external,cleanup-2026-09-29/regenerated-artifacts/node_modules/fancy-canvas/size.js,engineering/verification/history/cleanup-2026-09-29/regenerated-artifacts/node_modules/fancy-canvas/size.js,generated-dependency-build-cache,False,625,fa37a16c00c75011f3cc1d5045201513b7482ee59022195aeb3eb1aec4749c12,move
external,cleanup-2026-09-29/regenerated-artifacts/node_modules/fancy-canvas/size.mjs,engineering/verification/history/cleanup-2026-09-29/regenerated-artifacts/node_modules/fancy-canvas/size.mjs,generated-dependency-build-cache,False,464,05bc3bc47fe1d57b674f9d9f8cd80f938a8234093e84208fc6cce62808094923,move
external,cleanup-2026-09-29/regenerated-artifacts/node_modules/fdir/LICENSE,engineering/verification/history/cleanup-2026-09-29/regenerated-artifacts/node_modules/fdir/LICENSE,generated-dependency-build-cache,False,1053,9a39f2aadab11a3697edd668ff2d8ad885b649737b7ab4d3bf12b34e5ada0c86,move
external,cleanup-2026-09-29/regenerated-artifacts/node_modules/fdir/README.md,engineering/verification/history/cleanup-2026-09-29/regenerated-artifacts/node_modules/fdir/README.md,generated-dependency-build-cache,False,3851,99ba9a269bf78c24621c0eaaee2978fd2deea1680c147ede89eb2f900ea1d562,move
external,cleanup-2026-09-29/regenerated-artifacts/node_modules/fdir/package.json,engineering/verification/history/cleanup-2026-09-29/regenerated-artifacts/node_modules/fdir/package.json,generated-dependency-build-cache,False,2694,aca49395d61ef383a09f74555c66ed45817ca2b5724e710a4dc9e0471b83d8f5,move
external,cleanup-2026-09-29/regenerated-artifacts/node_modules/fdir/dist/index.cjs,engineering/verification/history/cleanup-2026-09-29/regenerated-artifacts/node_modules/fdir/dist/index.cjs,generated-dependency-build-cache,False,18210,ec92c1fdd78905a7b6d1ea3391aeca2cf19d10e6bbd04db0de158fbfc8b6cff4,move
external,cleanup-2026-09-29/regenerated-artifacts/node_modules/fdir/dist/index.d.cts,engineering/verification/history/cleanup-2026-09-29/regenerated-artifacts/node_modules/fdir/dist/index.d.cts,generated-dependency-build-cache,False,5129,84e9a7a30adfbe64e51de98c71cc5b8403f6c1af16301c6f40fc2febc4be6fd3,move
external,cleanup-2026-09-29/regenerated-artifacts/node_modules/fdir/dist/index.d.mts,engineering/verification/history/cleanup-2026-09-29/regenerated-artifacts/node_modules/fdir/dist/index.d.mts,generated-dependency-build-cache,False,5129,84e9a7a30adfbe64e51de98c71cc5b8403f6c1af16301c6f40fc2febc4be6fd3,move
external,cleanup-2026-09-29/regenerated-artifacts/node_modules/fdir/dist/index.mjs,engineering/verification/history/cleanup-2026-09-29/regenerated-artifacts/node_modules/fdir/dist/index.mjs,generated-dependency-build-cache,False,17225,4a0266bf60373bc08bcac35a813587ead767864b3a80b5dca10bff999e05e32d,move
external,cleanup-2026-09-29/regenerated-artifacts/node_modules/lightningcss/LICENSE,engineering/verification/history/cleanup-2026-09-29/regenerated-artifacts/node_modules/lightningcss/LICENSE,generated-dependency-build-cache,False,15648,5eba353fe5076ac3432177f8ab1cf75e3afcd0584251e37c3bfead5f447d040e,move
external,cleanup-2026-09-29/regenerated-artifacts/node_modules/lightningcss/README.md,engineering/verification/history/cleanup-2026-09-29/regenerated-artifacts/node_modules/lightningcss/README.md,generated-dependency-build-cache,False,6058,5c0c95d29d204230e9bdb1b998b6dc960f88524f4202e2375062b75bba2b957b,move
external,cleanup-2026-09-29/regenerated-artifacts/node_modules/lightningcss/package.json,engineering/verification/history/cleanup-2026-09-29/regenerated-artifacts/node_modules/lightningcss/package.json,generated-dependency-build-cache,False,3834,b26fa1b188f90ec672206326e9a1de793f0403a263be9c3797c2e2d56aa48b3c,move
external,cleanup-2026-09-29/regenerated-artifacts/node_modules/lightningcss/node/ast.d.ts,engineering/verification/history/cleanup-2026-09-29/regenerated-artifacts/node_modules/lightningcss/node/ast.d.ts,generated-dependency-build-cache,False,213707,f3fe8197217cb6fd6e07c0eaa0966e4ece77cd779cbfc55767a93704cc692e04,move
external,cleanup-2026-09-29/regenerated-artifacts/node_modules/lightningcss/node/ast.js.flow,engineering/verification/history/cleanup-2026-09-29/regenerated-artifacts/node_modules/lightningcss/node/ast.js.flow,generated-dependency-build-cache,False,218067,77bf7eeeedb46af8074af0af110eb950b07cff543646dbfb2a311ffc58e743e4,move
external,cleanup-2026-09-29/regenerated-artifacts/node_modules/lightningcss/node/browserslistToTargets.js,engineering/verification/history/cleanup-2026-09-29/regenerated-artifacts/node_modules/lightningcss/node/browserslistToTargets.js,generated-dependency-build-cache,False,929,18b2c767c8623273e0c5ead5bb8e09f3f843d8401aaa6518dbdd20337849f37b,move
external,cleanup-2026-09-29/regenerated-artifacts/node_modules/lightningcss/node/composeVisitors.js,engineering/verification/history/cleanup-2026-09-29/regenerated-artifacts/node_modules/lightningcss/node/composeVisitors.js,generated-dependency-build-cache,False,11393,0d5aeaeaf42ccc6c64d10add07aa243102cdc8c6c25c3e2ebb1b01c46a1356f5,move
external,cleanup-2026-09-29/regenerated-artifacts/node_modules/lightningcss/node/flags.js,engineering/verification/history/cleanup-2026-09-29/regenerated-artifacts/node_modules/lightningcss/node/flags.js,generated-dependency-build-cache,False,666,646027f1c0977cf151916b221edf51c2b4287ff5b5028c60243f6b014e9a388d,move
external,cleanup-2026-09-29/regenerated-artifacts/node_modules/lightningcss/node/index.d.ts,engineering/verification/history/cleanup-2026-09-29/regenerated-artifacts/node_modules/lightningcss/node/index.d.ts,generated-dependency-build-cache,False,18831,617112682fcb55805f0a0e16450397edc016881962eee4298f4f4e3ef795aee8,move
external,cleanup-2026-09-29/regenerated-artifacts/node_modules/lightningcss/node/index.js,engineering/verification/history/cleanup-2026-09-29/regenerated-artifacts/node_modules/lightningcss/node/index.js,generated-dependency-build-cache,False,1665,8b7f10ff14d65a382bd7041a747df4a0d4b7c4e22b2842bcaca2588cd86bb045,move
external,cleanup-2026-09-29/regenerated-artifacts/node_modules/lightningcss/node/index.js.flow,engineering/verification/history/cleanup-2026-09-29/regenerated-artifacts/node_modules/lightningcss/node/index.js.flow,generated-dependency-build-cache,False,21054,c0a3c5b9c8acdc12cbdd9baf2d379d71154ae67acadf8f4a62b7077d99fafd8a,move
external,cleanup-2026-09-29/regenerated-artifacts/node_modules/lightningcss/node/index.mjs,engineering/verification/history/cleanup-2026-09-29/regenerated-artifacts/node_modules/lightningcss/node/index.mjs,generated-dependency-build-cache,False,276,e1a8e4ea3242b6e95d13aeddb3ef95ff9d3282852e23257618f784566484e452,move
external,cleanup-2026-09-29/regenerated-artifacts/node_modules/lightningcss/node/targets.d.ts,engineering/verification/history/cleanup-2026-09-29/regenerated-artifacts/node_modules/lightningcss/node/targets.d.ts,generated-dependency-build-cache,False,867,a18642ddf216f162052a16cba0944892c4c4c977d3306a87cb673d46abbb0cbf,move
external,cleanup-2026-09-29/regenerated-artifacts/node_modules/lightningcss/node/targets.js.flow,engineering/verification/history/cleanup-2026-09-29/regenerated-artifacts/node_modules/lightningcss/node/targets.js.flow,generated-dependency-build-cache,False,819,2a8a5ce45165daf3ccc368e9c9bb48a6683fd15e4276b42998a625b26bd795e5,move
external,cleanup-2026-09-29/regenerated-artifacts/node_modules/lightningcss-win32-x64-msvc/LICENSE,engineering/verification/history/cleanup-2026-09-29/regenerated-artifacts/node_modules/lightningcss-win32-x64-msvc/LICENSE,generated-dependency-build-cache,False,15648,5eba353fe5076ac3432177f8ab1cf75e3afcd0584251e37c3bfead5f447d040e,move
external,cleanup-2026-09-29/regenerated-artifacts/node_modules/lightningcss-win32-x64-msvc/README.md,engineering/verification/history/cleanup-2026-09-29/regenerated-artifacts/node_modules/lightningcss-win32-x64-msvc/README.md,generated-dependency-build-cache,False,121,7a8ce7a98de104127a9414f2ad3d1c36e169609c8c85b0e9c232dc723178bd2c,move
external,cleanup-2026-09-29/regenerated-artifacts/node_modules/lightningcss-win32-x64-msvc/lightningcss.win32-x64-msvc.node,engineering/verification/history/cleanup-2026-09-29/regenerated-artifacts/node_modules/lightningcss-win32-x64-msvc/lightningcss.win32-x64-msvc.node,generated-dependency-build-cache,False,9484800,d043df0f0675e7fffed4cf8b8c33e28639ec9f21d445c21e7fe4985e4a9b5a91,move
external,cleanup-2026-09-29/regenerated-artifacts/node_modules/lightningcss-win32-x64-msvc/package.json,engineering/verification/history/cleanup-2026-09-29/regenerated-artifacts/node_modules/lightningcss-win32-x64-msvc/package.json,generated-dependency-build-cache,False,719,b5ebddf44be90f0f82899482f512de5c2937fee0892dd001041cd17b35bc7699,move
external,cleanup-2026-09-29/regenerated-artifacts/node_modules/lightweight-charts/LICENSE,engineering/verification/history/cleanup-2026-09-29/regenerated-artifacts/node_modules/lightweight-charts/LICENSE,generated-dependency-build-cache,False,11347,70c9d5382506dd184465425c08a99ad9bd6d9ac1313c252968ba0b585e5ef823,move
external,cleanup-2026-09-29/regenerated-artifacts/node_modules/lightweight-charts/README.md,engineering/verification/history/cleanup-2026-09-29/regenerated-artifacts/node_modules/lightweight-charts/README.md,generated-dependency-build-cache,False,7412,e32aae65b24825b9368a25c6de05e7a93c0fe9fff45e5c02cd24fa7e1de81db5,move
external,cleanup-2026-09-29/regenerated-artifacts/node_modules/lightweight-charts/package.json,engineering/verification/history/cleanup-2026-09-29/regenerated-artifacts/node_modules/lightweight-charts/package.json,generated-dependency-build-cache,False,1368,c6535c33425f81748d8ccbeed8d98fe71dd4a17157d7c04561cac2a2a180abe1,move
external,cleanup-2026-09-29/regenerated-artifacts/node_modules/lightweight-charts/dist/lightweight-charts.development.mjs,engineering/verification/history/cleanup-2026-09-29/regenerated-artifacts/node_modules/lightweight-charts/dist/lightweight-charts.development.mjs,generated-dependency-build-cache,False,743893,350786b76b81fd99d2fd4f782ad9a35747883cce3c2671d0b35eade8b397a4ae,move
external,cleanup-2026-09-29/regenerated-artifacts/node_modules/lightweight-charts/dist/lightweight-charts.production.mjs,engineering/verification/history/cleanup-2026-09-29/regenerated-artifacts/node_modules/lightweight-charts/dist/lightweight-charts.production.mjs,generated-dependency-build-cache,False,189213,faf0924968b1cbb9ea5bb6baa43a27ed6a0802341c07238b72ae869ffebab90c,move
external,cleanup-2026-09-29/regenerated-artifacts/node_modules/lightweight-charts/dist/lightweight-charts.standalone.development.js,engineering/verification/history/cleanup-2026-09-29/regenerated-artifacts/node_modules/lightweight-charts/dist/lightweight-charts.standalone.development.js,generated-dependency-build-cache,False,828924,d7b74180a63bde3d282e78f8b0bee5a648a85777c21dfa8a5090593a6db8d84a,move
external,cleanup-2026-09-29/regenerated-artifacts/node_modules/lightweight-charts/dist/lightweight-charts.standalone.development.mjs,engineering/verification/history/cleanup-2026-09-29/regenerated-artifacts/node_modules/lightweight-charts/dist/lightweight-charts.standalone.development.mjs,generated-dependency-build-cache,False,760671,d5f65f2040a917159f3e4c9d5f31d859cb85c6827971d61433b86dc2972ebc65,move
external,cleanup-2026-09-29/regenerated-artifacts/node_modules/lightweight-charts/dist/lightweight-charts.standalone.production.js,engineering/verification/history/cleanup-2026-09-29/regenerated-artifacts/node_modules/lightweight-charts/dist/lightweight-charts.standalone.production.js,generated-dependency-build-cache,False,197922,e21cc5caa0226ef30bd8549c50b9ef926615f2a4ee6b4e486353477a55f598cf,move
external,cleanup-2026-09-29/regenerated-artifacts/node_modules/lightweight-charts/dist/lightweight-charts.standalone.production.mjs,engineering/verification/history/cleanup-2026-09-29/regenerated-artifacts/node_modules/lightweight-charts/dist/lightweight-charts.standalone.production.mjs,generated-dependency-build-cache,False,197827,1bb1ee79f9d4dd17261b53d930f7a8995748276f80e7ba0e24412b5068062f5f,move
external,cleanup-2026-09-29/regenerated-artifacts/node_modules/lightweight-charts/dist/typings.d.ts,engineering/verification/history/cleanup-2026-09-29/regenerated-artifacts/node_modules/lightweight-charts/dist/typings.d.ts,generated-dependency-build-cache,False,156435,e3d7cd2e718e92c4f61413f1b15aebb39f20c9e987a138b30e575c7843cc8c71,move
external,cleanup-2026-09-29/regenerated-artifacts/node_modules/nanoid/LICENSE,engineering/verification/history/cleanup-2026-09-29/regenerated-artifacts/node_modules/nanoid/LICENSE,generated-dependency-build-cache,False,1095,da4db1480d9beea3483a2eda5c53b22238d0827d57da162b48f122e04d2d9987,move
external,cleanup-2026-09-29/regenerated-artifacts/node_modules/nanoid/README.md,engineering/verification/history/cleanup-2026-09-29/regenerated-artifacts/node_modules/nanoid/README.md,generated-dependency-build-cache,False,1552,54449254570e72b9eac5e3fafa9232eccffcc2f1de403a4dae02b2ffabee720f,move
external,cleanup-2026-09-29/regenerated-artifacts/node_modules/nanoid/index.browser.cjs,engineering/verification/history/cleanup-2026-09-29/regenerated-artifacts/node_modules/nanoid/index.browser.cjs,generated-dependency-build-cache,False,1117,512a7626d7ae6b08beadd901c3468133b547181baf2ec58f05adf5bcd5d95751,move
external,cleanup-2026-09-29/regenerated-artifacts/node_modules/nanoid/index.browser.js,engineering/verification/history/cleanup-2026-09-29/regenerated-artifacts/node_modules/nanoid/index.browser.js,generated-dependency-build-cache,False,1103,765c95cbce86e6597d153fe41f315c5126c9a62d53a83264a742362d5f5aee91,move
external,cleanup-2026-09-29/regenerated-artifacts/node_modules/nanoid/index.cjs,engineering/verification/history/cleanup-2026-09-29/regenerated-artifacts/node_modules/nanoid/index.cjs,generated-dependency-build-cache,False,1454,d345287b9f05a55b79c4e74b9a0f0d87e3acad5b01160e307b3345ad0e654918,move
external,cleanup-2026-09-29/regenerated-artifacts/node_modules/nanoid/index.d.cts,engineering/verification/history/cleanup-2026-09-29/regenerated-artifacts/node_modules/nanoid/index.d.cts,generated-dependency-build-cache,False,2252,a45ee7555d019a67fbe092898d1aef0b1d02a9f6679ab84461ff515b4460d706,move
external,cleanup-2026-09-29/regenerated-artifacts/node_modules/nanoid/index.d.ts,engineering/verification/history/cleanup-2026-09-29/regenerated-artifacts/node_modules/nanoid/index.d.ts,generated-dependency-build-cache,False,2252,a45ee7555d019a67fbe092898d1aef0b1d02a9f6679ab84461ff515b4460d706,move
external,cleanup-2026-09-29/regenerated-artifacts/node_modules/nanoid/index.js,engineering/verification/history/cleanup-2026-09-29/regenerated-artifacts/node_modules/nanoid/index.js,generated-dependency-build-cache,False,1498,8a991054401ca588465275d07a68f31217648dcffe7e2202f03b40a47a640792,move
external,cleanup-2026-09-29/regenerated-artifacts/node_modules/nanoid/nanoid.js,engineering/verification/history/cleanup-2026-09-29/regenerated-artifacts/node_modules/nanoid/nanoid.js,generated-dependency-build-cache,False,169,8d11a2a154f892b392c0c84dbe3cf9515413e1976103e1827e1a90685b78ae32,move
external,cleanup-2026-09-29/regenerated-artifacts/node_modules/nanoid/package.json,engineering/verification/history/cleanup-2026-09-29/regenerated-artifacts/node_modules/nanoid/package.json,generated-dependency-build-cache,False,2283,18673eb0d7ed43dd871d59dc22a5670303f5d4eb9b17783b1f698f5840ce1fff,move
external,cleanup-2026-09-29/regenerated-artifacts/node_modules/nanoid/async/index.browser.cjs,engineering/verification/history/cleanup-2026-09-29/regenerated-artifacts/node_modules/nanoid/async/index.browser.cjs,generated-dependency-build-cache,False,1031,27b1e51270ffaa0ddd7640ea72603526763a627c2522a32520bb87cee187a7b0,move
external,cleanup-2026-09-29/regenerated-artifacts/node_modules/nanoid/async/index.browser.js,engineering/verification/history/cleanup-2026-09-29/regenerated-artifacts/node_modules/nanoid/async/index.browser.js,generated-dependency-build-cache,False,1021,3c2f3a015fff84db08195101d5a20afb194af46b9a57cff2d5244d7c2b57837e,move
external,cleanup-2026-09-29/regenerated-artifacts/node_modules/nanoid/async/index.cjs,engineering/verification/history/cleanup-2026-09-29/regenerated-artifacts/node_modules/nanoid/async/index.cjs,generated-dependency-build-cache,False,1087,bd73029973939d5d958e132a181da2a62fbb0676428d3f425ac615cbb8b1c7ef,move
external,cleanup-2026-09-29/regenerated-artifacts/node_modules/nanoid/async/index.d.ts,engineering/verification/history/cleanup-2026-09-29/regenerated-artifacts/node_modules/nanoid/async/index.d.ts,generated-dependency-build-cache,False,1505,6eed88ce45c41746dee34d61027633a63a9ead098bf4fe8005667e1cf655cb02,move
external,cleanup-2026-09-29/regenerated-artifacts/node_modules/nanoid/async/index.js,engineering/verification/history/cleanup-2026-09-29/regenerated-artifacts/node_modules/nanoid/async/index.js,generated-dependency-build-cache,False,1070,2194df84a854623bd3dadfe67aa9ac045ee382c101427dca654d67999d42f843,move
external,cleanup-2026-09-29/regenerated-artifacts/node_modules/nanoid/async/index.native.js,engineering/verification/history/cleanup-2026-09-29/regenerated-artifacts/node_modules/nanoid/async/index.native.js,generated-dependency-build-cache,False,908,99400149e96a2a4d92abf07f9b5e156fe047532b5201dc7d70c421c7982eca4d,move
external,cleanup-2026-09-29/regenerated-artifacts/node_modules/nanoid/async/package.json,engineering/verification/history/cleanup-2026-09-29/regenerated-artifacts/node_modules/nanoid/async/package.json,generated-dependency-build-cache,False,233,0e02b9178f3638eba65e96c8643f3bf08ea192dcef7faadaf3c38c50a829b301,move
external,cleanup-2026-09-29/regenerated-artifacts/node_modules/nanoid/bin/nanoid.cjs,engineering/verification/history/cleanup-2026-09-29/regenerated-artifacts/node_modules/nanoid/bin/nanoid.cjs,generated-dependency-build-cache,False,1129,e4eb9be1a3e3feb3f8979ef08c3bf3ef8430f4f22df9c4e427353a1577accbe8,move
external,cleanup-2026-09-29/regenerated-artifacts/node_modules/nanoid/non-secure/index.cjs,engineering/verification/history/cleanup-2026-09-29/regenerated-artifacts/node_modules/nanoid/non-secure/index.cjs,generated-dependency-build-cache,False,518,73b3dc5bf17d98fc9b9894748907e338c536f47412ae495a5f8052565381ddb2,move
external,cleanup-2026-09-29/regenerated-artifacts/node_modules/nanoid/non-secure/index.d.ts,engineering/verification/history/cleanup-2026-09-29/regenerated-artifacts/node_modules/nanoid/non-secure/index.d.ts,generated-dependency-build-cache,False,983,f001cc8fd6bd0ce527923f124a5d7309abcab5927852ebadc0ef71d2b1f3ae7c,move
external,cleanup-2026-09-29/regenerated-artifacts/node_modules/nanoid/non-secure/index.js,engineering/verification/history/cleanup-2026-09-29/regenerated-artifacts/node_modules/nanoid/non-secure/index.js,generated-dependency-build-cache,False,508,c899e2811f0c0b89624f11370da64d381ef3f96be2937c1414130895f5622325,move
external,cleanup-2026-09-29/regenerated-artifacts/node_modules/nanoid/non-secure/package.json,engineering/verification/history/cleanup-2026-09-29/regenerated-artifacts/node_modules/nanoid/non-secure/package.json,generated-dependency-build-cache,False,99,2f9b8c4bee9312538f388b49c13987f4565ac25d6756fabdbbb771d339945e3e,move
external,cleanup-2026-09-29/regenerated-artifacts/node_modules/nanoid/url-alphabet/index.cjs,engineering/verification/history/cleanup-2026-09-29/regenerated-artifacts/node_modules/nanoid/url-alphabet/index.cjs,generated-dependency-build-cache,False,121,fdb8efafe73e611c45d1fffb25360888e139d5be3ab7982783db22aba2f21518,move
external,cleanup-2026-09-29/regenerated-artifacts/node_modules/nanoid/url-alphabet/index.js,engineering/verification/history/cleanup-2026-09-29/regenerated-artifacts/node_modules/nanoid/url-alphabet/index.js,generated-dependency-build-cache,False,111,6c605b83f3d32f76692741ed948e678b8092ea7d2e1b8b637c4982aff35e6e9e,move
external,cleanup-2026-09-29/regenerated-artifacts/node_modules/nanoid/url-alphabet/package.json,engineering/verification/history/cleanup-2026-09-29/regenerated-artifacts/node_modules/nanoid/url-alphabet/package.json,generated-dependency-build-cache,False,99,2f9b8c4bee9312538f388b49c13987f4565ac25d6756fabdbbb771d339945e3e,move
external,cleanup-2026-09-29/regenerated-artifacts/node_modules/picocolors/LICENSE,engineering/verification/history/cleanup-2026-09-29/regenerated-artifacts/node_modules/picocolors/LICENSE,generated-dependency-build-cache,False,787,6582629e2979466878f6014313dcc2f3756c9616148682227ce3063dde310750,move
external,cleanup-2026-09-29/regenerated-artifacts/node_modules/picocolors/README.md,engineering/verification/history/cleanup-2026-09-29/regenerated-artifacts/node_modules/picocolors/README.md,generated-dependency-build-cache,False,622,5027b2836551ea0f91fa27b97335de905e24e1459d590eacfa45c0156962b70c,move
external,cleanup-2026-09-29/regenerated-artifacts/node_modules/picocolors/package.json,engineering/verification/history/cleanup-2026-09-29/regenerated-artifacts/node_modules/picocolors/package.json,generated-dependency-build-cache,False,552,ef2ac226c4811d312e12c64214c453878653e834482125ae475f27cea60de737,move
external,cleanup-2026-09-29/regenerated-artifacts/node_modules/picocolors/picocolors.browser.js,engineering/verification/history/cleanup-2026-09-29/regenerated-artifacts/node_modules/picocolors/picocolors.browser.js,generated-dependency-build-cache,False,598,a2e045ba16013e35c7045797ae940e3ea1c0e0ada13467bc73f7538690ea091a,move
external,cleanup-2026-09-29/regenerated-artifacts/node_modules/picocolors/picocolors.d.ts,engineering/verification/history/cleanup-2026-09-29/regenerated-artifacts/node_modules/picocolors/picocolors.d.ts,generated-dependency-build-cache,False,138,8c5f0739f00f89f89b03a1fe6658c6d78000d7ebd7f556f0f8d6908fa679de35,move
external,cleanup-2026-09-29/regenerated-artifacts/node_modules/picocolors/picocolors.js,engineering/verification/history/cleanup-2026-09-29/regenerated-artifacts/node_modules/picocolors/picocolors.js,generated-dependency-build-cache,False,2663,213bb870fcaad4def0215fe34fbb0f529836cc4d2462e02f14f1a49d09781625,move
external,cleanup-2026-09-29/regenerated-artifacts/node_modules/picocolors/types.d.ts,engineering/verification/history/cleanup-2026-09-29/regenerated-artifacts/node_modules/picocolors/types.d.ts,generated-dependency-build-cache,False,1013,590595c1230ebb7c43ebac51b2b2da956a719b213355b4358e2a6b16a8b5936c,move
external,cleanup-2026-09-29/regenerated-artifacts/node_modules/picomatch/LICENSE,engineering/verification/history/cleanup-2026-09-29/regenerated-artifacts/node_modules/picomatch/LICENSE,generated-dependency-build-cache,False,1091,d0cd141b0c322fded5dfad1d4645bb2fedfc05b7321fe1009469638190d59ef9,move
external,cleanup-2026-09-29/regenerated-artifacts/node_modules/picomatch/README.md,engineering/verification/history/cleanup-2026-09-29/regenerated-artifacts/node_modules/picomatch/README.md,generated-dependency-build-cache,False,28319,a69b87120fe2b9cb8f9057eaef6b9f9887f803e02185ca2f431e8162f6312220,move
external,cleanup-2026-09-29/regenerated-artifacts/node_modules/picomatch/index.js,engineering/verification/history/cleanup-2026-09-29/regenerated-artifacts/node_modules/picomatch/index.js,generated-dependency-build-cache,False,479,02ae26406508e28f9ba0865be16cf77f0b33de6c4d4d49c212c4176df1d5625a,move
external,cleanup-2026-09-29/regenerated-artifacts/node_modules/picomatch/package.json,engineering/verification/history/cleanup-2026-09-29/regenerated-artifacts/node_modules/picomatch/package.json,generated-dependency-build-cache,False,1915,fb7766f5f9c724e13e075760a95d16f87cdb327143d153a913135fde267ec615,move
external,cleanup-2026-09-29/regenerated-artifacts/node_modules/picomatch/posix.js,engineering/verification/history/cleanup-2026-09-29/regenerated-artifacts/node_modules/picomatch/posix.js,generated-dependency-build-cache,False,60,5695ff5dfcd5a338a40630bd506056f2950bcb08fe1cc068519cbbfe60add480,move
external,cleanup-2026-09-29/regenerated-artifacts/node_modules/picomatch/lib/constants.js,engineering/verification/history/cleanup-2026-09-29/regenerated-artifacts/node_modules/picomatch/lib/constants.js,generated-dependency-build-cache,False,4552,c28f952d2758261fe5428a121add485cc25b03e0193633f649de903dc0e5e222,move
external,cleanup-2026-09-29/regenerated-artifacts/node_modules/picomatch/lib/parse.js,engineering/verification/history/cleanup-2026-09-29/regenerated-artifacts/node_modules/picomatch/lib/parse.js,generated-dependency-build-cache,False,34668,73211a8ba85ce257b827abd8960e52c9750385b3fd18e8ef1080b114d774eb23,move
external,cleanup-2026-09-29/regenerated-artifacts/node_modules/picomatch/lib/picomatch.js,engineering/verification/history/cleanup-2026-09-29/regenerated-artifacts/node_modules/picomatch/lib/picomatch.js,generated-dependency-build-cache,False,10722,fdd249d7ffff853f3bb1c77eafc8baa1a437bea85a94c35877b83c6a40d9ca94,move
external,cleanup-2026-09-29/regenerated-artifacts/node_modules/picomatch/lib/scan.js,engineering/verification/history/cleanup-2026-09-29/regenerated-artifacts/node_modules/picomatch/lib/scan.js,generated-dependency-build-cache,False,9189,227fcc994a477ea95c5a0435d32783566334c6bd0dcc4a103029735ad8c9c535,move
external,cleanup-2026-09-29/regenerated-artifacts/node_modules/picomatch/lib/utils.js,engineering/verification/history/cleanup-2026-09-29/regenerated-artifacts/node_modules/picomatch/lib/utils.js,generated-dependency-build-cache,False,1994,f04604f70cd1a3f6ace80b84766468674ff38b4bb83818d2ef1d81fc6355f935,move
external,cleanup-2026-09-29/regenerated-artifacts/node_modules/playwright-core/LICENSE,engineering/verification/history/cleanup-2026-09-29/regenerated-artifacts/node_modules/playwright-core/LICENSE,generated-dependency-build-cache,False,11601,45873d00a0dd243596deb4aa23b2493b3d1f0671921bf2538ea431d7380220eb,move
external,cleanup-2026-09-29/regenerated-artifacts/node_modules/playwright-core/NOTICE,engineering/verification/history/cleanup-2026-09-29/regenerated-artifacts/node_modules/playwright-core/NOTICE,generated-dependency-build-cache,False,254,6d602191187b35b9b01d2cffa01c8469c2c8d9de8a96f1bf868e0f264f51c81d,move
external,cleanup-2026-09-29/regenerated-artifacts/node_modules/playwright-core/README.md,engineering/verification/history/cleanup-2026-09-29/regenerated-artifacts/node_modules/playwright-core/README.md,generated-dependency-build-cache,False,120,d16ff7f8e38fa1fc954f695ad551cdc118d9c9bdd5f3d83203901f4c317d7d7e,move
external,cleanup-2026-09-29/regenerated-artifacts/node_modules/playwright-core/ThirdPartyNotices.txt,engineering/verification/history/cleanup-2026-09-29/regenerated-artifacts/node_modules/playwright-core/ThirdPartyNotices.txt,generated-dependency-build-cache,False,676,a549d329bad8806fe279f0ecae0fc0270dec7e7c2dc8ec10f90e394f7c32b144,move
external,cleanup-2026-09-29/regenerated-artifacts/node_modules/playwright-core/browsers.json,engineering/verification/history/cleanup-2026-09-29/regenerated-artifacts/node_modules/playwright-core/browsers.json,generated-dependency-build-cache,False,1137,545d52f8382c391e605562c330e9c1c534a16045898203037a49bb8bd769a946,move
external,cleanup-2026-09-29/regenerated-artifacts/node_modules/playwright-core/cli.js,engineering/verification/history/cleanup-2026-09-29/regenerated-artifacts/node_modules/playwright-core/cli.js,generated-dependency-build-cache,False,839,f1c4075aef116c766092250d7f37b3249a7cee6465d953207fc38c8f6145becd,move
external,cleanup-2026-09-29/regenerated-artifacts/node_modules/playwright-core/index.d.ts,engineering/verification/history/cleanup-2026-09-29/regenerated-artifacts/node_modules/playwright-core/index.d.ts,generated-dependency-build-cache,False,634,7a8ec10b0834eb7183e4bfcd929838ac77583828e343211bb73676d1e47f6f01,move
external,cleanup-2026-09-29/regenerated-artifacts/node_modules/playwright-core/index.js,engineering/verification/history/cleanup-2026-09-29/regenerated-artifacts/node_modules/playwright-core/index.js,generated-dependency-build-cache,False,697,a58fb2cec4293e7dcf73c58a179898a4f3986666451a19da4e731fa3af63265b,move
external,cleanup-2026-09-29/regenerated-artifacts/node_modules/playwright-core/index.mjs,engineering/verification/history/cleanup-2026-09-29/regenerated-artifacts/node_modules/playwright-core/index.mjs,generated-dependency-build-cache,False,1063,3d36e2132d3c8b62397d23f0bb4177336aaee503203ae2a2c90fbeb5bf3317dd,move
external,cleanup-2026-09-29/regenerated-artifacts/node_modules/playwright-core/package.json,engineering/verification/history/cleanup-2026-09-29/regenerated-artifacts/node_modules/playwright-core/package.json,generated-dependency-build-cache,False,876,f061c58427e47e843e26d201f0a57076c734e57c734ecbbd87d4a23b7a20db9b,move
external,cleanup-2026-09-29/regenerated-artifacts/node_modules/playwright-core/bin/install_media_pack.ps1,engineering/verification/history/cleanup-2026-09-29/regenerated-artifacts/node_modules/playwright-core/bin/install_media_pack.ps1,generated-dependency-build-cache,False,174,bc20f049badf021e3a53bdb4156603caa5ef482c9a9a251f927605e676a44171,move
external,cleanup-2026-09-29/regenerated-artifacts/node_modules/playwright-core/bin/install_webkit_wsl.ps1,engineering/verification/history/cleanup-2026-09-29/regenerated-artifacts/node_modules/playwright-core/bin/install_webkit_wsl.ps1,generated-dependency-build-cache,False,1464,bc61beda37a808eef27d39ce684baa792f6d17737a25a432b1a84d3b591ab815,move
external,cleanup-2026-09-29/regenerated-artifacts/node_modules/playwright-core/bin/reinstall_chrome_beta_linux.sh,engineering/verification/history/cleanup-2026-09-29/regenerated-artifacts/node_modules/playwright-core/bin/reinstall_chrome_beta_linux.sh,generated-dependency-build-cache,False,1217,dc8c22b9dde76583cece2857575b88094299615f3136a3c598149710c45dee3a,move
external,cleanup-2026-09-29/regenerated-artifacts/node_modules/playwright-core/bin/reinstall_chrome_beta_mac.sh,engineering/verification/history/cleanup-2026-09-29/regenerated-artifacts/node_modules/playwright-core/bin/reinstall_chrome_beta_mac.sh,generated-dependency-build-cache,False,563,a92eaeb4ebcf5633a4e9c981481e14c80764fc81b6fcbc0565398e50ff319433,move
external,cleanup-2026-09-29/regenerated-artifacts/node_modules/playwright-core/bin/reinstall_chrome_beta_win.ps1,engineering/verification/history/cleanup-2026-09-29/regenerated-artifacts/node_modules/playwright-core/bin/reinstall_chrome_beta_win.ps1,generated-dependency-build-cache,False,957,b6d9e44742feafb98d5edc56fa20042949973cf30d141a1c5b4fb384096967c5,move
external,cleanup-2026-09-29/regenerated-artifacts/node_modules/playwright-core/bin/reinstall_chrome_stable_linux.sh,engineering/verification/history/cleanup-2026-09-29/regenerated-artifacts/node_modules/playwright-core/bin/reinstall_chrome_stable_linux.sh,generated-dependency-build-cache,False,1212,dc72ab3567a4ce43bd8353d4ecf41f1d9c03e870169367cd3ed9043aabf67dd1,move
external,cleanup-2026-09-29/regenerated-artifacts/node_modules/playwright-core/bin/reinstall_chrome_stable_mac.sh,engineering/verification/history/cleanup-2026-09-29/regenerated-artifacts/node_modules/playwright-core/bin/reinstall_chrome_stable_mac.sh,generated-dependency-build-cache,False,519,bb43a96c192a6cc81524ade0264686fff7809c019a89f7db0a9849635879c3be,move
external,cleanup-2026-09-29/regenerated-artifacts/node_modules/playwright-core/bin/reinstall_chrome_stable_win.ps1,engineering/verification/history/cleanup-2026-09-29/regenerated-artifacts/node_modules/playwright-core/bin/reinstall_chrome_stable_win.ps1,generated-dependency-build-cache,False,923,3d96c4e2f4ebbb3fad44cf3ba58d9cf90af1c9fb3073e3b27d45a74cf005515b,move
external,cleanup-2026-09-29/regenerated-artifacts/node_modules/playwright-core/bin/reinstall_msedge_beta_linux.sh,engineering/verification/history/cleanup-2026-09-29/regenerated-artifacts/node_modules/playwright-core/bin/reinstall_msedge_beta_linux.sh,generated-dependency-build-cache,False,1494,10b26f35dbc2000b94edf1172d803a29c5873a4eb8d523afbc687997b642767e,move
external,cleanup-2026-09-29/regenerated-artifacts/node_modules/playwright-core/bin/reinstall_msedge_beta_mac.sh,engineering/verification/history/cleanup-2026-09-29/regenerated-artifacts/node_modules/playwright-core/bin/reinstall_msedge_beta_mac.sh,generated-dependency-build-cache,False,377,0036d738bc90d686100d81f328ba0003bf07863f5500b792c8da391d149750fa,move
external,cleanup-2026-09-29/regenerated-artifacts/node_modules/playwright-core/bin/reinstall_msedge_beta_win.ps1,engineering/verification/history/cleanup-2026-09-29/regenerated-artifacts/node_modules/playwright-core/bin/reinstall_msedge_beta_win.ps1,generated-dependency-build-cache,False,874,b173c378a59f0cc38033cee702de1f44f09276c9b2270d1a650ebe66ee312433,move
external,cleanup-2026-09-29/regenerated-artifacts/node_modules/playwright-core/bin/reinstall_msedge_dev_linux.sh,engineering/verification/history/cleanup-2026-09-29/regenerated-artifacts/node_modules/playwright-core/bin/reinstall_msedge_dev_linux.sh,generated-dependency-build-cache,False,1489,00e4947e7a4f8339c6db09c87976d808583c07f9179e4aa7694d88614b82fe95,move
external,cleanup-2026-09-29/regenerated-artifacts/node_modules/playwright-core/bin/reinstall_msedge_dev_mac.sh,engineering/verification/history/cleanup-2026-09-29/regenerated-artifacts/node_modules/playwright-core/bin/reinstall_msedge_dev_mac.sh,generated-dependency-build-cache,False,372,6f899e3b311f742c24ca37ff9e32298e8290514ffc14bf588cc51556a29da4c0,move
external,cleanup-2026-09-29/regenerated-artifacts/node_modules/playwright-core/bin/reinstall_msedge_dev_win.ps1,engineering/verification/history/cleanup-2026-09-29/regenerated-artifacts/node_modules/playwright-core/bin/reinstall_msedge_dev_win.ps1,generated-dependency-build-cache,False,869,46f7f98c81cb0abe687d7f4a5afea9b897a38d2a6dd6f6662fbd847f7a22bd51,move
external,cleanup-2026-09-29/regenerated-artifacts/node_modules/playwright-core/bin/reinstall_msedge_stable_linux.sh,engineering/verification/history/cleanup-2026-09-29/regenerated-artifacts/node_modules/playwright-core/bin/reinstall_msedge_stable_linux.sh,generated-dependency-build-cache,False,1507,ec0a31a5f09c565e108473a1850895a4458ab00c713ac1de3aa2001912e4668f,move
external,cleanup-2026-09-29/regenerated-artifacts/node_modules/playwright-core/bin/reinstall_msedge_stable_mac.sh,engineering/verification/history/cleanup-2026-09-29/regenerated-artifacts/node_modules/playwright-core/bin/reinstall_msedge_stable_mac.sh,generated-dependency-build-cache,False,371,3af1e893527ff2257aa2dbc3b259a053b92f45c3eadb13e38eba46e87902655d,move
external,cleanup-2026-09-29/regenerated-artifacts/node_modules/playwright-core/bin/reinstall_msedge_stable_win.ps1,engineering/verification/history/cleanup-2026-09-29/regenerated-artifacts/node_modules/playwright-core/bin/reinstall_msedge_stable_win.ps1,generated-dependency-build-cache,False,856,40bb5fcbfcebbbe2ce43c6e736e7c5deefc5be03b6e9c6914423c06ec1f591be,move
external,cleanup-2026-09-29/regenerated-artifacts/node_modules/playwright-core/lib/bootstrap.js,engineering/verification/history/cleanup-2026-09-29/regenerated-artifacts/node_modules/playwright-core/lib/bootstrap.js,generated-dependency-build-cache,False,3481,4637f4dbfef9cfc01baeb5f5d2cb63fa0901522c96915ea2227290558d27123e,move
external,cleanup-2026-09-29/regenerated-artifacts/node_modules/playwright-core/lib/coreBundle.js,engineering/verification/history/cleanup-2026-09-29/regenerated-artifacts/node_modules/playwright-core/lib/coreBundle.js,generated-dependency-build-cache,False,3477183,549070af3acabb3efcc4f55bfe6210f9f7c2fcf633cf7eaa59bfe60719969171,move
external,cleanup-2026-09-29/regenerated-artifacts/node_modules/playwright-core/lib/package.js,engineering/verification/history/cleanup-2026-09-29/regenerated-artifacts/node_modules/playwright-core/lib/package.js,generated-dependency-build-cache,False,2112,9f938e1d44a0dd231b1660ca62f7dae964859b79cbdc370b8542c5d375ca3c05,move
external,cleanup-2026-09-29/regenerated-artifacts/node_modules/playwright-core/lib/serverRegistry.js,engineering/verification/history/cleanup-2026-09-29/regenerated-artifacts/node_modules/playwright-core/lib/serverRegistry.js,generated-dependency-build-cache,False,57039,38025f08f335705b099b9f188bf45b5908a56a722825fe895b1e90f56d5595b6,move
external,cleanup-2026-09-29/regenerated-artifacts/node_modules/playwright-core/lib/serverRegistry.js.LICENSE,engineering/verification/history/cleanup-2026-09-29/regenerated-artifacts/node_modules/playwright-core/lib/serverRegistry.js.LICENSE,generated-dependency-build-cache,False,2982,3098a6efcbc11752cbdf6075fa65480f5470f78c8d981fab9c0796dc9a41cefe,move
external,cleanup-2026-09-29/regenerated-artifacts/node_modules/playwright-core/lib/utilsBundle.js,engineering/verification/history/cleanup-2026-09-29/regenerated-artifacts/node_modules/playwright-core/lib/utilsBundle.js,generated-dependency-build-cache,False,3048692,2d1ccc01d21b7d54ca99a6305991d7fb6e072ea4e725d7fec5eb6184188c52c9,move
external,cleanup-2026-09-29/regenerated-artifacts/node_modules/playwright-core/lib/utilsBundle.js.LICENSE,engineering/verification/history/cleanup-2026-09-29/regenerated-artifacts/node_modules/playwright-core/lib/utilsBundle.js.LICENSE,generated-dependency-build-cache,False,106591,2495f30be29620d54b58339821eda0ebabdfb6ee9b09455f7285a06fd46fb9f3,move
external,cleanup-2026-09-29/regenerated-artifacts/node_modules/playwright-core/lib/webp_codec.LICENSE,engineering/verification/history/cleanup-2026-09-29/regenerated-artifacts/node_modules/playwright-core/lib/webp_codec.LICENSE,generated-dependency-build-cache,False,8841,995c7ee35aceb7666829b7a501ca89c0864e12b493c1174b155774ab1e03d831,move
external,cleanup-2026-09-29/regenerated-artifacts/node_modules/playwright-core/lib/webp_codec.wasm,engineering/verification/history/cleanup-2026-09-29/regenerated-artifacts/node_modules/playwright-core/lib/webp_codec.wasm,generated-dependency-build-cache,False,565369,164cd9583a3e4d081f767d3b41ff0a730443dc7535fcc5caff83561463384b79,move
external,cleanup-2026-09-29/regenerated-artifacts/node_modules/playwright-core/lib/xdg-open,engineering/verification/history/cleanup-2026-09-29/regenerated-artifacts/node_modules/playwright-core/lib/xdg-open,generated-dependency-build-cache,False,32416,7d759d54f0d4ce1beeb34ee62c587985b5042374e8de237b0dcb8cd47aa698cf,move
external,cleanup-2026-09-29/regenerated-artifacts/node_modules/playwright-core/lib/entry/cliDaemon.js,engineering/verification/history/cleanup-2026-09-29/regenerated-artifacts/node_modules/playwright-core/lib/entry/cliDaemon.js,generated-dependency-build-cache,False,197,062f256fb29a7bf91793a014b9c3f1f9cf2dc6b12e40a8a2ebba88a630ae16a0,move
external,cleanup-2026-09-29/regenerated-artifacts/node_modules/playwright-core/lib/entry/dashboardApp.js,engineering/verification/history/cleanup-2026-09-29/regenerated-artifacts/node_modules/playwright-core/lib/entry/dashboardApp.js,generated-dependency-build-cache,False,108,209962c6eaeef11629f226d6a2ab33ec7a2480754242b6e19590a9e6eb71d126,move
external,cleanup-2026-09-29/regenerated-artifacts/node_modules/playwright-core/lib/entry/mcp.js,engineering/verification/history/cleanup-2026-09-29/regenerated-artifacts/node_modules/playwright-core/lib/entry/mcp.js,generated-dependency-build-cache,False,442,cc87dc0020cb41caebbf04f50e42bc7835b033a6d80e9c3f0a3d0b3dbdf341c7,move
external,cleanup-2026-09-29/regenerated-artifacts/node_modules/playwright-core/lib/entry/oopBrowserDownload.js,engineering/verification/history/cleanup-2026-09-29/regenerated-artifacts/node_modules/playwright-core/lib/entry/oopBrowserDownload.js,generated-dependency-build-cache,False,120,87567cdbd67dd2f50bb232d47d3784701ece7c81e39c0287bb7d1b466b68cf06,move
external,cleanup-2026-09-29/regenerated-artifacts/node_modules/playwright-core/lib/server/chromium/appIcon.png,engineering/verification/history/cleanup-2026-09-29/regenerated-artifacts/node_modules/playwright-core/lib/server/chromium/appIcon.png,generated-dependency-build-cache,False,16565,6ba994f05c5cf18e22d9b6bef9898fbdec6ad4d4d77f5187d0609cb42d72d01e,move
external,cleanup-2026-09-29/regenerated-artifacts/node_modules/playwright-core/lib/server/electron/loader.js,engineering/verification/history/cleanup-2026-09-29/regenerated-artifacts/node_modules/playwright-core/lib/server/electron/loader.js,generated-dependency-build-cache,False,4994,699fb5564539da34ed72f49e9821af28f9fc06940adb639cac55dc9c477cfe7c,move
external,cleanup-2026-09-29/regenerated-artifacts/node_modules/playwright-core/lib/tools/cli-client/channelSessions.js,engineering/verification/history/cleanup-2026-09-29/regenerated-artifacts/node_modules/playwright-core/lib/tools/cli-client/channelSessions.js,generated-dependency-build-cache,False,7087,6b9c613e87340f48ad7182addd7495a8ff3fbe55feb1bbd0ce04f59f1552e126,move
external,cleanup-2026-09-29/regenerated-artifacts/node_modules/playwright-core/lib/tools/cli-client/cli.js,engineering/verification/history/cleanup-2026-09-29/regenerated-artifacts/node_modules/playwright-core/lib/tools/cli-client/cli.js,generated-dependency-build-cache,False,153,dfde8e9dfde30c4b3914eb25ba1c5a8524ec64651d866171d75cd7b41a827180,move
external,cleanup-2026-09-29/regenerated-artifacts/node_modules/playwright-core/lib/tools/cli-client/help.json,engineering/verification/history/cleanup-2026-09-29/regenerated-artifacts/node_modules/playwright-core/lib/tools/cli-client/help.json,generated-dependency-build-cache,False,38799,e78d7a22d059196e838d1f076b563eae185b851e3e36063fa4ae77a8dc1415b1,move
external,cleanup-2026-09-29/regenerated-artifacts/node_modules/playwright-core/lib/tools/cli-client/minimist.js,engineering/verification/history/cleanup-2026-09-29/regenerated-artifacts/node_modules/playwright-core/lib/tools/cli-client/minimist.js,generated-dependency-build-cache,False,4109,9430489ebc06fd02231dccfe844516f743e812a9ac4fe8e6748a67718738851c,move
external,cleanup-2026-09-29/regenerated-artifacts/node_modules/playwright-core/lib/tools/cli-client/output.js,engineering/verification/history/cleanup-2026-09-29/regenerated-artifacts/node_modules/playwright-core/lib/tools/cli-client/output.js,generated-dependency-build-cache,False,11972,b4c3ebab965e73d621971cd3c76b60c22cf460a0921f14c5c6c51e46e06f02d2,move
external,cleanup-2026-09-29/regenerated-artifacts/node_modules/playwright-core/lib/tools/cli-client/program.js,engineering/verification/history/cleanup-2026-09-29/regenerated-artifacts/node_modules/playwright-core/lib/tools/cli-client/program.js,generated-dependency-build-cache,False,16373,55a9a10132c680ecdec25b5000afb12035745ac9e75dd9cc0ef3e5d5e08d7f3e,move
external,cleanup-2026-09-29/regenerated-artifacts/node_modules/playwright-core/lib/tools/cli-client/registry.js,engineering/verification/history/cleanup-2026-09-29/regenerated-artifacts/node_modules/playwright-core/lib/tools/cli-client/registry.js,generated-dependency-build-cache,False,6768,4976cd5b2b3a25572cc1a4b5f055a756dacd4cc1b19d48987ee3253428e759b8,move
external,cleanup-2026-09-29/regenerated-artifacts/node_modules/playwright-core/lib/tools/cli-client/session.js,engineering/verification/history/cleanup-2026-09-29/regenerated-artifacts/node_modules/playwright-core/lib/tools/cli-client/session.js,generated-dependency-build-cache,False,9544,a71e03ba6dc99d6d9cca4577d534daa6d0c20c32e50065311823f41caba29b46,move
external,cleanup-2026-09-29/regenerated-artifacts/node_modules/playwright-core/lib/tools/dashboard/appIcon.png,engineering/verification/history/cleanup-2026-09-29/regenerated-artifacts/node_modules/playwright-core/lib/tools/dashboard/appIcon.png,generated-dependency-build-cache,False,18945,38037bcf18c7f9b950da2e1a2d8800d38fb27637ccda293d38368a3704b67f18,move
external,cleanup-2026-09-29/regenerated-artifacts/node_modules/playwright-core/lib/tools/skills/playwright-cli/SKILL.md,engineering/verification/history/cleanup-2026-09-29/regenerated-artifacts/node_modules/playwright-core/lib/tools/skills/playwright-cli/SKILL.md,generated-dependency-build-cache,False,12726,1a609c93bff3eea9ab99fed93c0334c851fdc39fb6ac5335551bfb87c171d57c,move
external,cleanup-2026-09-29/regenerated-artifacts/node_modules/playwright-core/lib/tools/skills/playwright-cli/references/element-attributes.md,engineering/verification/history/cleanup-2026-09-29/regenerated-artifacts/node_modules/playwright-core/lib/tools/skills/playwright-cli/references/element-attributes.md,generated-dependency-build-cache,False,665,bf19aa4671e0a50a0fefa9c790f39124e803060eefe395042b723c29fcb7faa2,move
external,cleanup-2026-09-29/regenerated-artifacts/node_modules/playwright-core/lib/tools/skills/playwright-cli/references/playwright-tests.md,engineering/verification/history/cleanup-2026-09-29/regenerated-artifacts/node_modules/playwright-core/lib/tools/skills/playwright-cli/references/playwright-tests.md,generated-dependency-build-cache,False,1690,c5b0719fef2cfdff50bd744051b2f9afc119775db4b48e9b2882c1cf3886797c,move
external,cleanup-2026-09-29/regenerated-artifacts/node_modules/playwright-core/lib/tools/skills/playwright-cli/references/request-mocking.md,engineering/verification/history/cleanup-2026-09-29/regenerated-artifacts/node_modules/playwright-core/lib/tools/skills/playwright-cli/references/request-mocking.md,generated-dependency-build-cache,False,2182,54e801c9663fc2b6d68ceb058cb1c360724c2499f42acc7852a68e83e5b5f37c,move
external,cleanup-2026-09-29/regenerated-artifacts/node_modules/playwright-core/lib/tools/skills/playwright-cli/references/running-code.md,engineering/verification/history/cleanup-2026-09-29/regenerated-artifacts/node_modules/playwright-core/lib/tools/skills/playwright-cli/references/running-code.md,generated-dependency-build-cache,False,5642,d95c539a5990b71d02d8bdf1d9414df16191eb6cff95b0063820518b7a13dcb2,move
external,cleanup-2026-09-29/regenerated-artifacts/node_modules/playwright-core/lib/tools/skills/playwright-cli/references/session-management.md,engineering/verification/history/cleanup-2026-09-29/regenerated-artifacts/node_modules/playwright-core/lib/tools/skills/playwright-cli/references/session-management.md,generated-dependency-build-cache,False,5671,cd3e261b8763bf952f1e371b876cb78d054379afec85482f9250633e1b7e6c44,move
external,cleanup-2026-09-29/regenerated-artifacts/node_modules/playwright-core/lib/tools/skills/playwright-cli/references/storage-state.md,engineering/verification/history/cleanup-2026-09-29/regenerated-artifacts/node_modules/playwright-core/lib/tools/skills/playwright-cli/references/storage-state.md,generated-dependency-build-cache,False,5198,9ac47f9ae4a1aedcd2077f8ac9ab1ba6bee1962cb83ff51adcd36fb6d83b5ec6,move
external,cleanup-2026-09-29/regenerated-artifacts/node_modules/playwright-core/lib/tools/skills/playwright-cli/references/test-generation.md,engineering/verification/history/cleanup-2026-09-29/regenerated-artifacts/node_modules/playwright-core/lib/tools/skills/playwright-cli/references/test-generation.md,generated-dependency-build-cache,False,16114,12f54cfa718d9e559bad918120a4ca4f11c933167713d1b9c5f99872eddaf749,move
external,cleanup-2026-09-29/regenerated-artifacts/node_modules/playwright-core/lib/tools/skills/playwright-cli/references/tracing.md,engineering/verification/history/cleanup-2026-09-29/regenerated-artifacts/node_modules/playwright-core/lib/tools/skills/playwright-cli/references/tracing.md,generated-dependency-build-cache,False,3456,ef73e71bee792e341df9cd4f60529c929ade48b538ac76e033f4f20843e8dbda,move
external,cleanup-2026-09-29/regenerated-artifacts/node_modules/playwright-core/lib/tools/skills/playwright-cli/references/video-recording.md,engineering/verification/history/cleanup-2026-09-29/regenerated-artifacts/node_modules/playwright-core/lib/tools/skills/playwright-cli/references/video-recording.md,generated-dependency-build-cache,False,5387,8555ab5400df0d90e66318aacc0a8a4418fbf872e7463824d55d5c41615abd83,move
external,cleanup-2026-09-29/regenerated-artifacts/node_modules/playwright-core/lib/tools/skills/playwright-component-testing/SKILL.md,engineering/verification/history/cleanup-2026-09-29/regenerated-artifacts/node_modules/playwright-core/lib/tools/skills/playwright-component-testing/SKILL.md,generated-dependency-build-cache,False,10404,60f57b31767d562c30cc5332081418c2945f4d9c998efa6e09191333654dd429,move
external,cleanup-2026-09-29/regenerated-artifacts/node_modules/playwright-core/lib/tools/skills/playwright-component-testing/references/gallery-spec.md,engineering/verification/history/cleanup-2026-09-29/regenerated-artifacts/node_modules/playwright-core/lib/tools/skills/playwright-component-testing/references/gallery-spec.md,generated-dependency-build-cache,False,6199,0ca25dde6112eb379f56eb618585b64dc2dfd13c2f7f956ac7eabbd76a68912b,move
external,cleanup-2026-09-29/regenerated-artifacts/node_modules/playwright-core/lib/tools/skills/playwright-component-testing/references/migration.md,engineering/verification/history/cleanup-2026-09-29/regenerated-artifacts/node_modules/playwright-core/lib/tools/skills/playwright-component-testing/references/migration.md,generated-dependency-build-cache,False,5031,bc3a336f7970bb7455fa5a38f937e45b35fb0c18d6c3b9f37916a4ff757b7acc,move
external,cleanup-2026-09-29/regenerated-artifacts/node_modules/playwright-core/lib/tools/skills/playwright-component-testing/references/react.md,engineering/verification/history/cleanup-2026-09-29/regenerated-artifacts/node_modules/playwright-core/lib/tools/skills/playwright-component-testing/references/react.md,generated-dependency-build-cache,False,3115,54af9cc1cdb6d4ccdb8e811c0abb29b960d5c9304f4df7d1dcf9b8df3f973102,move
external,cleanup-2026-09-29/regenerated-artifacts/node_modules/playwright-core/lib/tools/skills/playwright-component-testing/references/typing.md,engineering/verification/history/cleanup-2026-09-29/regenerated-artifacts/node_modules/playwright-core/lib/tools/skills/playwright-component-testing/references/typing.md,generated-dependency-build-cache,False,6883,c511025b5c9b02d7f49034a5613c8b478193bf60c90ea6dddb3faf9c6985c82b,move
external,cleanup-2026-09-29/regenerated-artifacts/node_modules/playwright-core/lib/tools/skills/playwright-component-testing/references/vue.md,engineering/verification/history/cleanup-2026-09-29/regenerated-artifacts/node_modules/playwright-core/lib/tools/skills/playwright-component-testing/references/vue.md,generated-dependency-build-cache,False,3374,d1b129f126c700702a3c00ad8eb6c86898bc941c29a656c1191eb7230650bf8b,move
external,cleanup-2026-09-29/regenerated-artifacts/node_modules/playwright-core/lib/tools/skills/playwright-trace/SKILL.md,engineering/verification/history/cleanup-2026-09-29/regenerated-artifacts/node_modules/playwright-core/lib/tools/skills/playwright-trace/SKILL.md,generated-dependency-build-cache,False,4845,4124dd790915bb76108377121d1e6ca93a5544c90485c090fa5655235efe22aa,move
external,cleanup-2026-09-29/regenerated-artifacts/node_modules/playwright-core/lib/tools/utils/extension.js,engineering/verification/history/cleanup-2026-09-29/regenerated-artifacts/node_modules/playwright-core/lib/tools/utils/extension.js,generated-dependency-build-cache,False,4689,404ae19e57a7c7c5ed3e6ecf9df26a3fcf95867250732f954823078ccb879e63,move
external,cleanup-2026-09-29/regenerated-artifacts/node_modules/playwright-core/lib/tools/utils/socketConnection.js,engineering/verification/history/cleanup-2026-09-29/regenerated-artifacts/node_modules/playwright-core/lib/tools/utils/socketConnection.js,generated-dependency-build-cache,False,3317,973c2bea70a1f1445f4673f99e9fa351e50a2ec9fd93d7381b2c41bb4de764dd,move
external,cleanup-2026-09-29/regenerated-artifacts/node_modules/playwright-core/lib/vite/dashboard/index.html,engineering/verification/history/cleanup-2026-09-29/regenerated-artifacts/node_modules/playwright-core/lib/vite/dashboard/index.html,generated-dependency-build-cache,False,1078,202903aad66040604bc1a0c85615dda4bfc7e6f4a4674e60d9eda4d44f6faea7,move
external,cleanup-2026-09-29/regenerated-artifacts/node_modules/playwright-core/lib/vite/dashboard/playwright-logo.svg,engineering/verification/history/cleanup-2026-09-29/regenerated-artifacts/node_modules/playwright-core/lib/vite/dashboard/playwright-logo.svg,generated-dependency-build-cache,False,5645,511524a1c145819303a18fb71870a4307c3e740f9e9722f7686a2b42b0995b6c,move
external,cleanup-2026-09-29/regenerated-artifacts/node_modules/playwright-core/lib/vite/dashboard/assets/codeMirrorModule--QdMvsKi.css,engineering/verification/history/cleanup-2026-09-29/regenerated-artifacts/node_modules/playwright-core/lib/vite/dashboard/assets/codeMirrorModule--QdMvsKi.css,generated-dependency-build-cache,False,6251,20be824a82832b62cc04642d31da3c609fd280b23f1cdcb1e622c4f40aac5ab8,move
external,cleanup-2026-09-29/regenerated-artifacts/node_modules/playwright-core/lib/vite/dashboard/assets/codeMirrorModule-CQ8RZGBm.js,engineering/verification/history/cleanup-2026-09-29/regenerated-artifacts/node_modules/playwright-core/lib/vite/dashboard/assets/codeMirrorModule-CQ8RZGBm.js,generated-dependency-build-cache,False,307374,56b9c6a50c09dfac28eea5ec3e76c8ae85a26009b20ebac9928959cf3c3312bb,move
external,cleanup-2026-09-29/regenerated-artifacts/node_modules/playwright-core/lib/vite/dashboard/assets/codicon-DCmgc-ay.ttf,engineering/verification/history/cleanup-2026-09-29/regenerated-artifacts/node_modules/playwright-core/lib/vite/dashboard/assets/codicon-DCmgc-ay.ttf,generated-dependency-build-cache,False,80340,0f1d5219934e96e83b8db162d60b4d8c09b5de1e7d38031cbafe4a3c0f2889c9,move
external,cleanup-2026-09-29/regenerated-artifacts/node_modules/playwright-core/lib/vite/dashboard/assets/firefox-1bWoP6pv.svg,engineering/verification/history/cleanup-2026-09-29/regenerated-artifacts/node_modules/playwright-core/lib/vite/dashboard/assets/firefox-1bWoP6pv.svg,generated-dependency-build-cache,False,7488,3f3742d1e78c0db6c2d3531250f70c30675ee5310de32fa89befaf738c54efd0,move
external,cleanup-2026-09-29/regenerated-artifacts/node_modules/playwright-core/lib/vite/dashboard/assets/firefox-beta-k3eOH_eK.svg,engineering/verification/history/cleanup-2026-09-29/regenerated-artifacts/node_modules/playwright-core/lib/vite/dashboard/assets/firefox-beta-k3eOH_eK.svg,generated-dependency-build-cache,False,9280,7eab5ffdc25903ba33a7202f7fffa1999f119c7be45a39e9e703c118904f917a,move
external,cleanup-2026-09-29/regenerated-artifacts/node_modules/playwright-core/lib/vite/dashboard/assets/firefox-nightly-Cp5nfeDT.svg,engineering/verification/history/cleanup-2026-09-29/regenerated-artifacts/node_modules/playwright-core/lib/vite/dashboard/assets/firefox-nightly-Cp5nfeDT.svg,generated-dependency-build-cache,False,9143,f311c074b0fa999fcd6b73441301fb54ee87a48ff3bf05f318647928110476da,move
external,cleanup-2026-09-29/regenerated-artifacts/node_modules/playwright-core/lib/vite/dashboard/assets/index-AwgwcYie.css,engineering/verification/history/cleanup-2026-09-29/regenerated-artifacts/node_modules/playwright-core/lib/vite/dashboard/assets/index-AwgwcYie.css,generated-dependency-build-cache,False,139111,82d06f291a7d0860e1b1e1803ab6f2e49c637541779a37168652e10b062b67f9,move
external,cleanup-2026-09-29/regenerated-artifacts/node_modules/playwright-core/lib/vite/dashboard/assets/index-hRvO4yU2.js,engineering/verification/history/cleanup-2026-09-29/regenerated-artifacts/node_modules/playwright-core/lib/vite/dashboard/assets/index-hRvO4yU2.js,generated-dependency-build-cache,False,336491,3a05ed0b026442a1459952df25b9a836d4fa1a917838cf6f9357daefc0e42285,move
external,cleanup-2026-09-29/regenerated-artifacts/node_modules/playwright-core/lib/vite/dashboard/assets/safari-na3_-uQk.svg,engineering/verification/history/cleanup-2026-09-29/regenerated-artifacts/node_modules/playwright-core/lib/vite/dashboard/assets/safari-na3_-uQk.svg,generated-dependency-build-cache,False,5254,80fd72ca5eb8545f1981277b31f4f92951d469d4efebd078e4086b676fe517dc,move
external,cleanup-2026-09-29/regenerated-artifacts/node_modules/playwright-core/lib/vite/htmlReport/index.html,engineering/verification/history/cleanup-2026-09-29/regenerated-artifacts/node_modules/playwright-core/lib/vite/htmlReport/index.html,generated-dependency-build-cache,False,464,ce7c098020a0eb9ce10edd416245ea6da50dfeaab18dfd0a2176979d22643be6,move
external,cleanup-2026-09-29/regenerated-artifacts/node_modules/playwright-core/lib/vite/htmlReport/report.css,engineering/verification/history/cleanup-2026-09-29/regenerated-artifacts/node_modules/playwright-core/lib/vite/htmlReport/report.css,generated-dependency-build-cache,False,100452,d98a244bf950333ade383b109e97d396f970f650b20f2e5ef5ecc2740205dff7,move
external,cleanup-2026-09-29/regenerated-artifacts/node_modules/playwright-core/lib/vite/htmlReport/report.js,engineering/verification/history/cleanup-2026-09-29/regenerated-artifacts/node_modules/playwright-core/lib/vite/htmlReport/report.js,generated-dependency-build-cache,False,415864,3db0c0291241102b14b62af4b80d84dd8169a281bb2ff360c986b9d7da57c339,move
external,cleanup-2026-09-29/regenerated-artifacts/node_modules/playwright-core/lib/vite/recorder/index.html,engineering/verification/history/cleanup-2026-09-29/regenerated-artifacts/node_modules/playwright-core/lib/vite/recorder/index.html,generated-dependency-build-cache,False,1078,5783e9b7e2cc78dd8a1a409d84b44b2431bf60f8f54b8be36c6e433c6a1086ed,move
external,cleanup-2026-09-29/regenerated-artifacts/node_modules/playwright-core/lib/vite/recorder/playwright-logo.svg,engineering/verification/history/cleanup-2026-09-29/regenerated-artifacts/node_modules/playwright-core/lib/vite/recorder/playwright-logo.svg,generated-dependency-build-cache,False,5033,6b0a4367bdeab10995bc239278f04c68c10e48adbec15e799e01909a0d66dcb9,move
external,cleanup-2026-09-29/regenerated-artifacts/node_modules/playwright-core/lib/vite/recorder/assets/codeMirrorModule--QdMvsKi.css,engineering/verification/history/cleanup-2026-09-29/regenerated-artifacts/node_modules/playwright-core/lib/vite/recorder/assets/codeMirrorModule--QdMvsKi.css,generated-dependency-build-cache,False,6251,20be824a82832b62cc04642d31da3c609fd280b23f1cdcb1e622c4f40aac5ab8,move
external,cleanup-2026-09-29/regenerated-artifacts/node_modules/playwright-core/lib/vite/recorder/assets/codeMirrorModule-CVQWJZAA.js,engineering/verification/history/cleanup-2026-09-29/regenerated-artifacts/node_modules/playwright-core/lib/vite/recorder/assets/codeMirrorModule-CVQWJZAA.js,generated-dependency-build-cache,False,307374,45f900fd93bf33545e6915308a964c49ce342c2e175a54aaef0898f05b25fcf5,move
external,cleanup-2026-09-29/regenerated-artifacts/node_modules/playwright-core/lib/vite/recorder/assets/codicon-DCmgc-ay.ttf,engineering/verification/history/cleanup-2026-09-29/regenerated-artifacts/node_modules/playwright-core/lib/vite/recorder/assets/codicon-DCmgc-ay.ttf,generated-dependency-build-cache,False,80340,0f1d5219934e96e83b8db162d60b4d8c09b5de1e7d38031cbafe4a3c0f2889c9,move
external,cleanup-2026-09-29/regenerated-artifacts/node_modules/playwright-core/lib/vite/recorder/assets/index-BZpYJZ-P.css,engineering/verification/history/cleanup-2026-09-29/regenerated-artifacts/node_modules/playwright-core/lib/vite/recorder/assets/index-BZpYJZ-P.css,generated-dependency-build-cache,False,85502,cc24563b96f286614b88f74da413e9984de263227971c4cdfabe1f73be095514,move
external,cleanup-2026-09-29/regenerated-artifacts/node_modules/playwright-core/lib/vite/recorder/assets/index-hrlLqLtq.js,engineering/verification/history/cleanup-2026-09-29/regenerated-artifacts/node_modules/playwright-core/lib/vite/recorder/assets/index-hrlLqLtq.js,generated-dependency-build-cache,False,358603,f7f3dfd9113b0119821adf1f3fc873fa5dddba8b2c278014e0fb0ecc1b3f492b,move
external,cleanup-2026-09-29/regenerated-artifacts/node_modules/playwright-core/lib/vite/traceViewer/codeMirrorModule.-QdMvsKi.css,engineering/verification/history/cleanup-2026-09-29/regenerated-artifacts/node_modules/playwright-core/lib/vite/traceViewer/codeMirrorModule.-QdMvsKi.css,generated-dependency-build-cache,False,6251,20be824a82832b62cc04642d31da3c609fd280b23f1cdcb1e622c4f40aac5ab8,move
external,cleanup-2026-09-29/regenerated-artifacts/node_modules/playwright-core/lib/vite/traceViewer/codicon.DCmgc-ay.ttf,engineering/verification/history/cleanup-2026-09-29/regenerated-artifacts/node_modules/playwright-core/lib/vite/traceViewer/codicon.DCmgc-ay.ttf,generated-dependency-build-cache,False,80340,0f1d5219934e96e83b8db162d60b4d8c09b5de1e7d38031cbafe4a3c0f2889c9,move
external,cleanup-2026-09-29/regenerated-artifacts/node_modules/playwright-core/lib/vite/traceViewer/defaultSettingsView.Bqk9acqE.css,engineering/verification/history/cleanup-2026-09-29/regenerated-artifacts/node_modules/playwright-core/lib/vite/traceViewer/defaultSettingsView.Bqk9acqE.css,generated-dependency-build-cache,False,107049,cd1d3c277d4962246ed92d7d42734c5ffed6bac5c499232693f9c8331b71801f,move
external,cleanup-2026-09-29/regenerated-artifacts/node_modules/playwright-core/lib/vite/traceViewer/index.B4cLoZK3.js,engineering/verification/history/cleanup-2026-09-29/regenerated-artifacts/node_modules/playwright-core/lib/vite/traceViewer/index.B4cLoZK3.js,generated-dependency-build-cache,False,6628,7b96efd541639738a8d46e4b6ba9780ffaf57a5c104db66764e0cec46d9f64e8,move
external,cleanup-2026-09-29/regenerated-artifacts/node_modules/playwright-core/lib/vite/traceViewer/index.B_TqY17P.css,engineering/verification/history/cleanup-2026-09-29/regenerated-artifacts/node_modules/playwright-core/lib/vite/traceViewer/index.B_TqY17P.css,generated-dependency-build-cache,False,2055,08a212fcacae1866f44f065654afcc4c7d03409c68c74b3315c5bda17a0ca003,move
external,cleanup-2026-09-29/regenerated-artifacts/node_modules/playwright-core/lib/vite/traceViewer/index.html,engineering/verification/history/cleanup-2026-09-29/regenerated-artifacts/node_modules/playwright-core/lib/vite/traceViewer/index.html,generated-dependency-build-cache,False,2363,139ac80123fb450cfc0631296e9f01463313ca2fec961b3a247ec6c9528447a2,move
external,cleanup-2026-09-29/regenerated-artifacts/node_modules/playwright-core/lib/vite/traceViewer/manifest.webmanifest,engineering/verification/history/cleanup-2026-09-29/regenerated-artifacts/node_modules/playwright-core/lib/vite/traceViewer/manifest.webmanifest,generated-dependency-build-cache,False,429,d8540500603a32a39fe7e5a0375dc0f9ebafd11118e06a846db7efc608223ab9,move
external,cleanup-2026-09-29/regenerated-artifacts/node_modules/playwright-core/lib/vite/traceViewer/playwright-logo.svg,engineering/verification/history/cleanup-2026-09-29/regenerated-artifacts/node_modules/playwright-core/lib/vite/traceViewer/playwright-logo.svg,generated-dependency-build-cache,False,5033,6b0a4367bdeab10995bc239278f04c68c10e48adbec15e799e01909a0d66dcb9,move
external,cleanup-2026-09-29/regenerated-artifacts/node_modules/playwright-core/lib/vite/traceViewer/snapshot.B_Jk1wbt.js,engineering/verification/history/cleanup-2026-09-29/regenerated-artifacts/node_modules/playwright-core/lib/vite/traceViewer/snapshot.B_Jk1wbt.js,generated-dependency-build-cache,False,650,d4d09e05451d107d8e1a6bbd041405fe518b9fd2833890e4ebaaad83b7f554f5,move
external,cleanup-2026-09-29/regenerated-artifacts/node_modules/playwright-core/lib/vite/traceViewer/snapshot.html,engineering/verification/history/cleanup-2026-09-29/regenerated-artifacts/node_modules/playwright-core/lib/vite/traceViewer/snapshot.html,generated-dependency-build-cache,False,389,c608c8899c95c5a74d3f556e20146c3d852b9df85ae2854c659a7cc773c9b727,move
external,cleanup-2026-09-29/regenerated-artifacts/node_modules/playwright-core/lib/vite/traceViewer/sw.bundle.js,engineering/verification/history/cleanup-2026-09-29/regenerated-artifacts/node_modules/playwright-core/lib/vite/traceViewer/sw.bundle.js,generated-dependency-build-cache,False,95459,37b230329280e28e32b03df20738d2ed3bfd0ea45b408a69213158bb8400adb3,move
external,cleanup-2026-09-29/regenerated-artifacts/node_modules/playwright-core/lib/vite/traceViewer/uiMode.CU5KtEkS.js,engineering/verification/history/cleanup-2026-09-29/regenerated-artifacts/node_modules/playwright-core/lib/vite/traceViewer/uiMode.CU5KtEkS.js,generated-dependency-build-cache,False,38057,0c0dc5e0c822c27e60420a5c1659683fda89398f1561e43608f9d829eafdc197,move
external,cleanup-2026-09-29/regenerated-artifacts/node_modules/playwright-core/lib/vite/traceViewer/uiMode.CyMfwkXJ.css,engineering/verification/history/cleanup-2026-09-29/regenerated-artifacts/node_modules/playwright-core/lib/vite/traceViewer/uiMode.CyMfwkXJ.css,generated-dependency-build-cache,False,54590,fb403cf0b07007bc1d771e29737f7408924da300e2fab8b289a3ef2e8fc08d7b,move
external,cleanup-2026-09-29/regenerated-artifacts/node_modules/playwright-core/lib/vite/traceViewer/uiMode.html,engineering/verification/history/cleanup-2026-09-29/regenerated-artifacts/node_modules/playwright-core/lib/vite/traceViewer/uiMode.html,generated-dependency-build-cache,False,727,c6e92923ea7f2b617db3a2128ac8889c6c1461a77764651588e0111b729c3a3d,move
external,cleanup-2026-09-29/regenerated-artifacts/node_modules/playwright-core/lib/vite/traceViewer/xtermModule.kHJ-D0s7.css,engineering/verification/history/cleanup-2026-09-29/regenerated-artifacts/node_modules/playwright-core/lib/vite/traceViewer/xtermModule.kHJ-D0s7.css,generated-dependency-build-cache,False,2853,0dd60056134e6a2994a86b59a1e9789b9f04e92924da109aef8c923acaf08ce5,move
external,cleanup-2026-09-29/regenerated-artifacts/node_modules/playwright-core/lib/vite/traceViewer/assets/codeMirrorModule-BbkfBe3n.js,engineering/verification/history/cleanup-2026-09-29/regenerated-artifacts/node_modules/playwright-core/lib/vite/traceViewer/assets/codeMirrorModule-BbkfBe3n.js,generated-dependency-build-cache,False,307393,274b964242426bf4e1c662a84f6345d8a99f67821caa508fb12c52e2d1dfd48c,move
external,cleanup-2026-09-29/regenerated-artifacts/node_modules/playwright-core/lib/vite/traceViewer/assets/defaultSettingsView-Ds6CBOo0.js,engineering/verification/history/cleanup-2026-09-29/regenerated-artifacts/node_modules/playwright-core/lib/vite/traceViewer/assets/defaultSettingsView-Ds6CBOo0.js,generated-dependency-build-cache,False,654294,0b48f13034cfa075338cc0839f212297d22cadab9219d9699d161d2b18c79019,move
external,cleanup-2026-09-29/regenerated-artifacts/node_modules/playwright-core/lib/vite/traceViewer/assets/urlMatch-L3liM589.js,engineering/verification/history/cleanup-2026-09-29/regenerated-artifacts/node_modules/playwright-core/lib/vite/traceViewer/assets/urlMatch-L3liM589.js,generated-dependency-build-cache,False,2510,1bc6321e32d11c31a452bc75896f0b344e6153321854d9f1658818be7f845c16,move
external,cleanup-2026-09-29/regenerated-artifacts/node_modules/playwright-core/lib/vite/traceViewer/assets/xtermModule-DywYcAf8.js,engineering/verification/history/cleanup-2026-09-29/regenerated-artifacts/node_modules/playwright-core/lib/vite/traceViewer/assets/xtermModule-DywYcAf8.js,generated-dependency-build-cache,False,288730,2546783e4f74a432bbccd88a6763cf78ac4e951686262cdf85b54d5a26ca3995,move
external,cleanup-2026-09-29/regenerated-artifacts/node_modules/playwright-core/types/protocol.d.ts,engineering/verification/history/cleanup-2026-09-29/regenerated-artifacts/node_modules/playwright-core/types/protocol.d.ts,generated-dependency-build-cache,False,814210,0410ed82a9ac63269dc1471ed249b280e2d461249a3a331e71cdb54cdf10db33,move
external,cleanup-2026-09-29/regenerated-artifacts/node_modules/playwright-core/types/structs.d.ts,engineering/verification/history/cleanup-2026-09-29/regenerated-artifacts/node_modules/playwright-core/types/structs.d.ts,generated-dependency-build-cache,False,2455,c9b9179b7291c8562eb0fb781219ddbdcf36149ebd7bd355e5b4a553d6b60b81,move
external,cleanup-2026-09-29/regenerated-artifacts/node_modules/playwright-core/types/types.d.ts,engineering/verification/history/cleanup-2026-09-29/regenerated-artifacts/node_modules/playwright-core/types/types.d.ts,generated-dependency-build-cache,False,1131883,2806f6d7810fba0306066d500cd716a6d1128d90af2c3cf71723e3ea0a8904c4,move
external,cleanup-2026-09-29/regenerated-artifacts/node_modules/postcss/LICENSE,engineering/verification/history/cleanup-2026-09-29/regenerated-artifacts/node_modules/postcss/LICENSE,generated-dependency-build-cache,False,1095,5be1f3465bba68a626777f984878814aaf35e7ef8e9fd314d469bcf887050fb8,move
external,cleanup-2026-09-29/regenerated-artifacts/node_modules/postcss/README.md,engineering/verification/history/cleanup-2026-09-29/regenerated-artifacts/node_modules/postcss/README.md,generated-dependency-build-cache,False,1159,92b501afb100c2e7f186dc3e45d5064ee47efeed91705c2cbf2f9ffd1fa7c6eb,move
external,cleanup-2026-09-29/regenerated-artifacts/node_modules/postcss/package.json,engineering/verification/history/cleanup-2026-09-29/regenerated-artifacts/node_modules/postcss/package.json,generated-dependency-build-cache,False,2497,e0f23518d0e8fc0570ac68438eff7ecc7554774de3194af6f54f502e33f0c25b,move
external,cleanup-2026-09-29/regenerated-artifacts/node_modules/postcss/lib/at-rule.d.ts,engineering/verification/history/cleanup-2026-09-29/regenerated-artifacts/node_modules/postcss/lib/at-rule.d.ts,generated-dependency-build-cache,False,3356,17f2922d41ddd032830a91371c948cd9ce903b35c95adca72271a54584f19b0b,move
external,cleanup-2026-09-29/regenerated-artifacts/node_modules/postcss/lib/at-rule.js,engineering/verification/history/cleanup-2026-09-29/regenerated-artifacts/node_modules/postcss/lib/at-rule.js,generated-dependency-build-cache,False,471,33b932bda8f304e9838a70232673326b6c0fd5fa030df35071bf36c127042a0b,move
external,cleanup-2026-09-29/regenerated-artifacts/node_modules/postcss/lib/comment.d.ts,engineering/verification/history/cleanup-2026-09-29/regenerated-artifacts/node_modules/postcss/lib/comment.d.ts,generated-dependency-build-cache,False,1680,6332f565867cf4a740a70e30f31cefba37ef7cebcf74f22eab8d744fde6d193e,move
external,cleanup-2026-09-29/regenerated-artifacts/node_modules/postcss/lib/comment.js,engineering/verification/history/cleanup-2026-09-29/regenerated-artifacts/node_modules/postcss/lib/comment.js,generated-dependency-build-cache,False,203,674385438f42526f2c05c19dfb66fcc521f5cf180ccc85b3215ad5c07ac21a40,move
external,cleanup-2026-09-29/regenerated-artifacts/node_modules/postcss/lib/container.d.ts,engineering/verification/history/cleanup-2026-09-29/regenerated-artifacts/node_modules/postcss/lib/container.d.ts,generated-dependency-build-cache,False,14025,2977b7884aedc895a1d0c9c210c7cf3272c29d6959a08a6fa3ff71e0aff08175,move
external,cleanup-2026-09-29/regenerated-artifacts/node_modules/postcss/lib/container.js,engineering/verification/history/cleanup-2026-09-29/regenerated-artifacts/node_modules/postcss/lib/container.js,generated-dependency-build-cache,False,12350,e2fc6a559238ac8186ef56d13d340b7c62c04ba9551e2edc027e761eb393ddd0,move
external,cleanup-2026-09-29/regenerated-artifacts/node_modules/postcss/lib/css-syntax-error.d.ts,engineering/verification/history/cleanup-2026-09-29/regenerated-artifacts/node_modules/postcss/lib/css-syntax-error.d.ts,generated-dependency-build-cache,False,6447,e16dc2a81595736024a206c7d5c8a39bfe2e6039208ef29981d0d95434ba8fcf,move
external,cleanup-2026-09-29/regenerated-artifacts/node_modules/postcss/lib/css-syntax-error.js,engineering/verification/history/cleanup-2026-09-29/regenerated-artifacts/node_modules/postcss/lib/css-syntax-error.js,generated-dependency-build-cache,False,3402,904b4bb371539a6303e4e211f0a8991fde7bc94d8674253d627389ff291d0ec1,move
external,cleanup-2026-09-29/regenerated-artifacts/node_modules/postcss/lib/declaration.d.ts,engineering/verification/history/cleanup-2026-09-29/regenerated-artifacts/node_modules/postcss/lib/declaration.d.ts,generated-dependency-build-cache,False,3833,cc4a4903fb698ca1d961d4c10dce658aa3a479faf40509d526f122b044eaf6a4,move
external,cleanup-2026-09-29/regenerated-artifacts/node_modules/postcss/lib/declaration.js,engineering/verification/history/cleanup-2026-09-29/regenerated-artifacts/node_modules/postcss/lib/declaration.js,generated-dependency-build-cache,False,495,2ccb78406c7a45aab26fc463a0fe5e3e855caf3ab1ba283616ae867046aa3b54,move
external,cleanup-2026-09-29/regenerated-artifacts/node_modules/postcss/lib/document.d.ts,engineering/verification/history/cleanup-2026-09-29/regenerated-artifacts/node_modules/postcss/lib/document.d.ts,generated-dependency-build-cache,False,1884,e392e8fb5b514eafc585601c1d781485aa6dd6a320e75daf1064a4c6918a1b45,move
external,cleanup-2026-09-29/regenerated-artifacts/node_modules/postcss/lib/document.js,engineering/verification/history/cleanup-2026-09-29/regenerated-artifacts/node_modules/postcss/lib/document.js,generated-dependency-build-cache,False,654,f66f02fde48389fe1a361a8f71da7ee0236a49c94cf22378e70ba6a2e9f4fab1,move
external,cleanup-2026-09-29/regenerated-artifacts/node_modules/postcss/lib/fromJSON.d.ts,engineering/verification/history/cleanup-2026-09-29/regenerated-artifacts/node_modules/postcss/lib/fromJSON.d.ts,generated-dependency-build-cache,False,160,97bccf79859464fcd23ee7f3f3d00c4287089e420b77ff395068eb2b209c3e22,move
external,cleanup-2026-09-29/regenerated-artifacts/node_modules/postcss/lib/fromJSON.js,engineering/verification/history/cleanup-2026-09-29/regenerated-artifacts/node_modules/postcss/lib/fromJSON.js,generated-dependency-build-cache,False,2810,2d9efb16f305c45f05d30e6727ad3d475c89e08ef893d913c3839f5ce899db17,move
external,cleanup-2026-09-29/regenerated-artifacts/node_modules/postcss/lib/input.d.ts,engineering/verification/history/cleanup-2026-09-29/regenerated-artifacts/node_modules/postcss/lib/input.d.ts,generated-dependency-build-cache,False,5126,e5bab5f871ef708d52d47b3e5d0aa72a08ee7a152f33931d9a60809711a2a9a3,move
external,cleanup-2026-09-29/regenerated-artifacts/node_modules/postcss/lib/input.js,engineering/verification/history/cleanup-2026-09-29/regenerated-artifacts/node_modules/postcss/lib/input.js,generated-dependency-build-cache,False,7274,52358502e6ea455d421d21a98fc0a3be3b974ca624b96f43b318780f3e150bc2,move
external,cleanup-2026-09-29/regenerated-artifacts/node_modules/postcss/lib/lazy-result.d.ts,engineering/verification/history/cleanup-2026-09-29/regenerated-artifacts/node_modules/postcss/lib/lazy-result.d.ts,generated-dependency-build-cache,False,4939,a039dc21f045919f3cbee2ec13812cc6cc3eebc99dae4be00973230f468d19a6,move
external,cleanup-2026-09-29/regenerated-artifacts/node_modules/postcss/lib/lazy-result.js,engineering/verification/history/cleanup-2026-09-29/regenerated-artifacts/node_modules/postcss/lib/lazy-result.js,generated-dependency-build-cache,False,16273,2d716dea3a99836276c67e6d74dc587571a8b7498683044ba3ddc57e3db87104,move
external,cleanup-2026-09-29/regenerated-artifacts/node_modules/postcss/lib/list.d.ts,engineering/verification/history/cleanup-2026-09-29/regenerated-artifacts/node_modules/postcss/lib/list.d.ts,generated-dependency-build-cache,False,1424,3eed76ede2a1a14d7c9bb0a642041282dcc264811139d3dd275c9fe14efc9840,move
external,cleanup-2026-09-29/regenerated-artifacts/node_modules/postcss/lib/list.js,engineering/verification/history/cleanup-2026-09-29/regenerated-artifacts/node_modules/postcss/lib/list.js,generated-dependency-build-cache,False,1273,86a4cd4a0c1cdf3fa650f9ae8d73709c59d7cd3925c54b49daf546747de8bee2,move
external,cleanup-2026-09-29/regenerated-artifacts/node_modules/postcss/lib/map-generator.js,engineering/verification/history/cleanup-2026-09-29/regenerated-artifacts/node_modules/postcss/lib/map-generator.js,generated-dependency-build-cache,False,10031,feccbc87472d5d1cc660c2bfd4958cbe5442173f03cbfa518808725f684a313c,move
external,cleanup-2026-09-29/regenerated-artifacts/node_modules/postcss/lib/no-work-result.d.ts,engineering/verification/history/cleanup-2026-09-29/regenerated-artifacts/node_modules/postcss/lib/no-work-result.d.ts,generated-dependency-build-cache,False,1503,3fbe57af01460e49dcd29df55d6931e1672bc6f1be0fb073d11410bc16f9037d,move
external,cleanup-2026-09-29/regenerated-artifacts/node_modules/postcss/lib/no-work-result.js,engineering/verification/history/cleanup-2026-09-29/regenerated-artifacts/node_modules/postcss/lib/no-work-result.js,generated-dependency-build-cache,False,2619,11e06a9b30ab844b877f489ad7870e2a319507aed4554a58a757b7dfd7699505,move
external,cleanup-2026-09-29/regenerated-artifacts/node_modules/postcss/lib/node.d.ts,engineering/verification/history/cleanup-2026-09-29/regenerated-artifacts/node_modules/postcss/lib/node.d.ts,generated-dependency-build-cache,False,14688,3cc8a3d123b6b232d48d34b51b785f9da8d193f5b5817fa521fcd2f3b9315c55,move
external,cleanup-2026-09-29/regenerated-artifacts/node_modules/postcss/lib/node.js,engineering/verification/history/cleanup-2026-09-29/regenerated-artifacts/node_modules/postcss/lib/node.js,generated-dependency-build-cache,False,12643,1cc8d56d0c77783fa7fecf702321129936efa3dc504eb4528042a103fe54770d,move
external,cleanup-2026-09-29/regenerated-artifacts/node_modules/postcss/lib/parse.d.ts,engineering/verification/history/cleanup-2026-09-29/regenerated-artifacts/node_modules/postcss/lib/parse.d.ts,generated-dependency-build-cache,False,133,526d4d924f94e938d5c81ec74eb0ada1067a31321dcdd830aee4d66d08bd8bff,move
external,cleanup-2026-09-29/regenerated-artifacts/node_modules/postcss/lib/parse.js,engineering/verification/history/cleanup-2026-09-29/regenerated-artifacts/node_modules/postcss/lib/parse.js,generated-dependency-build-cache,False,1147,7662c5ad1fd5f97a7c1615f0e5e7bc268e762916bcf6fb7bf9dda45537493764,move
external,cleanup-2026-09-29/regenerated-artifacts/node_modules/postcss/lib/parser.js,engineering/verification/history/cleanup-2026-09-29/regenerated-artifacts/node_modules/postcss/lib/parser.js,generated-dependency-build-cache,False,15168,5ac73eb5da16ec8f998a1a5aac28b15815c892c2a3957ab06ee8333f8718be6e,move
external,cleanup-2026-09-29/regenerated-artifacts/node_modules/postcss/lib/postcss.d.mts,engineering/verification/history/cleanup-2026-09-29/regenerated-artifacts/node_modules/postcss/lib/postcss.d.mts,generated-dependency-build-cache,False,1046,8d369483f0c2b9ee388129cfdb6a43bc8112b377e86a41884bd06e19ce04f4c1,move
external,cleanup-2026-09-29/regenerated-artifacts/node_modules/postcss/lib/postcss.d.ts,engineering/verification/history/cleanup-2026-09-29/regenerated-artifacts/node_modules/postcss/lib/postcss.d.ts,generated-dependency-build-cache,False,11654,354a7f8e1287d9d6b7561bc97fdd8cbc2f7c1dd79e4cb37b942e8a5cfaff1085,move
external,cleanup-2026-09-29/regenerated-artifacts/node_modules/postcss/lib/postcss.js,engineering/verification/history/cleanup-2026-09-29/regenerated-artifacts/node_modules/postcss/lib/postcss.js,generated-dependency-build-cache,False,2898,8314c843f5dfa922e6f3fb9b8d8bf3e4b0be0d94b08075e1b4f3599f4276fb67,move
external,cleanup-2026-09-29/regenerated-artifacts/node_modules/postcss/lib/postcss.mjs,engineering/verification/history/cleanup-2026-09-29/regenerated-artifacts/node_modules/postcss/lib/postcss.mjs,generated-dependency-build-cache,False,980,986ebc2d661a3e93b6e026dd2e1925e18167efdcc963f4043a65e1859974664f,move
external,cleanup-2026-09-29/regenerated-artifacts/node_modules/postcss/lib/previous-map.d.ts,engineering/verification/history/cleanup-2026-09-29/regenerated-artifacts/node_modules/postcss/lib/previous-map.d.ts,generated-dependency-build-cache,False,1757,52dcc257df5119fb66d864625112ce5033ac51a4c2afe376a0b299d2f7f76e4a,move
external,cleanup-2026-09-29/regenerated-artifacts/node_modules/postcss/lib/previous-map.js,engineering/verification/history/cleanup-2026-09-29/regenerated-artifacts/node_modules/postcss/lib/previous-map.js,generated-dependency-build-cache,False,5130,87e1c0148d0be6cfdb835c531347c43b52bd64f193275f167093dae75adc1394,move
external,cleanup-2026-09-29/regenerated-artifacts/node_modules/postcss/lib/processor.d.ts,engineering/verification/history/cleanup-2026-09-29/regenerated-artifacts/node_modules/postcss/lib/processor.d.ts,generated-dependency-build-cache,False,3345,f760be449e8562ec5c09bb5187e8e1eabf3c113c0c58cddda53ef8c69f3e2131,move
external,cleanup-2026-09-29/regenerated-artifacts/node_modules/postcss/lib/processor.js,engineering/verification/history/cleanup-2026-09-29/regenerated-artifacts/node_modules/postcss/lib/processor.js,generated-dependency-build-cache,False,1739,cb43df877a47c70b065c20732014d4fe2696cac772784bebf41e55e2ea72c9c7,move
external,cleanup-2026-09-29/regenerated-artifacts/node_modules/postcss/lib/result.d.ts,engineering/verification/history/cleanup-2026-09-29/regenerated-artifacts/node_modules/postcss/lib/result.d.ts,generated-dependency-build-cache,False,4346,44325ed13294fce6ab825b82947bbeed2611db7dad9d9135260192f375e5a189,move
external,cleanup-2026-09-29/regenerated-artifacts/node_modules/postcss/lib/result.js,engineering/verification/history/cleanup-2026-09-29/regenerated-artifacts/node_modules/postcss/lib/result.js,generated-dependency-build-cache,False,738,b4239438538d41187fc9a572c83bb89b09524301764ebd4f46c71fe31edd04dd,move
external,cleanup-2026-09-29/regenerated-artifacts/node_modules/postcss/lib/root.d.ts,engineering/verification/history/cleanup-2026-09-29/regenerated-artifacts/node_modules/postcss/lib/root.d.ts,generated-dependency-build-cache,False,2253,19ee8416e6473ed6c7adb868fa796b5653cf0fa2a337658e677eaa0d134388c3,move
external,cleanup-2026-09-29/regenerated-artifacts/node_modules/postcss/lib/root.js,engineering/verification/history/cleanup-2026-09-29/regenerated-artifacts/node_modules/postcss/lib/root.js,generated-dependency-build-cache,False,1606,872a512fa232b23f5231070bd981d3eb390316d8776ba5ccb64f723e4b7088bb,move
external,cleanup-2026-09-29/regenerated-artifacts/node_modules/postcss/lib/rule.d.ts,engineering/verification/history/cleanup-2026-09-29/regenerated-artifacts/node_modules/postcss/lib/rule.d.ts,generated-dependency-build-cache,False,2879,46e4a36e8ddbdfb4e7330e11c81c970dc8b218611df9183d39c41c5f8c653b55,move
external,cleanup-2026-09-29/regenerated-artifacts/node_modules/postcss/lib/rule.js,engineering/verification/history/cleanup-2026-09-29/regenerated-artifacts/node_modules/postcss/lib/rule.js,generated-dependency-build-cache,False,569,216ca23a33b1a0145c7925daa442a34e33a9ea41c6f3bb58fca7c4fb355e0166,move
external,cleanup-2026-09-29/regenerated-artifacts/node_modules/postcss/lib/stringifier.d.ts,engineering/verification/history/cleanup-2026-09-29/regenerated-artifacts/node_modules/postcss/lib/stringifier.d.ts,generated-dependency-build-cache,False,1360,0807e4031561395faa159ca7ff21991d63f3f7df894907ec447d4a62a8e66214,move
external,cleanup-2026-09-29/regenerated-artifacts/node_modules/postcss/lib/stringifier.js,engineering/verification/history/cleanup-2026-09-29/regenerated-artifacts/node_modules/postcss/lib/stringifier.js,generated-dependency-build-cache,False,11816,76094d7547be325f5155759fa1c6b979b3fd576ab686715ddce51b8efa0de2d7,move
external,cleanup-2026-09-29/regenerated-artifacts/node_modules/postcss/lib/stringify.d.ts,engineering/verification/history/cleanup-2026-09-29/regenerated-artifacts/node_modules/postcss/lib/stringify.d.ts,generated-dependency-build-cache,False,163,5ed0ab0fc1719c68007cf670abd22f78c7767a3b9f4465ad5a29a255adc0c939,move
external,cleanup-2026-09-29/regenerated-artifacts/node_modules/postcss/lib/stringify.js,engineering/verification/history/cleanup-2026-09-29/regenerated-artifacts/node_modules/postcss/lib/stringify.js,generated-dependency-build-cache,False,213,99229cdda200513f88f7fee46004d5c39c1492a73451509e66164d26dff34abc,move
external,cleanup-2026-09-29/regenerated-artifacts/node_modules/postcss/lib/symbols.js,engineering/verification/history/cleanup-2026-09-29/regenerated-artifacts/node_modules/postcss/lib/symbols.js,generated-dependency-build-cache,False,91,eb8ab8b9648d400ec3e8e37e75dc159734b97ba21137f12da11b4afc2547a1b4,move
external,cleanup-2026-09-29/regenerated-artifacts/node_modules/postcss/lib/terminal-highlight.js,engineering/verification/history/cleanup-2026-09-29/regenerated-artifacts/node_modules/postcss/lib/terminal-highlight.js,generated-dependency-build-cache,False,1399,27f1eb6cc633f3947e053c96f16b1754bcffcda2742ecc9a1e11cc2a75d70d9b,move
external,cleanup-2026-09-29/regenerated-artifacts/node_modules/postcss/lib/tokenize.js,engineering/verification/history/cleanup-2026-09-29/regenerated-artifacts/node_modules/postcss/lib/tokenize.js,generated-dependency-build-cache,False,6700,ddfcaaa01f5eac9e4e8652044df1401ce6cc70295fd3f9fbb214ca66fb2bec72,move
external,cleanup-2026-09-29/regenerated-artifacts/node_modules/postcss/lib/warn-once.js,engineering/verification/history/cleanup-2026-09-29/regenerated-artifacts/node_modules/postcss/lib/warn-once.js,generated-dependency-build-cache,False,256,5683ff69eeb8e77373a4bd0e0b9da611c7575ee434ba3c458c0552ab4806464a,move
external,cleanup-2026-09-29/regenerated-artifacts/node_modules/postcss/lib/warning.d.ts,engineering/verification/history/cleanup-2026-09-29/regenerated-artifacts/node_modules/postcss/lib/warning.d.ts,generated-dependency-build-cache,False,2924,1328ab4e442614b28cdb3d4b414cf68325c0da0dca07287a338d0654b7a00261,move
external,cleanup-2026-09-29/regenerated-artifacts/node_modules/postcss/lib/warning.js,engineering/verification/history/cleanup-2026-09-29/regenerated-artifacts/node_modules/postcss/lib/warning.js,generated-dependency-build-cache,False,1151,eb7656e1b8501c7b7c3b925b3875363e30b5d23477424bc444dc6289993c16b7,move
external,cleanup-2026-09-29/regenerated-artifacts/node_modules/rolldown/LICENSE,engineering/verification/history/cleanup-2026-09-29/regenerated-artifacts/node_modules/rolldown/LICENSE,generated-dependency-build-cache,False,1302,23ecfff35a5a2e80d92142f75228912c3b1abc4b5a8337a821ff4397e2f9f734,move
external,cleanup-2026-09-29/regenerated-artifacts/node_modules/rolldown/README.md,engineering/verification/history/cleanup-2026-09-29/regenerated-artifacts/node_modules/rolldown/README.md,generated-dependency-build-cache,False,665,3d65150aadb440393668579bd47674f9c6d51f32d1f352510e0c1d6ddf549005,move
external,cleanup-2026-09-29/regenerated-artifacts/node_modules/rolldown/THIRD-PARTY-LICENSE,engineering/verification/history/cleanup-2026-09-29/regenerated-artifacts/node_modules/rolldown/THIRD-PARTY-LICENSE,generated-dependency-build-cache,False,2209,a877291d800ed43692f3f9ae09d8e01cc6f7293ad39d43896059c188ffbb8b7c,move
external,cleanup-2026-09-29/regenerated-artifacts/node_modules/rolldown/package.json,engineering/verification/history/cleanup-2026-09-29/regenerated-artifacts/node_modules/rolldown/package.json,generated-dependency-build-cache,False,6043,cea38cd16412ee2464164a9d70550fdf07c9039bc563aa6bde7f9566e6fc7baf,move
external,cleanup-2026-09-29/regenerated-artifacts/node_modules/rolldown/bin/cli.mjs,engineering/verification/history/cleanup-2026-09-29/regenerated-artifacts/node_modules/rolldown/bin/cli.mjs,generated-dependency-build-cache,False,46,4f32d8fafabe786e739f8be56df684e56def00e63a32858ad9d5ede57406bc6c,move
external,cleanup-2026-09-29/regenerated-artifacts/node_modules/rolldown/dist/cli.d.mts,engineering/verification/history/cleanup-2026-09-29/regenerated-artifacts/node_modules/rolldown/dist/cli.d.mts,generated-dependency-build-cache,False,9,f4c5cf9bb78e85f15dc27180260637cf24b2a24bc39e0788783a3accc4dde614,move
external,cleanup-2026-09-29/regenerated-artifacts/node_modules/rolldown/dist/cli.mjs,engineering/verification/history/cleanup-2026-09-29/regenerated-artifacts/node_modules/rolldown/dist/cli.mjs,generated-dependency-build-cache,False,39744,928aae0b791ef8dbc0df63dcd96e4225f08c37bc5901a0b678f0974670a169a4,move
external,cleanup-2026-09-29/regenerated-artifacts/node_modules/rolldown/dist/config.d.mts,engineering/verification/history/cleanup-2026-09-29/regenerated-artifacts/node_modules/rolldown/dist/config.d.mts,generated-dependency-build-cache,False,1080,1675be9ccb9a22fcae9ea63193e5dc0c2a83875c87acabad35804f06b85953ec,move
external,cleanup-2026-09-29/regenerated-artifacts/node_modules/rolldown/dist/config.mjs,engineering/verification/history/cleanup-2026-09-29/regenerated-artifacts/node_modules/rolldown/dist/config.mjs,generated-dependency-build-cache,False,267,26b75bd1818d5d5714547bb5f30ca5ed93806f61509afcb89399efeaf7a37406,move
external,cleanup-2026-09-29/regenerated-artifacts/node_modules/rolldown/dist/experimental-default-runtime.mjs,engineering/verification/history/cleanup-2026-09-29/regenerated-artifacts/node_modules/rolldown/dist/experimental-default-runtime.mjs,generated-dependency-build-cache,False,3177,37b4510892f875129956e8d7f72318eb8b480fda4c086f777113c65cf154f970,move
external,cleanup-2026-09-29/regenerated-artifacts/node_modules/rolldown/dist/experimental-index.d.mts,engineering/verification/history/cleanup-2026-09-29/regenerated-artifacts/node_modules/rolldown/dist/experimental-index.d.mts,generated-dependency-build-cache,False,13218,7949cdc3ec9b930d988d6b07739561f6acaea6b497762fee0cf821094f30ea69,move
external,cleanup-2026-09-29/regenerated-artifacts/node_modules/rolldown/dist/experimental-index.mjs,engineering/verification/history/cleanup-2026-09-29/regenerated-artifacts/node_modules/rolldown/dist/experimental-index.mjs,generated-dependency-build-cache,False,13981,8a88721b031cae6afed21d8e261499afeb70303032d0414899c0bb56f43a0782,move
external,cleanup-2026-09-29/regenerated-artifacts/node_modules/rolldown/dist/experimental-runtime-base.mjs,engineering/verification/history/cleanup-2026-09-29/regenerated-artifacts/node_modules/rolldown/dist/experimental-runtime-base.mjs,generated-dependency-build-cache,False,3445,43e801e2a0ea81a50cfd48f9eb7659c5db77f4f0fd507c894d0b925fe3343982,move
external,cleanup-2026-09-29/regenerated-artifacts/node_modules/rolldown/dist/experimental-runtime-types.d.ts,engineering/verification/history/cleanup-2026-09-29/regenerated-artifacts/node_modules/rolldown/dist/experimental-runtime-types.d.ts,generated-dependency-build-cache,False,5773,1572f07dace87128cedf3de09b911384cd4c27274acfe299ec230a35384c5629,move
external,cleanup-2026-09-29/regenerated-artifacts/node_modules/rolldown/dist/experimental-runtime.d.ts,engineering/verification/history/cleanup-2026-09-29/regenerated-artifacts/node_modules/rolldown/dist/experimental-runtime.d.ts,generated-dependency-build-cache,False,5773,1572f07dace87128cedf3de09b911384cd4c27274acfe299ec230a35384c5629,move
external,cleanup-2026-09-29/regenerated-artifacts/node_modules/rolldown/dist/experimental-runtime.mjs,engineering/verification/history/cleanup-2026-09-29/regenerated-artifacts/node_modules/rolldown/dist/experimental-runtime.mjs,generated-dependency-build-cache,False,7561,5980b03eedbfa0b9b8ab272432d0898e0963e6259e780528341f11a26fffa15b,move
external,cleanup-2026-09-29/regenerated-artifacts/node_modules/rolldown/dist/filter-index.d.mts,engineering/verification/history/cleanup-2026-09-29/regenerated-artifacts/node_modules/rolldown/dist/filter-index.d.mts,generated-dependency-build-cache,False,6817,471c2797fa7dbd4cf392158f734dabed5e0628bfd8a72063bfdd658ff7c1be7b,move
external,cleanup-2026-09-29/regenerated-artifacts/node_modules/rolldown/dist/filter-index.mjs,engineering/verification/history/cleanup-2026-09-29/regenerated-artifacts/node_modules/rolldown/dist/filter-index.mjs,generated-dependency-build-cache,False,11189,14efa1927f9c3abb94b257bd7c211a29ff5486b1a92c7d0a34d05fd845ad376c,move
external,cleanup-2026-09-29/regenerated-artifacts/node_modules/rolldown/dist/get-log-filter.d.mts,engineering/verification/history/cleanup-2026-09-29/regenerated-artifacts/node_modules/rolldown/dist/get-log-filter.d.mts,generated-dependency-build-cache,False,257,e119e5023581deb35fe500cf979ce3e53e3e87a865f744a892535e1f856c46cb,move
external,cleanup-2026-09-29/regenerated-artifacts/node_modules/rolldown/dist/get-log-filter.mjs,engineering/verification/history/cleanup-2026-09-29/regenerated-artifacts/node_modules/rolldown/dist/get-log-filter.mjs,generated-dependency-build-cache,False,2037,8d267b4293c32da393c1b189264ecce44a9f0ca767293de300904b006ad221f0,move
external,cleanup-2026-09-29/regenerated-artifacts/node_modules/rolldown/dist/index.d.mts,engineering/verification/history/cleanup-2026-09-29/regenerated-artifacts/node_modules/rolldown/dist/index.d.mts,generated-dependency-build-cache,False,5240,a8116d6f8c9c38b28603a0fcde3f5913ab0a59a8534a76f620630eb9e33d25af,move
external,cleanup-2026-09-29/regenerated-artifacts/node_modules/rolldown/dist/index.mjs,engineering/verification/history/cleanup-2026-09-29/regenerated-artifacts/node_modules/rolldown/dist/index.mjs,generated-dependency-build-cache,False,1642,402d9095a966408d8e28856afe0b2c7681c99ae7cd76489ba948e4baf82c5043,move
external,cleanup-2026-09-29/regenerated-artifacts/node_modules/rolldown/dist/parallel-plugin-worker.d.mts,engineering/verification/history/cleanup-2026-09-29/regenerated-artifacts/node_modules/rolldown/dist/parallel-plugin-worker.d.mts,generated-dependency-build-cache,False,9,f4c5cf9bb78e85f15dc27180260637cf24b2a24bc39e0788783a3accc4dde614,move
external,cleanup-2026-09-29/regenerated-artifacts/node_modules/rolldown/dist/parallel-plugin-worker.mjs,engineering/verification/history/cleanup-2026-09-29/regenerated-artifacts/node_modules/rolldown/dist/parallel-plugin-worker.mjs,generated-dependency-build-cache,False,1113,82b66ef965aafe62573f0476b55c1f13724bd3d104b57a4abb3edb706802c4ca,move
external,cleanup-2026-09-29/regenerated-artifacts/node_modules/rolldown/dist/parallel-plugin.d.mts,engineering/verification/history/cleanup-2026-09-29/regenerated-artifacts/node_modules/rolldown/dist/parallel-plugin.d.mts,generated-dependency-build-cache,False,609,29571d55428a87cb9e069bbdc8725a11a0f4b8f49e35022fc765b9a4bb7810d8,move
external,cleanup-2026-09-29/regenerated-artifacts/node_modules/rolldown/dist/parallel-plugin.mjs,engineering/verification/history/cleanup-2026-09-29/regenerated-artifacts/node_modules/rolldown/dist/parallel-plugin.mjs,generated-dependency-build-cache,False,187,0fff1fcfb26076a52caf31772881e55e8dbd7f039f268124e438638e8d84e0c2,move
external,cleanup-2026-09-29/regenerated-artifacts/node_modules/rolldown/dist/parse-ast-index.d.mts,engineering/verification/history/cleanup-2026-09-29/regenerated-artifacts/node_modules/rolldown/dist/parse-ast-index.d.mts,generated-dependency-build-cache,False,1106,c0042ca8c8cbda9e978c4558933c47c812ac018e51d64ae8ff51e641672bed46,move
external,cleanup-2026-09-29/regenerated-artifacts/node_modules/rolldown/dist/parse-ast-index.mjs,engineering/verification/history/cleanup-2026-09-29/regenerated-artifacts/node_modules/rolldown/dist/parse-ast-index.mjs,generated-dependency-build-cache,False,2148,a837c99440a6903e2f6db343bfc24b7992f62584c99b8ad2ab4ec97e26505c6d,move
external,cleanup-2026-09-29/regenerated-artifacts/node_modules/rolldown/dist/plugins-index.d.mts,engineering/verification/history/cleanup-2026-09-29/regenerated-artifacts/node_modules/rolldown/dist/plugins-index.d.mts,generated-dependency-build-cache,False,1000,75ff6ca0c4527bf357c82ac68f4a8afa29f994c587902c3bf611f247e34c06b1,move
external,cleanup-2026-09-29/regenerated-artifacts/node_modules/rolldown/dist/plugins-index.mjs,engineering/verification/history/cleanup-2026-09-29/regenerated-artifacts/node_modules/rolldown/dist/plugins-index.mjs,generated-dependency-build-cache,False,1082,7ea0031bc672cebbb82623c94cac87d03207c5bc605f19ff1263afc8917944da,move
external,cleanup-2026-09-29/regenerated-artifacts/node_modules/rolldown/dist/utils-index.d.mts,engineering/verification/history/cleanup-2026-09-29/regenerated-artifacts/node_modules/rolldown/dist/utils-index.d.mts,generated-dependency-build-cache,False,24324,3e263c383492c8edcfb6326107c63769d9bb75f901d0a49309049e46658197d9,move
external,cleanup-2026-09-29/regenerated-artifacts/node_modules/rolldown/dist/utils-index.mjs,engineering/verification/history/cleanup-2026-09-29/regenerated-artifacts/node_modules/rolldown/dist/utils-index.mjs,generated-dependency-build-cache,False,70392,8bd8c1e56f7d12f6da8516fcbe9d28c7a7e36b842bce5356b86fd3716506f5cf,move
external,cleanup-2026-09-29/regenerated-artifacts/node_modules/rolldown/dist/shared/binding-CVtkJvyl.d.mts,engineering/verification/history/cleanup-2026-09-29/regenerated-artifacts/node_modules/rolldown/dist/shared/binding-CVtkJvyl.d.mts,generated-dependency-build-cache,False,65371,aacf8a6955a6e97c902e3ad9644afc21544795c0cd35327e063814a564f4d4b4,move
external,cleanup-2026-09-29/regenerated-artifacts/node_modules/rolldown/dist/shared/binding-Zhafd14U.mjs,engineering/verification/history/cleanup-2026-09-29/regenerated-artifacts/node_modules/rolldown/dist/shared/binding-Zhafd14U.mjs,generated-dependency-build-cache,False,33593,25735296beb0aa91f888b924f71b3bffae178b49e4214822b0aac8647b67001f,move
external,cleanup-2026-09-29/regenerated-artifacts/node_modules/rolldown/dist/shared/bindingify-input-options-C-Zsy1EG.mjs,engineering/verification/history/cleanup-2026-09-29/regenerated-artifacts/node_modules/rolldown/dist/shared/bindingify-input-options-C-Zsy1EG.mjs,generated-dependency-build-cache,False,85925,6934659927cc5392366ed0581910fdeb10f0ee947b67e07ed795f239b4a91bcf,move
external,cleanup-2026-09-29/regenerated-artifacts/node_modules/rolldown/dist/shared/constructors-CGzna3vk.d.mts,engineering/verification/history/cleanup-2026-09-29/regenerated-artifacts/node_modules/rolldown/dist/shared/constructors-CGzna3vk.d.mts,generated-dependency-build-cache,False,2921,3bc4a3711104f5ebe704b5bba87b4763a04f20e2f483aa8c4d0a281202343ec4,move
external,cleanup-2026-09-29/regenerated-artifacts/node_modules/rolldown/dist/shared/constructors-u6EEiG8n.mjs,engineering/verification/history/cleanup-2026-09-29/regenerated-artifacts/node_modules/rolldown/dist/shared/constructors-u6EEiG8n.mjs,generated-dependency-build-cache,False,2910,b662a3814478634e1e671fb4dda9204b0ea3dc8a8009faa2060c558c0ffa122d,move
external,cleanup-2026-09-29/regenerated-artifacts/node_modules/rolldown/dist/shared/create-bundler-option-wRiQzEJ3.mjs,engineering/verification/history/cleanup-2026-09-29/regenerated-artifacts/node_modules/rolldown/dist/shared/create-bundler-option-wRiQzEJ3.mjs,generated-dependency-build-cache,False,151886,598f0d02df94e646e7c3a9f87712678bc68b33c1c460b920222cca41723d2556,move
external,cleanup-2026-09-29/regenerated-artifacts/node_modules/rolldown/dist/shared/define-config-Demdg3_4.mjs,engineering/verification/history/cleanup-2026-09-29/regenerated-artifacts/node_modules/rolldown/dist/shared/define-config-Demdg3_4.mjs,generated-dependency-build-cache,False,130,e887326cc80caa4248166a9ce863134fc4f7e1314ad9a3d7e380bd1a43f746ab,move
external,cleanup-2026-09-29/regenerated-artifacts/node_modules/rolldown/dist/shared/define-config-Dsp5YQR4.d.mts,engineering/verification/history/cleanup-2026-09-29/regenerated-artifacts/node_modules/rolldown/dist/shared/define-config-Dsp5YQR4.d.mts,generated-dependency-build-cache,False,151171,e1deea0ca56fcb9607549d51635f8fd6ebedd201825778d2bcb1b6b82e30bd4a,move
external,cleanup-2026-09-29/regenerated-artifacts/node_modules/rolldown/dist/shared/dist-DKbukT1H.mjs,engineering/verification/history/cleanup-2026-09-29/regenerated-artifacts/node_modules/rolldown/dist/shared/dist-DKbukT1H.mjs,generated-dependency-build-cache,False,7739,f7fdbc4f6653f54996d0044435488bbec4adb6420f796f76b3af68a1264bda18,move
external,cleanup-2026-09-29/regenerated-artifacts/node_modules/rolldown/dist/shared/error-CVc7IgvG.mjs,engineering/verification/history/cleanup-2026-09-29/regenerated-artifacts/node_modules/rolldown/dist/shared/error-CVc7IgvG.mjs,generated-dependency-build-cache,False,2926,ebcd59744aa80a08c683a75f4ef4ba3acbbab14ea04ec311aafc20001aa13c43,move
external,cleanup-2026-09-29/regenerated-artifacts/node_modules/rolldown/dist/shared/get-log-filter-AjBknEEO.d.mts,engineering/verification/history/cleanup-2026-09-29/regenerated-artifacts/node_modules/rolldown/dist/shared/get-log-filter-AjBknEEO.d.mts,generated-dependency-build-cache,False,886,a57f53caa3e1283f2234c38f3614eb66549f83d0b21bddfcbb2dca1a023c2383,move
external,cleanup-2026-09-29/regenerated-artifacts/node_modules/rolldown/dist/shared/load-config-63nAW5KO.mjs,engineering/verification/history/cleanup-2026-09-29/regenerated-artifacts/node_modules/rolldown/dist/shared/load-config-63nAW5KO.mjs,generated-dependency-build-cache,False,5241,419631c585c63240b4df4be05d52aab80cc68a8f1623c36a68589b7baa810908,move
external,cleanup-2026-09-29/regenerated-artifacts/node_modules/rolldown/dist/shared/logging-xuHO4mAy.d.mts,engineering/verification/history/cleanup-2026-09-29/regenerated-artifacts/node_modules/rolldown/dist/shared/logging-xuHO4mAy.d.mts,generated-dependency-build-cache,False,1455,fc5ad2ec8b130a59612c5cfcc2cdca9bcdd80851adb8acdb004aaeff00cc978d,move
external,cleanup-2026-09-29/regenerated-artifacts/node_modules/rolldown/dist/shared/logs-DmYCAKcW.mjs,engineering/verification/history/cleanup-2026-09-29/regenerated-artifacts/node_modules/rolldown/dist/shared/logs-DmYCAKcW.mjs,generated-dependency-build-cache,False,6019,7fd7aaed77211e38b7b02540801e86b10dc624e88dbb02abc23253d4475a41fe,move
external,cleanup-2026-09-29/regenerated-artifacts/node_modules/rolldown/dist/shared/misc-DOSKtd97.mjs,engineering/verification/history/cleanup-2026-09-29/regenerated-artifacts/node_modules/rolldown/dist/shared/misc-DOSKtd97.mjs,generated-dependency-build-cache,False,1108,a6b94bac1329695387fcaf0d0dbd583165e962a2de13c719e819fc68e4bcb04a,move
external,cleanup-2026-09-29/regenerated-artifacts/node_modules/rolldown/dist/shared/normalize-string-or-regex-BxRYnPRv.mjs,engineering/verification/history/cleanup-2026-09-29/regenerated-artifacts/node_modules/rolldown/dist/shared/normalize-string-or-regex-BxRYnPRv.mjs,generated-dependency-build-cache,False,2131,07711c7ce9bb86257541f0ee669e2499658ab0b9903892fd79313ef42efcee04,move
external,cleanup-2026-09-29/regenerated-artifacts/node_modules/rolldown/dist/shared/parse-DnWvq9XZ.mjs,engineering/verification/history/cleanup-2026-09-29/regenerated-artifacts/node_modules/rolldown/dist/shared/parse-DnWvq9XZ.mjs,generated-dependency-build-cache,False,2628,5b52191a03d0080c236561f06c51a71a4b343492f4b854f6e3774b590a3bf1b7,move
external,cleanup-2026-09-29/regenerated-artifacts/node_modules/rolldown/dist/shared/prompt-CH6TK0bC.mjs,engineering/verification/history/cleanup-2026-09-29/regenerated-artifacts/node_modules/rolldown/dist/shared/prompt-CH6TK0bC.mjs,generated-dependency-build-cache,False,49939,f29111163870f5b1f7b184b65454ad6fc31869579b9c88c120ff0c01a7e1fa29,move
external,cleanup-2026-09-29/regenerated-artifacts/node_modules/rolldown/dist/shared/resolve-tsconfig-SPewz4V3.mjs,engineering/verification/history/cleanup-2026-09-29/regenerated-artifacts/node_modules/rolldown/dist/shared/resolve-tsconfig-SPewz4V3.mjs,generated-dependency-build-cache,False,4731,60aceecb17eca5e4aa1d4c7f5d65835b998779a9148128c097290e3e233be49d,move
external,cleanup-2026-09-29/regenerated-artifacts/node_modules/rolldown/dist/shared/rolldown-DiYVDns9.mjs,engineering/verification/history/cleanup-2026-09-29/regenerated-artifacts/node_modules/rolldown/dist/shared/rolldown-DiYVDns9.mjs,generated-dependency-build-cache,False,5301,e619c4751dd78a26b5fa5d1552c5a96b9d04f86f9b8fb026306cee44768d214f,move
external,cleanup-2026-09-29/regenerated-artifacts/node_modules/rolldown/dist/shared/transform-WmU_cI8e.d.mts,engineering/verification/history/cleanup-2026-09-29/regenerated-artifacts/node_modules/rolldown/dist/shared/transform-WmU_cI8e.d.mts,generated-dependency-build-cache,False,6048,08cad5153da753ed9c463b0e42a86bd8bc2b443368ce6a02a2a70e46adf7a4e0,move
external,cleanup-2026-09-29/regenerated-artifacts/node_modules/rolldown/dist/shared/watch-BNCfUBmW.mjs,engineering/verification/history/cleanup-2026-09-29/regenerated-artifacts/node_modules/rolldown/dist/shared/watch-BNCfUBmW.mjs,generated-dependency-build-cache,False,12019,e4ef5463edcb5a02ec93273d8eddd406bf51058c7746516977d4d2b56e0a8d8c,move
external,cleanup-2026-09-29/regenerated-artifacts/node_modules/source-map-js/LICENSE,engineering/verification/history/cleanup-2026-09-29/regenerated-artifacts/node_modules/source-map-js/LICENSE,generated-dependency-build-cache,False,1526,6cb0631f71c7749763fd3dd1d5bee52dd1070ec17f2edc1710079ad070bd2fbd,move
external,cleanup-2026-09-29/regenerated-artifacts/node_modules/source-map-js/README.md,engineering/verification/history/cleanup-2026-09-29/regenerated-artifacts/node_modules/source-map-js/README.md,generated-dependency-build-cache,False,26040,8e1a57daf01cd2fc8969ecd0afeae51d1c05c7c79e9413ea82016a0f65e97646,move
external,cleanup-2026-09-29/regenerated-artifacts/node_modules/source-map-js/package.json,engineering/verification/history/cleanup-2026-09-29/regenerated-artifacts/node_modules/source-map-js/package.json,generated-dependency-build-cache,False,2548,58f8e94a461a5e461e0cb2bb2be681cbd89b9181989fd26fceb858e67711469a,move
external,cleanup-2026-09-29/regenerated-artifacts/node_modules/source-map-js/source-map.d.ts,engineering/verification/history/cleanup-2026-09-29/regenerated-artifacts/node_modules/source-map-js/source-map.d.ts,generated-dependency-build-cache,False,3408,402e5c534fb2b85fa771170595db3ac0dd532112c8fa44fc23f233bc6967488b,move
external,cleanup-2026-09-29/regenerated-artifacts/node_modules/source-map-js/source-map.js,engineering/verification/history/cleanup-2026-09-29/regenerated-artifacts/node_modules/source-map-js/source-map.js,generated-dependency-build-cache,False,405,dc098456c2d9ab90a4c0a17cca9be16665b9813df20906553a98b0088a157be7,move
external,cleanup-2026-09-29/regenerated-artifacts/node_modules/source-map-js/lib/array-set.js,engineering/verification/history/cleanup-2026-09-29/regenerated-artifacts/node_modules/source-map-js/lib/array-set.js,generated-dependency-build-cache,False,3197,163bb3055aaea7140167740036a83161fd912c344b14f992754b80f21477d754,move
external,cleanup-2026-09-29/regenerated-artifacts/node_modules/source-map-js/lib/base64-vlq.js,engineering/verification/history/cleanup-2026-09-29/regenerated-artifacts/node_modules/source-map-js/lib/base64-vlq.js,generated-dependency-build-cache,False,4714,f3407e528f54ec0787bd0a71eeac0c99fffd98445916fcbe116dc69ca3be928b,move
external,cleanup-2026-09-29/regenerated-artifacts/node_modules/source-map-js/lib/base64.js,engineering/verification/history/cleanup-2026-09-29/regenerated-artifacts/node_modules/source-map-js/lib/base64.js,generated-dependency-build-cache,False,1540,651bf433cf05e9ec8cee0b94639483236a605d48279e83d3d5c5de81c21d6599,move
external,cleanup-2026-09-29/regenerated-artifacts/node_modules/source-map-js/lib/binary-search.js,engineering/verification/history/cleanup-2026-09-29/regenerated-artifacts/node_modules/source-map-js/lib/binary-search.js,generated-dependency-build-cache,False,4249,c7f4a47a125af0bd860443dfd71d2f412d1a97dcb53ab7038189d63b91dc32bd,move
external,cleanup-2026-09-29/regenerated-artifacts/node_modules/source-map-js/lib/mapping-list.js,engineering/verification/history/cleanup-2026-09-29/regenerated-artifacts/node_modules/source-map-js/lib/mapping-list.js,generated-dependency-build-cache,False,2339,35ddb82861f11a70ab84cb47d620fcb28d7f884bb444644e06bde815b836ef9e,move
external,cleanup-2026-09-29/regenerated-artifacts/node_modules/source-map-js/lib/quick-sort.js,engineering/verification/history/cleanup-2026-09-29/regenerated-artifacts/node_modules/source-map-js/lib/quick-sort.js,generated-dependency-build-cache,False,4068,72ed4911cdc72232cac53cac995e28e865cd4302186173bba74ff6436c089915,move
external,cleanup-2026-09-29/regenerated-artifacts/node_modules/source-map-js/lib/source-map-consumer.d.ts,engineering/verification/history/cleanup-2026-09-29/regenerated-artifacts/node_modules/source-map-js/lib/source-map-consumer.d.ts,generated-dependency-build-cache,False,40,2ca1c32e3bd72c64662adf034d97df8606ba1e1399cafc75567809ecff4bca95,move
external,cleanup-2026-09-29/regenerated-artifacts/node_modules/source-map-js/lib/source-map-consumer.js,engineering/verification/history/cleanup-2026-09-29/regenerated-artifacts/node_modules/source-map-js/lib/source-map-consumer.js,generated-dependency-build-cache,False,41580,78f7a8f6d20f51a99a9cbd8d552321b1a72de9b9fb9c39dbeb27dc84eb2eade5,move
external,cleanup-2026-09-29/regenerated-artifacts/node_modules/source-map-js/lib/source-map-generator.d.ts,engineering/verification/history/cleanup-2026-09-29/regenerated-artifacts/node_modules/source-map-js/lib/source-map-generator.d.ts,generated-dependency-build-cache,False,41,11f9b1e28747ca9cf5f4f7d41a7f261ac98ecde6be7dc146824fa275ac1f169d,move
external,cleanup-2026-09-29/regenerated-artifacts/node_modules/source-map-js/lib/source-map-generator.js,engineering/verification/history/cleanup-2026-09-29/regenerated-artifacts/node_modules/source-map-js/lib/source-map-generator.js,generated-dependency-build-cache,False,14933,645482e8d23fd49cd025a0ad07c2e2beb173995138370d6a73e596e18e889bd8,move
external,cleanup-2026-09-29/regenerated-artifacts/node_modules/source-map-js/lib/source-node.d.ts,engineering/verification/history/cleanup-2026-09-29/regenerated-artifacts/node_modules/source-map-js/lib/source-node.d.ts,generated-dependency-build-cache,False,33,e4a2e40e293158fb2ab29aadb9eaa6400c8d9be5851d45a95a76f9e2a4bb7c8b,move
external,cleanup-2026-09-29/regenerated-artifacts/node_modules/source-map-js/lib/source-node.js,engineering/verification/history/cleanup-2026-09-29/regenerated-artifacts/node_modules/source-map-js/lib/source-node.js,generated-dependency-build-cache,False,13808,b45db8183550ca1e6259976f6ceee89f6764360c56cf206701bd2f7471144e31,move
external,cleanup-2026-09-29/regenerated-artifacts/node_modules/source-map-js/lib/util.js,engineering/verification/history/cleanup-2026-09-29/regenerated-artifacts/node_modules/source-map-js/lib/util.js,generated-dependency-build-cache,False,15403,0629f3ae2f3049cda3a2e87ea651dcf0cc71108f4681795ab989a8ac1573fc03,move
external,cleanup-2026-09-29/regenerated-artifacts/node_modules/tinyglobby/LICENSE,engineering/verification/history/cleanup-2026-09-29/regenerated-artifacts/node_modules/tinyglobby/LICENSE,generated-dependency-build-cache,False,1076,22c68811e174cbbfb3813d4135918df4f540959c14d872e601d9abe83d3cde8f,move
external,cleanup-2026-09-29/regenerated-artifacts/node_modules/tinyglobby/README.md,engineering/verification/history/cleanup-2026-09-29/regenerated-artifacts/node_modules/tinyglobby/README.md,generated-dependency-build-cache,False,931,657d808498dddf2ea2049dd44f008cd18c260893ef73920285d7b3e9afcb7072,move
external,cleanup-2026-09-29/regenerated-artifacts/node_modules/tinyglobby/package.json,engineering/verification/history/cleanup-2026-09-29/regenerated-artifacts/node_modules/tinyglobby/package.json,generated-dependency-build-cache,False,1761,bd2b2af3c9ba0580f1acfb22c55d0b6d29abf683af5cac8a2efe82fa7c943f23,move
external,cleanup-2026-09-29/regenerated-artifacts/node_modules/tinyglobby/dist/index.cjs,engineering/verification/history/cleanup-2026-09-29/regenerated-artifacts/node_modules/tinyglobby/dist/index.cjs,generated-dependency-build-cache,False,13706,ee408bbc9665cba5800a6b2a0c89dd3df9820baa30d4ff3ba2f2435f16ce9f94,move
external,cleanup-2026-09-29/regenerated-artifacts/node_modules/tinyglobby/dist/index.d.cts,engineering/verification/history/cleanup-2026-09-29/regenerated-artifacts/node_modules/tinyglobby/dist/index.d.cts,generated-dependency-build-cache,False,4688,737da79b3269b992ed4aa9a9f799ec85ae0eb5236a3f63125382e52e02e0c832,move
external,cleanup-2026-09-29/regenerated-artifacts/node_modules/tinyglobby/dist/index.d.mts,engineering/verification/history/cleanup-2026-09-29/regenerated-artifacts/node_modules/tinyglobby/dist/index.d.mts,generated-dependency-build-cache,False,4688,737da79b3269b992ed4aa9a9f799ec85ae0eb5236a3f63125382e52e02e0c832,move
external,cleanup-2026-09-29/regenerated-artifacts/node_modules/tinyglobby/dist/index.mjs,engineering/verification/history/cleanup-2026-09-29/regenerated-artifacts/node_modules/tinyglobby/dist/index.mjs,generated-dependency-build-cache,False,12438,fc1bed0d5da56d4638002af7deaf6d179e183a85de648c180839ca36b21b3b50,move
external,cleanup-2026-09-29/regenerated-artifacts/node_modules/vite/LICENSE.md,engineering/verification/history/cleanup-2026-09-29/regenerated-artifacts/node_modules/vite/LICENSE.md,generated-dependency-build-cache,False,112425,387dd7baa307083401a27c58c362c30832f5ba1dba84f10cc22c33401523f45c,move
external,cleanup-2026-09-29/regenerated-artifacts/node_modules/vite/README.md,engineering/verification/history/cleanup-2026-09-29/regenerated-artifacts/node_modules/vite/README.md,generated-dependency-build-cache,False,1179,01cebf4365cd21396688c4dcb0dc8d360ccbafb3a36735d3849c5d8efd3cd060,move
external,cleanup-2026-09-29/regenerated-artifacts/node_modules/vite/client.d.ts,engineering/verification/history/cleanup-2026-09-29/regenerated-artifacts/node_modules/vite/client.d.ts,generated-dependency-build-cache,False,5231,74b98be6ab7723114273526706070ff9885fdf990d5c4e722801addca4d264e1,move
external,cleanup-2026-09-29/regenerated-artifacts/node_modules/vite/package.json,engineering/verification/history/cleanup-2026-09-29/regenerated-artifacts/node_modules/vite/package.json,generated-dependency-build-cache,False,5083,3baf6fb19ca2a2da0b739d984620e2c9d4aeba83d5ac68da9bacfb37d43afd61,move
external,cleanup-2026-09-29/regenerated-artifacts/node_modules/vite/bin/openChrome.js,engineering/verification/history/cleanup-2026-09-29/regenerated-artifacts/node_modules/vite/bin/openChrome.js,generated-dependency-build-cache,False,1839,d72bfcc4e6fc7b3dd81338704895402b2b54fe725662eb82f09669aa93f36b92,move
external,cleanup-2026-09-29/regenerated-artifacts/node_modules/vite/bin/vite.js,engineering/verification/history/cleanup-2026-09-29/regenerated-artifacts/node_modules/vite/bin/vite.js,generated-dependency-build-cache,False,2574,fa03478846d229651a3c6aa64833ba2c6cbf580a798b92bd8f47c7480bafb5d8,move
external,cleanup-2026-09-29/regenerated-artifacts/node_modules/vite/dist/client/bundledDevClient.mjs,engineering/verification/history/cleanup-2026-09-29/regenerated-artifacts/node_modules/vite/dist/client/bundledDevClient.mjs,generated-dependency-build-cache,False,55193,b629ed6e08cebdce78c322b3692b32b1d1332f452af7632d98adc789ee73550b,move
external,cleanup-2026-09-29/regenerated-artifacts/node_modules/vite/dist/client/client.mjs,engineering/verification/history/cleanup-2026-09-29/regenerated-artifacts/node_modules/vite/dist/client/client.mjs,generated-dependency-build-cache,False,38514,11817c382ed03b4fd15524334183db9632166c509cf128808cb94d6d0f87031b,move
external,cleanup-2026-09-29/regenerated-artifacts/node_modules/vite/dist/client/env.mjs,engineering/verification/history/cleanup-2026-09-29/regenerated-artifacts/node_modules/vite/dist/client/env.mjs,generated-dependency-build-cache,False,612,599a7191be77f077087cde291f7906fa751a794617f42d914f54991fe7bf434f,move
external,cleanup-2026-09-29/regenerated-artifacts/node_modules/vite/dist/node/cli.js,engineering/verification/history/cleanup-2026-09-29/regenerated-artifacts/node_modules/vite/dist/node/cli.js,generated-dependency-build-cache,False,29852,fd745b95a376305469b25f47f5e49a60829a90444d9a466b7fcaf3bca806f4b4,move
external,cleanup-2026-09-29/regenerated-artifacts/node_modules/vite/dist/node/index.d.ts,engineering/verification/history/cleanup-2026-09-29/regenerated-artifacts/node_modules/vite/dist/node/index.d.ts,generated-dependency-build-cache,False,165420,343badbae019a9bc81f44b0942ab08f0702521429be21dba24a70238dba35645,move
external,cleanup-2026-09-29/regenerated-artifacts/node_modules/vite/dist/node/index.js,engineering/verification/history/cleanup-2026-09-29/regenerated-artifacts/node_modules/vite/dist/node/index.js,generated-dependency-build-cache,False,2670,c7ea52906f843318d7971209ce62bd24bab60590275e8f415c5564fa35cb82dc,move
external,cleanup-2026-09-29/regenerated-artifacts/node_modules/vite/dist/node/internal.d.ts,engineering/verification/history/cleanup-2026-09-29/regenerated-artifacts/node_modules/vite/dist/node/internal.d.ts,generated-dependency-build-cache,False,137,fe8e1632d4da52d384026fcb1f3fcf4c04f8fdfe6be4328712a09d470ed6c59d,move
external,cleanup-2026-09-29/regenerated-artifacts/node_modules/vite/dist/node/internal.js,engineering/verification/history/cleanup-2026-09-29/regenerated-artifacts/node_modules/vite/dist/node/internal.js,generated-dependency-build-cache,False,138,3409ae5e59e273bc35ca96c78438717736c0f6d32eb4d8ac7ac78fdd12871530,move
external,cleanup-2026-09-29/regenerated-artifacts/node_modules/vite/dist/node/module-runner.d.ts,engineering/verification/history/cleanup-2026-09-29/regenerated-artifacts/node_modules/vite/dist/node/module-runner.d.ts,generated-dependency-build-cache,False,11507,d4ec151557b64ff001e06b5878e66eb98640961647b1581fe2a0a1af05f408fb,move
external,cleanup-2026-09-29/regenerated-artifacts/node_modules/vite/dist/node/module-runner.js,engineering/verification/history/cleanup-2026-09-29/regenerated-artifacts/node_modules/vite/dist/node/module-runner.js,generated-dependency-build-cache,False,54444,0a17cfaa431cba4babe15b183edff981ac2ff43a964a5e5db6dc00cb99ae7162,move
external,cleanup-2026-09-29/regenerated-artifacts/node_modules/vite/dist/node/chunks/build.js,engineering/verification/history/cleanup-2026-09-29/regenerated-artifacts/node_modules/vite/dist/node/chunks/build.js,generated-dependency-build-cache,False,205664,1f309cf375978f7f41ebf8297da52c2174aea4d725809682681897dd9fe43482,move
external,cleanup-2026-09-29/regenerated-artifacts/node_modules/vite/dist/node/chunks/dist.js,engineering/verification/history/cleanup-2026-09-29/regenerated-artifacts/node_modules/vite/dist/node/chunks/dist.js,generated-dependency-build-cache,False,246598,d8ad83e8dad5bb8e8f7cbe46a9f7110d3839a7405b7f72d95b646f9f154a20dc,move
external,cleanup-2026-09-29/regenerated-artifacts/node_modules/vite/dist/node/chunks/lib.js,engineering/verification/history/cleanup-2026-09-29/regenerated-artifacts/node_modules/vite/dist/node/chunks/lib.js,generated-dependency-build-cache,False,11710,c854873f947dcb83074adadc962a6f1bf975c86e66d46cc563016be4ef8cac2c,move
external,cleanup-2026-09-29/regenerated-artifacts/node_modules/vite/dist/node/chunks/moduleRunnerTransport.d.ts,engineering/verification/history/cleanup-2026-09-29/regenerated-artifacts/node_modules/vite/dist/node/chunks/moduleRunnerTransport.d.ts,generated-dependency-build-cache,False,3088,c911b3bd083dade8fdb7775261aa25feae695d562a3b11209650b47be90043fc,move
external,cleanup-2026-09-29/regenerated-artifacts/node_modules/vite/dist/node/chunks/node.js,engineering/verification/history/cleanup-2026-09-29/regenerated-artifacts/node_modules/vite/dist/node/chunks/node.js,generated-dependency-build-cache,False,1352087,2b4bf92e357f655bbcc69e08c4a6dd187ef1068412afd65bae9180f687b36912,move
external,cleanup-2026-09-29/regenerated-artifacts/node_modules/vite/dist/node/chunks/postcss-import.js,engineering/verification/history/cleanup-2026-09-29/regenerated-artifacts/node_modules/vite/dist/node/chunks/postcss-import.js,generated-dependency-build-cache,False,18432,10b6000cf08872a7eef5aaefe7b25aeed9cddc9717c354201c4b2aaab6e36ed8,move
external,cleanup-2026-09-29/regenerated-artifacts/node_modules/vite/misc/false.js,engineering/verification/history/cleanup-2026-09-29/regenerated-artifacts/node_modules/vite/misc/false.js,generated-dependency-build-cache,False,21,3f405f8c82812b5fd5a6ca325a1b9039479bf9de3ee1ef51d76ea80fba7d486c,move
external,cleanup-2026-09-29/regenerated-artifacts/node_modules/vite/misc/true.js,engineering/verification/history/cleanup-2026-09-29/regenerated-artifacts/node_modules/vite/misc/true.js,generated-dependency-build-cache,False,20,1ca1ff5b531880de960715f4622cb4bfe61620ad0ab56764a00f3afe2bf2981a,move
external,cleanup-2026-09-29/regenerated-artifacts/node_modules/vite/types/customEvent.d.ts,engineering/verification/history/cleanup-2026-09-29/regenerated-artifacts/node_modules/vite/types/customEvent.d.ts,generated-dependency-build-cache,False,2028,98580d6ed68c9cee7f956685abbb6502d70bd92f48175ac807ae6c5e254fadc6,move
external,cleanup-2026-09-29/regenerated-artifacts/node_modules/vite/types/hmrPayload.d.ts,engineering/verification/history/cleanup-2026-09-29/regenerated-artifacts/node_modules/vite/types/hmrPayload.d.ts,generated-dependency-build-cache,False,1790,64ccfe7dcbcad9b8a661a042ecb2309e41b9ab957f7b8cd070b05583a7821a13,move
external,cleanup-2026-09-29/regenerated-artifacts/node_modules/vite/types/hot.d.ts,engineering/verification/history/cleanup-2026-09-29/regenerated-artifacts/node_modules/vite/types/hot.d.ts,generated-dependency-build-cache,False,1063,4e003c868b0d8f8ad200b96cbc653e18e513fa23e1c19c4fe3cc25d4394efc47,move
external,cleanup-2026-09-29/regenerated-artifacts/node_modules/vite/types/import-meta.d.ts,engineering/verification/history/cleanup-2026-09-29/regenerated-artifacts/node_modules/vite/types/import-meta.d.ts,generated-dependency-build-cache,False,249,28a9d5c4741fdd62a94faea49ef7585d825e8379e5d23a2d773f723ce56d6b50,move
external,cleanup-2026-09-29/regenerated-artifacts/node_modules/vite/types/importGlob.d.ts,engineering/verification/history/cleanup-2026-09-29/regenerated-artifacts/node_modules/vite/types/importGlob.d.ts,generated-dependency-build-cache,False,3477,e50d04d261120f8f9d07e85698735d5b88f3a66bc395c08ce26c3d817d141a73,move
external,cleanup-2026-09-29/regenerated-artifacts/node_modules/vite/types/importMeta.d.ts,engineering/verification/history/cleanup-2026-09-29/regenerated-artifacts/node_modules/vite/types/importMeta.d.ts,generated-dependency-build-cache,False,884,72429cda84a47f092a3bf777bbc4ece9dda492fe0f02324aa7f197f3800089c6,move
external,cleanup-2026-09-29/regenerated-artifacts/node_modules/vite/types/metadata.d.ts,engineering/verification/history/cleanup-2026-09-29/regenerated-artifacts/node_modules/vite/types/metadata.d.ts,generated-dependency-build-cache,False,1133,e67cbea16f1994af89efd700542dbf3828a46a52b29e4d67e801bd7869dc103c,move
external,cleanup-2026-09-29/regenerated-artifacts/node_modules/vite/types/internal/cssPreprocessorOptions.d.ts,engineering/verification/history/cleanup-2026-09-29/regenerated-artifacts/node_modules/vite/types/internal/cssPreprocessorOptions.d.ts,generated-dependency-build-cache,False,1420,960bd764c62ac43edc24eaa2af958a4b4f1fa5d27df5237e176d0143b36a39c6,move
external,cleanup-2026-09-29/regenerated-artifacts/node_modules/vite/types/internal/esbuildOptions.d.ts,engineering/verification/history/cleanup-2026-09-29/regenerated-artifacts/node_modules/vite/types/internal/esbuildOptions.d.ts,generated-dependency-build-cache,False,672,e0864480ea083087d705f9405bd6bf59b795e8474c3447f0d6413b2bce535a09,move
external,cleanup-2026-09-29/regenerated-artifacts/node_modules/vite/types/internal/lightningcssOptions.d.ts,engineering/verification/history/cleanup-2026-09-29/regenerated-artifacts/node_modules/vite/types/internal/lightningcssOptions.d.ts,generated-dependency-build-cache,False,520,4ec16d7a4e366c06a4573d299e15fe6207fc080f41beac5da06f4af33ea9761e,move
external,cleanup-2026-09-29/regenerated-artifacts/node_modules/vite/types/internal/rollupTypeCompat.d.ts,engineering/verification/history/cleanup-2026-09-29/regenerated-artifacts/node_modules/vite/types/internal/rollupTypeCompat.d.ts,generated-dependency-build-cache,False,791,7d3e062a778b8f5ea4f0cac7e925e31f88e6739812ebc5f827474324a4048f14,move
external,cleanup-2026-09-29/regenerated-artifacts/node_modules/vite/types/internal/terserOptions.d.ts,engineering/verification/history/cleanup-2026-09-29/regenerated-artifacts/node_modules/vite/types/internal/terserOptions.d.ts,generated-dependency-build-cache,False,384,f582b0fcbf1eea9b318ab92fb89ea9ab2ebb84f9b60af89328a91155e1afce72,move
external,cleanup-2026-09-29/regenerated-artifacts/python-cache/a_zone_detector.cpython-314.pyc,engineering/verification/history/cleanup-2026-09-29/regenerated-artifacts/python-cache/a_zone_detector.cpython-314.pyc,migration-verification-evidence,False,34222,92ac398cf7a6d744db4982b613fadeaf854c57a4340253195f70a9f9a177480c,move
external,cleanup-2026-09-29/regenerated-artifacts/python-cache/blue_line_detector.cpython-314.pyc,engineering/verification/history/cleanup-2026-09-29/regenerated-artifacts/python-cache/blue_line_detector.cpython-314.pyc,migration-verification-evidence,False,19261,9e7514df4280be4982224bbe2564836f1aa585c5e13b611798e95739c5cedd82,move
external,cleanup-2026-09-29/regenerated-artifacts/python-cache/core_utils.cpython-314.pyc,engineering/verification/history/cleanup-2026-09-29/regenerated-artifacts/python-cache/core_utils.cpython-314.pyc,migration-verification-evidence,False,1960,63872aa3b4333e5fe357c55dc860d62cf094880236e2c21f2fb7e1c5d3a64129,move
external,cleanup-2026-09-29/regenerated-artifacts/python-cache/direction_policy.cpython-314.pyc,engineering/verification/history/cleanup-2026-09-29/regenerated-artifacts/python-cache/direction_policy.cpython-314.pyc,migration-verification-evidence,False,4243,828abf515fc4cf714d1c8ec252f9ade90996c646c482d2cc28cfae2f3d04cbfb,move
external,cleanup-2026-09-29/regenerated-artifacts/python-cache/e_zone_detector.cpython-314.pyc,engineering/verification/history/cleanup-2026-09-29/regenerated-artifacts/python-cache/e_zone_detector.cpython-314.pyc,migration-verification-evidence,False,55225,f1ef00e98687013d7e7b77949192e5ac02d333152ce67ea5726141c00288f9f5,move
external,cleanup-2026-09-29/regenerated-artifacts/python-cache/lifecycle_engine.cpython-314.pyc,engineering/verification/history/cleanup-2026-09-29/regenerated-artifacts/python-cache/lifecycle_engine.cpython-314.pyc,migration-verification-evidence,False,66244,bcdb817f2d1e164727ae377595679f59bc0ff93e1824e649c139d85dd909379a,move
external,cleanup-2026-09-29/regenerated-artifacts/python-cache/order_audit_engine.cpython-314.pyc,engineering/verification/history/cleanup-2026-09-29/regenerated-artifacts/python-cache/order_audit_engine.cpython-314.pyc,migration-verification-evidence,False,88605,f94cd8b2b3d7f63b56fa8b7b803a9b3cd673dabf35ba8a8749b8d720a537da78,move
external,cleanup-2026-09-29/regenerated-artifacts/python-cache/reaction_engine.cpython-314.pyc,engineering/verification/history/cleanup-2026-09-29/regenerated-artifacts/python-cache/reaction_engine.cpython-314.pyc,migration-verification-evidence,False,110370,d2b653535a6b0db2e5f3ba2edc02b4ef72395c797376c459a40653bfc25cf19e,move
external,cleanup-2026-09-29/regenerated-artifacts/python-cache/s_zone_detector.cpython-314.pyc,engineering/verification/history/cleanup-2026-09-29/regenerated-artifacts/python-cache/s_zone_detector.cpython-314.pyc,migration-verification-evidence,False,64093,f0e0049dd103863650766a9cbb703af2d8b63f032ccd444f90f2c48aaad1bebf,move
external,data/raw/.gitkeep,apps/chart/state/data/raw/.gitkeep,immutable-market-data,False,71,69f6162e2b5bc1ec2d32621a7d3e5f13c84c49d2dc9993a7ccc670d9e9dcaa53,move
external,data/raw/FOREXCOM/XAUUSD/RAW FARAZ_FOREXCOM_XAUUSD 1S FROM 1788449740 TO 1789388126.json,apps/chart/state/data/raw/FOREXCOM/XAUUSD/RAW FARAZ_FOREXCOM_XAUUSD 1S FROM 1788449740 TO 1789388126.json,immutable-market-data,False,50789635,f531a06d89e518964d4579f6b126ffdcd2b4f31fe2b6e4828ef71fd122809da3,move
external,data/raw/FOREXCOM/XAUUSD/RAW FOREXCOM_XAUUSD 1S FROM 2026-09-03 19-05-40 TO 2026-09-08 03-18-28.json,apps/chart/state/data/raw/FOREXCOM/XAUUSD/RAW FOREXCOM_XAUUSD 1S FROM 2026-09-03 19-05-40 TO 2026-09-08 03-18-28.json,immutable-market-data,False,13189547,0291455b94b2a536b75b6129f3a90b71cd2eadb40a6a685f8a4e01dc2e744776,move
external,data/raw/FOREXCOM/XAUUSD/RAW FOREXCOM_XAUUSD 1S FROM 2026-09-03 19-05-40 TO 2026-09-08 03-18-28.json.meta.json,apps/chart/state/data/raw/FOREXCOM/XAUUSD/RAW FOREXCOM_XAUUSD 1S FROM 2026-09-03 19-05-40 TO 2026-09-08 03-18-28.json.meta.json,immutable-market-data,False,654,65639641ea2871b4c860c741364af1660604a17dc76259702996ae951b40f59e,move
external,data/raw/FOREXCOM/XAUUSD/RAW FOREXCOM_XAUUSD 5S FROM 2026-08-25 03-53-30 TO 2026-09-23 18-01-15.json,apps/chart/state/data/raw/FOREXCOM/XAUUSD/RAW FOREXCOM_XAUUSD 5S FROM 2026-08-25 03-53-30 TO 2026-09-23 18-01-15.json,immutable-market-data,False,28991710,ea82be1aa715f266dab711b6f65139780402afa0529d6fcedde7cc579fdad7f9,move
external,data/raw/FOREXCOM/XAUUSD/RAW FOREXCOM_XAUUSD 5S FROM 2026-08-25 03-53-30 TO 2026-09-23 18-01-15.json.meta.json,apps/chart/state/data/raw/FOREXCOM/XAUUSD/RAW FOREXCOM_XAUUSD 5S FROM 2026-08-25 03-53-30 TO 2026-09-23 18-01-15.json.meta.json,immutable-market-data,False,351497,ebd212a083020e7c7ce794661dc113c3e9589b4214dc52dfc7d3caf735f6378d,move
external,data/raw/FOREXCOM/XAUUSD/RAW FOREXCOM_XAUUSD 5S FROM 2026-09-03 18-44-00 TO 2026-09-19 00-29-35.json,apps/chart/state/data/raw/FOREXCOM/XAUUSD/RAW FOREXCOM_XAUUSD 5S FROM 2026-09-03 18-44-00 TO 2026-09-19 00-29-35.json,immutable-market-data,False,15018536,18632e270173105be865ea00608290bb70de2c8129e3622c6dcab1e7f1225ee0,move
external,data/raw/FOREXCOM/XAUUSD/RAW FOREXCOM_XAUUSD 5S FROM 2026-09-03 18-44-00 TO 2026-09-19 00-29-35.json.meta.json,apps/chart/state/data/raw/FOREXCOM/XAUUSD/RAW FOREXCOM_XAUUSD 5S FROM 2026-09-03 18-44-00 TO 2026-09-19 00-29-35.json.meta.json,immutable-market-data,False,654,90c0ad3064969346761bc87ec7cd7016e5d62c22117397c1f7d10e671e5d3df9,move
external,data/raw/FOREXCOM/XAUUSD/RAW FOREXCOM_XAUUSD 5S FROM 2026-09-16 22-35-00 TO 2026-09-17 19-15-35.json,apps/chart/state/data/raw/FOREXCOM/XAUUSD/RAW FOREXCOM_XAUUSD 5S FROM 2026-09-16 22-35-00 TO 2026-09-17 19-15-35.json,immutable-market-data,False,1156527,d33c7e2c46440f7a4495bac7d80b38101a635491f0f95b8ea353caa8fdb7d96d,move
external,data/raw/FOREXCOM/XAUUSD/RAW FOREXCOM_XAUUSD 5S FROM 2026-09-16 22-35-00 TO 2026-09-17 19-15-35.json.meta.json,apps/chart/state/data/raw/FOREXCOM/XAUUSD/RAW FOREXCOM_XAUUSD 5S FROM 2026-09-16 22-35-00 TO 2026-09-17 19-15-35.json.meta.json,immutable-market-data,False,651,2c7f737531fd80265766c27b37a654f5d4ade3223a907f96892a922ea4e82185,move
external,data/raw/FOREXCOM/XAUUSD/RAW FOREXCOM_XAUUSD 5S FROM 2026-09-22 11-00-00 TO 2026-09-29 11-55-05.json,apps/chart/state/data/raw/FOREXCOM/XAUUSD/RAW FOREXCOM_XAUUSD 5S FROM 2026-09-22 11-00-00 TO 2026-09-29 11-55-05.json,immutable-market-data,False,6796540,1e29ebef3265283c156ed0177567382030ffd990338e3668e0d512a6d0701f85,move
external,data/raw/FOREXCOM/XAUUSD/RAW FOREXCOM_XAUUSD 5S FROM 2026-09-22 11-00-00 TO 2026-09-29 11-55-05.json.meta.json,apps/chart/state/data/raw/FOREXCOM/XAUUSD/RAW FOREXCOM_XAUUSD 5S FROM 2026-09-22 11-00-00 TO 2026-09-29 11-55-05.json.meta.json,immutable-market-data,False,742,0540c657916856e156f386091c3a7be8566e4ef7a7fbdc8f9d2bc822c5babbfb,move
external,data/raw/FXCM/USOIL/RAW FXCM_USOIL 5S FROM 2026-08-21 04-00-00 TO 2026-09-29 11-46-20.json,apps/chart/state/data/raw/FXCM/USOIL/RAW FXCM_USOIL 5S FROM 2026-08-21 04-00-00 TO 2026-09-29 11-46-20.json,immutable-market-data,False,31354877,cf9fe7e1f54287fe82540de3657945fb4b1ede5e0716bd07853e534585eeb7fa,move
external,data/raw/FXCM/USOIL/RAW FXCM_USOIL 5S FROM 2026-08-21 04-00-00 TO 2026-09-29 11-46-20.json.meta.json,apps/chart/state/data/raw/FXCM/USOIL/RAW FXCM_USOIL 5S FROM 2026-08-21 04-00-00 TO 2026-09-29 11-46-20.json.meta.json,immutable-market-data,False,735,8ffd04e83f111cc2da222eff932f1f2492ccd7f55687f81eec9330032dccdb26,move
external,data/raw/FXCM/USOIL/RAW FXCM_USOIL 5S FROM 2026-09-11 02-53-30 TO 2026-09-15 11-03-45.json,apps/chart/state/data/raw/FXCM/USOIL/RAW FXCM_USOIL 5S FROM 2026-09-11 02-53-30 TO 2026-09-15 11-03-45.json,immutable-market-data,False,2941746,9e2e159ae32976db8a88a9642414bceb46b0fdba0935a32caee7969036f10c2c,move
external,data/raw/FXCM/USOIL/RAW FXCM_USOIL 5S FROM 2026-09-11 02-53-30 TO 2026-09-15 11-03-45.json.meta.json,apps/chart/state/data/raw/FXCM/USOIL/RAW FXCM_USOIL 5S FROM 2026-09-11 02-53-30 TO 2026-09-15 11-03-45.json.meta.json,immutable-market-data,False,641,d149cc7e2ab5f8f703fd31613a137d687847c103f518b5a2d98f2531d1756112,move
external,data/raw/FXCM/USOIL/RAW FXCM_USOIL 5S FROM 2026-09-21 22-50-00 TO 2026-09-24 00-26-20.json,apps/chart/state/data/raw/FXCM/USOIL/RAW FXCM_USOIL 5S FROM 2026-09-21 22-50-00 TO 2026-09-24 00-26-20.json,immutable-market-data,False,2368419,7e12ea5f56754b2cc408753c34d7a7482de1e8eb0d9773bba577208d16903e17,move
external,data/raw/FXCM/USOIL/RAW FXCM_USOIL 5S FROM 2026-09-21 22-50-00 TO 2026-09-24 00-26-20.json.meta.json,apps/chart/state/data/raw/FXCM/USOIL/RAW FXCM_USOIL 5S FROM 2026-09-21 22-50-00 TO 2026-09-24 00-26-20.json.meta.json,immutable-market-data,False,732,5bdb78560c6f1d95a4f826228352bf9d2d7d9d7c5a45d197b29b9eb77e1a5f9c,move
external,data/raw/FXCM/USOIL/RAW FXCM_USOIL 5S FROM 2026-09-21 22-54-30 TO 2026-09-29 10-51-55.json,apps/chart/state/data/raw/FXCM/USOIL/RAW FXCM_USOIL 5S FROM 2026-09-21 22-54-30 TO 2026-09-29 10-51-55.json,immutable-market-data,False,6277323,5f7ed2df840fd25295cb8dd7746122b8b0af4722f500656afb1f266bba3132cd,move
external,data/raw/FXCM/USOIL/RAW FXCM_USOIL 5S FROM 2026-09-21 22-54-30 TO 2026-09-29 10-51-55.json.meta.json,apps/chart/state/data/raw/FXCM/USOIL/RAW FXCM_USOIL 5S FROM 2026-09-21 22-54-30 TO 2026-09-29 10-51-55.json.meta.json,immutable-market-data,False,641,01661c30396cdd1abe9c776eb721bb50fcf4daca594b7ac44ba4be9bdd361414,move
external,secret/faraz-session.dpapi.json,apps/chart/state/secret/faraz-session.dpapi.json,authentication-state,False,4428,,move
