path,classification,size,tracked_before,sha256_before,action,destination,reason,tracked_after,sha256_after
.editorconfig,PROJECT_CONFIGURATION,226,True,f912cb38f9e9ab221abfbb4a8e17844aa7dcec30d56815bb2ae4ddf0a501265b,KEEP,.editorconfig,Maintained project content or local test,True,f912cb38f9e9ab221abfbb4a8e17844aa7dcec30d56815bb2ae4ddf0a501265b
.gitignore,PROJECT_CONFIGURATION,553,True,af939b501126b7705184e84f098186f2fd7e2853a687ab394a5f9fa539c44ee8,KEEP,.gitignore,Maintained project content or local test,True,ce7f5108f00e18d43cfdaa2e95fc8817621edf9eeea157afdd9b58204bf60b2b
AGENTS.md,PROJECT_INSTRUCTION,25094,True,ecfe99dc80699f38b31e20f9fcd4c0a034478f751cef7badde9a42a5f2992b3a,KEEP,AGENTS.md,Maintained project content or local test,True,f22b97aa92ac2ed97b78548f74db42b8b442456ba97380f29e22dba160269e06
.pytest_cache/.gitignore,CACHE,37,False,,DELETE,,Regenerable dependency/build/cache output,False,
.pytest_cache/CACHEDIR.TAG,CACHE,191,False,,DELETE,,Regenerable dependency/build/cache output,False,
.pytest_cache/README.md,CACHE,302,False,,DELETE,,Regenerable dependency/build/cache output,False,
.pytest_cache/v/cache/lastfailed,CACHE,108,False,,DELETE,,Regenerable dependency/build/cache output,False,
.pytest_cache/v/cache/nodeids,CACHE,2596,False,,DELETE,,Regenerable dependency/build/cache output,False,
apps/chart/index.html,APPLICATION_SOURCE,626,True,f7093e7b8cff43d203b0efcd1296b25c3724eb5d1f7610cebc5080fd44e9c6cd,KEEP,apps/chart/index.html,Maintained project content or local test,True,f7093e7b8cff43d203b0efcd1296b25c3724eb5d1f7610cebc5080fd44e9c6cd
apps/chart/package-lock.json,PROJECT_CONFIGURATION,25976,True,ecabdd33e575a878ab83376c43604f38e53774f9cd0390811f186768d4d9c7eb,KEEP,apps/chart/package-lock.json,Maintained project content or local test,True,ecabdd33e575a878ab83376c43604f38e53774f9cd0390811f186768d4d9c7eb
apps/chart/package.json,PROJECT_CONFIGURATION,506,True,f2a6715c2a2dbf9406e38772f510622a9f2db71d103fa9ad6a9f86ed5944991d,KEEP,apps/chart/package.json,Maintained project content or local test,True,410893d20968c88d1ca04de2fe11ecf037b387526b6461f853d6d13321036262
apps/chart/review.html,APPLICATION_SOURCE,491,True,486fb343bc5629491a7250ef01f0e6937174096cb1105a57751d69cb0cbf37d4,KEEP,apps/chart/review.html,Maintained project content or local test,True,486fb343bc5629491a7250ef01f0e6937174096cb1105a57751d69cb0cbf37d4
apps/chart/vite.config.js,PROJECT_CONFIGURATION,36379,True,4e8966a126d3027f8db359e712f2298bbe61a82cdbce61d1c888f10cdf609ddf,KEEP,apps/chart/vite.config.js,Maintained project content or local test,True,0ad8929ffd5425795c29323e286020c76c063016a9c393e671db37e5db0e6fa5
apps/chart/ Folders/My-Projects/TradingBot/apps/chart/.vite/deps/package.json,CACHE,23,False,,DELETE,,Regenerable dependency/build/cache output,False,
apps/chart/ Folders/My-Projects/TradingBot/apps/chart/.vite/deps/_metadata.json,CACHE,146,False,,DELETE,,Regenerable dependency/build/cache output,False,
apps/chart/dist/index.html,GENERATED_BUILD,723,False,,DELETE,,Regenerable dependency/build/cache output,False,
apps/chart/dist/assets/index-Bs4qDQ5z.js,GENERATED_BUILD,765273,False,,DELETE,,Regenerable dependency/build/cache output,False,
apps/chart/dist/assets/index-Cg5ouiIq.css,GENERATED_BUILD,174992,False,,DELETE,,Regenerable dependency/build/cache output,False,
apps/chart/node_modules/.package-lock.json,DEPENDENCY_INSTALLATION,11512,False,,DELETE,,Regenerable dependency/build/cache output,False,
apps/chart/node_modules/.bin/nanoid,DEPENDENCY_INSTALLATION,391,False,,DELETE,,Regenerable dependency/build/cache output,False,
apps/chart/node_modules/.bin/nanoid.cmd,DEPENDENCY_INSTALLATION,326,False,,DELETE,,Regenerable dependency/build/cache output,False,
apps/chart/node_modules/.bin/nanoid.ps1,DEPENDENCY_INSTALLATION,809,False,,DELETE,,Regenerable dependency/build/cache output,False,
apps/chart/node_modules/.bin/playwright-core,DEPENDENCY_INSTALLATION,393,False,,DELETE,,Regenerable dependency/build/cache output,False,
apps/chart/node_modules/.bin/playwright-core.cmd,DEPENDENCY_INSTALLATION,327,False,,DELETE,,Regenerable dependency/build/cache output,False,
apps/chart/node_modules/.bin/playwright-core.ps1,DEPENDENCY_INSTALLATION,813,False,,DELETE,,Regenerable dependency/build/cache output,False,
apps/chart/node_modules/.bin/rolldown,DEPENDENCY_INSTALLATION,389,False,,DELETE,,Regenerable dependency/build/cache output,False,
apps/chart/node_modules/.bin/rolldown.cmd,DEPENDENCY_INSTALLATION,325,False,,DELETE,,Regenerable dependency/build/cache output,False,
apps/chart/node_modules/.bin/rolldown.ps1,DEPENDENCY_INSTALLATION,805,False,,DELETE,,Regenerable dependency/build/cache output,False,
apps/chart/node_modules/.bin/vite,DEPENDENCY_INSTALLATION,381,False,,DELETE,,Regenerable dependency/build/cache output,False,
apps/chart/node_modules/.bin/vite.cmd,DEPENDENCY_INSTALLATION,321,False,,DELETE,,Regenerable dependency/build/cache output,False,
apps/chart/node_modules/.bin/vite.ps1,DEPENDENCY_INSTALLATION,789,False,,DELETE,,Regenerable dependency/build/cache output,False,
apps/chart/node_modules/.vite/deps/lightweight-charts.js,DEPENDENCY_INSTALLATION,597429,False,,DELETE,,Regenerable dependency/build/cache output,False,
apps/chart/node_modules/.vite/deps/lightweight-charts.js.map,DEPENDENCY_INSTALLATION,1105077,False,,DELETE,,Regenerable dependency/build/cache output,False,
apps/chart/node_modules/.vite/deps/package.json,DEPENDENCY_INSTALLATION,23,False,,DELETE,,Regenerable dependency/build/cache output,False,
apps/chart/node_modules/.vite/deps/_metadata.json,DEPENDENCY_INSTALLATION,361,False,,DELETE,,Regenerable dependency/build/cache output,False,
apps/chart/node_modules/@oxc-project/types/LICENSE,DEPENDENCY_INSTALLATION,1119,False,,DELETE,,Regenerable dependency/build/cache output,False,
apps/chart/node_modules/@oxc-project/types/package.json,DEPENDENCY_INSTALLATION,577,False,,DELETE,,Regenerable dependency/build/cache output,False,
apps/chart/node_modules/@oxc-project/types/README.md,DEPENDENCY_INSTALLATION,55,False,,DELETE,,Regenerable dependency/build/cache output,False,
apps/chart/node_modules/@oxc-project/types/types.d.ts,DEPENDENCY_INSTALLATION,42826,False,,DELETE,,Regenerable dependency/build/cache output,False,
apps/chart/node_modules/@rolldown/binding-win32-x64-msvc/package.json,DEPENDENCY_INSTALLATION,782,False,,DELETE,,Regenerable dependency/build/cache output,False,
apps/chart/node_modules/@rolldown/binding-win32-x64-msvc/README.md,DEPENDENCY_INSTALLATION,108,False,,DELETE,,Regenerable dependency/build/cache output,False,
apps/chart/node_modules/@rolldown/binding-win32-x64-msvc/rolldown-binding.win32-x64-msvc.node,DEPENDENCY_INSTALLATION,20955136,False,,DELETE,,Regenerable dependency/build/cache output,False,
apps/chart/node_modules/@rolldown/pluginutils/LICENSE,DEPENDENCY_INSTALLATION,1106,False,,DELETE,,Regenerable dependency/build/cache output,False,
apps/chart/node_modules/@rolldown/pluginutils/package.json,DEPENDENCY_INSTALLATION,975,False,,DELETE,,Regenerable dependency/build/cache output,False,
apps/chart/node_modules/@rolldown/pluginutils/README.md,DEPENDENCY_INSTALLATION,6177,False,,DELETE,,Regenerable dependency/build/cache output,False,
apps/chart/node_modules/@rolldown/pluginutils/dist/filter-B_mD-HGz.mjs,DEPENDENCY_INSTALLATION,9099,False,,DELETE,,Regenerable dependency/build/cache output,False,
apps/chart/node_modules/@rolldown/pluginutils/dist/index.d.mts,DEPENDENCY_INSTALLATION,625,False,,DELETE,,Regenerable dependency/build/cache output,False,
apps/chart/node_modules/@rolldown/pluginutils/dist/index.mjs,DEPENDENCY_INSTALLATION,549,False,,DELETE,,Regenerable dependency/build/cache output,False,
apps/chart/node_modules/@rolldown/pluginutils/dist/filter/index.d.mts,DEPENDENCY_INSTALLATION,6612,False,,DELETE,,Regenerable dependency/build/cache output,False,
apps/chart/node_modules/@rolldown/pluginutils/dist/filter/index.mjs,DEPENDENCY_INSTALLATION,550,False,,DELETE,,Regenerable dependency/build/cache output,False,
apps/chart/node_modules/detect-libc/index.d.ts,DEPENDENCY_INSTALLATION,436,False,,DELETE,,Regenerable dependency/build/cache output,False,
apps/chart/node_modules/detect-libc/LICENSE,DEPENDENCY_INSTALLATION,11357,False,,DELETE,,Regenerable dependency/build/cache output,False,
apps/chart/node_modules/detect-libc/package.json,DEPENDENCY_INSTALLATION,1278,False,,DELETE,,Regenerable dependency/build/cache output,False,
apps/chart/node_modules/detect-libc/README.md,DEPENDENCY_INSTALLATION,3215,False,,DELETE,,Regenerable dependency/build/cache output,False,
apps/chart/node_modules/detect-libc/lib/detect-libc.js,DEPENDENCY_INSTALLATION,7503,False,,DELETE,,Regenerable dependency/build/cache output,False,
apps/chart/node_modules/detect-libc/lib/elf.js,DEPENDENCY_INSTALLATION,982,False,,DELETE,,Regenerable dependency/build/cache output,False,
apps/chart/node_modules/detect-libc/lib/filesystem.js,DEPENDENCY_INSTALLATION,1097,False,,DELETE,,Regenerable dependency/build/cache output,False,
apps/chart/node_modules/detect-libc/lib/process.js,DEPENDENCY_INSTALLATION,569,False,,DELETE,,Regenerable dependency/build/cache output,False,
apps/chart/node_modules/fancy-canvas/canvas-element-bitmap-size.d.mts,DEPENDENCY_INSTALLATION,1577,False,,DELETE,,Regenerable dependency/build/cache output,False,
apps/chart/node_modules/fancy-canvas/canvas-element-bitmap-size.d.ts,DEPENDENCY_INSTALLATION,1575,False,,DELETE,,Regenerable dependency/build/cache output,False,
apps/chart/node_modules/fancy-canvas/canvas-element-bitmap-size.js,DEPENDENCY_INSTALLATION,11349,False,,DELETE,,Regenerable dependency/build/cache output,False,
apps/chart/node_modules/fancy-canvas/canvas-element-bitmap-size.mjs,DEPENDENCY_INSTALLATION,11106,False,,DELETE,,Regenerable dependency/build/cache output,False,
apps/chart/node_modules/fancy-canvas/canvas-rendering-target.d.mts,DEPENDENCY_INSTALLATION,1468,False,,DELETE,,Regenerable dependency/build/cache output,False,
apps/chart/node_modules/fancy-canvas/canvas-rendering-target.d.ts,DEPENDENCY_INSTALLATION,1466,False,,DELETE,,Regenerable dependency/build/cache output,False,
apps/chart/node_modules/fancy-canvas/canvas-rendering-target.js,DEPENDENCY_INSTALLATION,3981,False,,DELETE,,Regenerable dependency/build/cache output,False,
apps/chart/node_modules/fancy-canvas/canvas-rendering-target.mjs,DEPENDENCY_INSTALLATION,3622,False,,DELETE,,Regenerable dependency/build/cache output,False,
apps/chart/node_modules/fancy-canvas/device-pixel-ratio.d.mts,DEPENDENCY_INSTALLATION,180,False,,DELETE,,Regenerable dependency/build/cache output,False,
apps/chart/node_modules/fancy-canvas/device-pixel-ratio.d.ts,DEPENDENCY_INSTALLATION,178,False,,DELETE,,Regenerable dependency/build/cache output,False,
apps/chart/node_modules/fancy-canvas/device-pixel-ratio.js,DEPENDENCY_INSTALLATION,2759,False,,DELETE,,Regenerable dependency/build/cache output,False,
apps/chart/node_modules/fancy-canvas/device-pixel-ratio.mjs,DEPENDENCY_INSTALLATION,2609,False,,DELETE,,Regenerable dependency/build/cache output,False,
apps/chart/node_modules/fancy-canvas/disposable.d.mts,DEPENDENCY_INSTALLATION,61,False,,DELETE,,Regenerable dependency/build/cache output,False,
apps/chart/node_modules/fancy-canvas/disposable.d.ts,DEPENDENCY_INSTALLATION,61,False,,DELETE,,Regenerable dependency/build/cache output,False,
apps/chart/node_modules/fancy-canvas/disposable.js,DEPENDENCY_INSTALLATION,77,False,,DELETE,,Regenerable dependency/build/cache output,False,
apps/chart/node_modules/fancy-canvas/disposable.mjs,DEPENDENCY_INSTALLATION,11,False,,DELETE,,Regenerable dependency/build/cache output,False,
apps/chart/node_modules/fancy-canvas/index.d.mts,DEPENDENCY_INSTALLATION,533,False,,DELETE,,Regenerable dependency/build/cache output,False,
apps/chart/node_modules/fancy-canvas/index.d.ts,DEPENDENCY_INSTALLATION,529,False,,DELETE,,Regenerable dependency/build/cache output,False,
apps/chart/node_modules/fancy-canvas/index.js,DEPENDENCY_INSTALLATION,1378,False,,DELETE,,Regenerable dependency/build/cache output,False,
apps/chart/node_modules/fancy-canvas/index.mjs,DEPENDENCY_INSTALLATION,279,False,,DELETE,,Regenerable dependency/build/cache output,False,
apps/chart/node_modules/fancy-canvas/package.json,DEPENDENCY_INSTALLATION,536,False,,DELETE,,Regenerable dependency/build/cache output,False,
apps/chart/node_modules/fancy-canvas/rx.d.mts,DEPENDENCY_INSTALLATION,309,False,,DELETE,,Regenerable dependency/build/cache output,False,
apps/chart/node_modules/fancy-canvas/rx.d.ts,DEPENDENCY_INSTALLATION,309,False,,DELETE,,Regenerable dependency/build/cache output,False,
apps/chart/node_modules/fancy-canvas/rx.js,DEPENDENCY_INSTALLATION,77,False,,DELETE,,Regenerable dependency/build/cache output,False,
apps/chart/node_modules/fancy-canvas/rx.mjs,DEPENDENCY_INSTALLATION,11,False,,DELETE,,Regenerable dependency/build/cache output,False,
apps/chart/node_modules/fancy-canvas/size.d.mts,DEPENDENCY_INSTALLATION,355,False,,DELETE,,Regenerable dependency/build/cache output,False,
apps/chart/node_modules/fancy-canvas/size.d.ts,DEPENDENCY_INSTALLATION,355,False,,DELETE,,Regenerable dependency/build/cache output,False,
apps/chart/node_modules/fancy-canvas/size.js,DEPENDENCY_INSTALLATION,625,False,,DELETE,,Regenerable dependency/build/cache output,False,
apps/chart/node_modules/fancy-canvas/size.mjs,DEPENDENCY_INSTALLATION,464,False,,DELETE,,Regenerable dependency/build/cache output,False,
apps/chart/node_modules/fdir/LICENSE,DEPENDENCY_INSTALLATION,1053,False,,DELETE,,Regenerable dependency/build/cache output,False,
apps/chart/node_modules/fdir/package.json,DEPENDENCY_INSTALLATION,2694,False,,DELETE,,Regenerable dependency/build/cache output,False,
apps/chart/node_modules/fdir/README.md,DEPENDENCY_INSTALLATION,3851,False,,DELETE,,Regenerable dependency/build/cache output,False,
apps/chart/node_modules/fdir/dist/index.cjs,DEPENDENCY_INSTALLATION,18210,False,,DELETE,,Regenerable dependency/build/cache output,False,
apps/chart/node_modules/fdir/dist/index.d.cts,DEPENDENCY_INSTALLATION,5129,False,,DELETE,,Regenerable dependency/build/cache output,False,
apps/chart/node_modules/fdir/dist/index.d.mts,DEPENDENCY_INSTALLATION,5129,False,,DELETE,,Regenerable dependency/build/cache output,False,
apps/chart/node_modules/fdir/dist/index.mjs,DEPENDENCY_INSTALLATION,17225,False,,DELETE,,Regenerable dependency/build/cache output,False,
apps/chart/node_modules/lightningcss/LICENSE,DEPENDENCY_INSTALLATION,15648,False,,DELETE,,Regenerable dependency/build/cache output,False,
apps/chart/node_modules/lightningcss/package.json,DEPENDENCY_INSTALLATION,3834,False,,DELETE,,Regenerable dependency/build/cache output,False,
apps/chart/node_modules/lightningcss/README.md,DEPENDENCY_INSTALLATION,6058,False,,DELETE,,Regenerable dependency/build/cache output,False,
apps/chart/node_modules/lightningcss/node/ast.d.ts,DEPENDENCY_INSTALLATION,213707,False,,DELETE,,Regenerable dependency/build/cache output,False,
apps/chart/node_modules/lightningcss/node/ast.js.flow,DEPENDENCY_INSTALLATION,218067,False,,DELETE,,Regenerable dependency/build/cache output,False,
apps/chart/node_modules/lightningcss/node/browserslistToTargets.js,DEPENDENCY_INSTALLATION,929,False,,DELETE,,Regenerable dependency/build/cache output,False,
apps/chart/node_modules/lightningcss/node/composeVisitors.js,DEPENDENCY_INSTALLATION,11393,False,,DELETE,,Regenerable dependency/build/cache output,False,
apps/chart/node_modules/lightningcss/node/flags.js,DEPENDENCY_INSTALLATION,666,False,,DELETE,,Regenerable dependency/build/cache output,False,
apps/chart/node_modules/lightningcss/node/index.d.ts,DEPENDENCY_INSTALLATION,18831,False,,DELETE,,Regenerable dependency/build/cache output,False,
apps/chart/node_modules/lightningcss/node/index.js,DEPENDENCY_INSTALLATION,1665,False,,DELETE,,Regenerable dependency/build/cache output,False,
apps/chart/node_modules/lightningcss/node/index.js.flow,DEPENDENCY_INSTALLATION,21054,False,,DELETE,,Regenerable dependency/build/cache output,False,
apps/chart/node_modules/lightningcss/node/index.mjs,DEPENDENCY_INSTALLATION,276,False,,DELETE,,Regenerable dependency/build/cache output,False,
apps/chart/node_modules/lightningcss/node/targets.d.ts,DEPENDENCY_INSTALLATION,867,False,,DELETE,,Regenerable dependency/build/cache output,False,
apps/chart/node_modules/lightningcss/node/targets.js.flow,DEPENDENCY_INSTALLATION,819,False,,DELETE,,Regenerable dependency/build/cache output,False,
apps/chart/node_modules/lightningcss-win32-x64-msvc/LICENSE,DEPENDENCY_INSTALLATION,15648,False,,DELETE,,Regenerable dependency/build/cache output,False,
apps/chart/node_modules/lightningcss-win32-x64-msvc/lightningcss.win32-x64-msvc.node,DEPENDENCY_INSTALLATION,9484800,False,,DELETE,,Regenerable dependency/build/cache output,False,
apps/chart/node_modules/lightningcss-win32-x64-msvc/package.json,DEPENDENCY_INSTALLATION,719,False,,DELETE,,Regenerable dependency/build/cache output,False,
apps/chart/node_modules/lightningcss-win32-x64-msvc/README.md,DEPENDENCY_INSTALLATION,121,False,,DELETE,,Regenerable dependency/build/cache output,False,
apps/chart/node_modules/lightweight-charts/LICENSE,DEPENDENCY_INSTALLATION,11347,False,,DELETE,,Regenerable dependency/build/cache output,False,
apps/chart/node_modules/lightweight-charts/package.json,DEPENDENCY_INSTALLATION,1368,False,,DELETE,,Regenerable dependency/build/cache output,False,
apps/chart/node_modules/lightweight-charts/README.md,DEPENDENCY_INSTALLATION,7412,False,,DELETE,,Regenerable dependency/build/cache output,False,
apps/chart/node_modules/lightweight-charts/dist/lightweight-charts.development.mjs,DEPENDENCY_INSTALLATION,743893,False,,DELETE,,Regenerable dependency/build/cache output,False,
apps/chart/node_modules/lightweight-charts/dist/lightweight-charts.production.mjs,DEPENDENCY_INSTALLATION,189213,False,,DELETE,,Regenerable dependency/build/cache output,False,
apps/chart/node_modules/lightweight-charts/dist/lightweight-charts.standalone.development.js,DEPENDENCY_INSTALLATION,828924,False,,DELETE,,Regenerable dependency/build/cache output,False,
apps/chart/node_modules/lightweight-charts/dist/lightweight-charts.standalone.development.mjs,DEPENDENCY_INSTALLATION,760671,False,,DELETE,,Regenerable dependency/build/cache output,False,
apps/chart/node_modules/lightweight-charts/dist/lightweight-charts.standalone.production.js,DEPENDENCY_INSTALLATION,197922,False,,DELETE,,Regenerable dependency/build/cache output,False,
apps/chart/node_modules/lightweight-charts/dist/lightweight-charts.standalone.production.mjs,DEPENDENCY_INSTALLATION,197827,False,,DELETE,,Regenerable dependency/build/cache output,False,
apps/chart/node_modules/lightweight-charts/dist/typings.d.ts,DEPENDENCY_INSTALLATION,156435,False,,DELETE,,Regenerable dependency/build/cache output,False,
apps/chart/node_modules/nanoid/index.browser.cjs,DEPENDENCY_INSTALLATION,1117,False,,DELETE,,Regenerable dependency/build/cache output,False,
apps/chart/node_modules/nanoid/index.browser.js,DEPENDENCY_INSTALLATION,1103,False,,DELETE,,Regenerable dependency/build/cache output,False,
apps/chart/node_modules/nanoid/index.cjs,DEPENDENCY_INSTALLATION,1454,False,,DELETE,,Regenerable dependency/build/cache output,False,
apps/chart/node_modules/nanoid/index.d.cts,DEPENDENCY_INSTALLATION,2252,False,,DELETE,,Regenerable dependency/build/cache output,False,
apps/chart/node_modules/nanoid/index.d.ts,DEPENDENCY_INSTALLATION,2252,False,,DELETE,,Regenerable dependency/build/cache output,False,
apps/chart/node_modules/nanoid/index.js,DEPENDENCY_INSTALLATION,1498,False,,DELETE,,Regenerable dependency/build/cache output,False,
apps/chart/node_modules/nanoid/LICENSE,DEPENDENCY_INSTALLATION,1095,False,,DELETE,,Regenerable dependency/build/cache output,False,
apps/chart/node_modules/nanoid/nanoid.js,DEPENDENCY_INSTALLATION,169,False,,DELETE,,Regenerable dependency/build/cache output,False,
apps/chart/node_modules/nanoid/package.json,DEPENDENCY_INSTALLATION,2283,False,,DELETE,,Regenerable dependency/build/cache output,False,
apps/chart/node_modules/nanoid/README.md,DEPENDENCY_INSTALLATION,1552,False,,DELETE,,Regenerable dependency/build/cache output,False,
apps/chart/node_modules/nanoid/async/index.browser.cjs,DEPENDENCY_INSTALLATION,1031,False,,DELETE,,Regenerable dependency/build/cache output,False,
apps/chart/node_modules/nanoid/async/index.browser.js,DEPENDENCY_INSTALLATION,1021,False,,DELETE,,Regenerable dependency/build/cache output,False,
apps/chart/node_modules/nanoid/async/index.cjs,DEPENDENCY_INSTALLATION,1087,False,,DELETE,,Regenerable dependency/build/cache output,False,
apps/chart/node_modules/nanoid/async/index.d.ts,DEPENDENCY_INSTALLATION,1505,False,,DELETE,,Regenerable dependency/build/cache output,False,
apps/chart/node_modules/nanoid/async/index.js,DEPENDENCY_INSTALLATION,1070,False,,DELETE,,Regenerable dependency/build/cache output,False,
apps/chart/node_modules/nanoid/async/index.native.js,DEPENDENCY_INSTALLATION,908,False,,DELETE,,Regenerable dependency/build/cache output,False,
apps/chart/node_modules/nanoid/async/package.json,DEPENDENCY_INSTALLATION,233,False,,DELETE,,Regenerable dependency/build/cache output,False,
apps/chart/node_modules/nanoid/bin/nanoid.cjs,DEPENDENCY_INSTALLATION,1129,False,,DELETE,,Regenerable dependency/build/cache output,False,
apps/chart/node_modules/nanoid/non-secure/index.cjs,DEPENDENCY_INSTALLATION,518,False,,DELETE,,Regenerable dependency/build/cache output,False,
apps/chart/node_modules/nanoid/non-secure/index.d.ts,DEPENDENCY_INSTALLATION,983,False,,DELETE,,Regenerable dependency/build/cache output,False,
apps/chart/node_modules/nanoid/non-secure/index.js,DEPENDENCY_INSTALLATION,508,False,,DELETE,,Regenerable dependency/build/cache output,False,
apps/chart/node_modules/nanoid/non-secure/package.json,DEPENDENCY_INSTALLATION,99,False,,DELETE,,Regenerable dependency/build/cache output,False,
apps/chart/node_modules/nanoid/url-alphabet/index.cjs,DEPENDENCY_INSTALLATION,121,False,,DELETE,,Regenerable dependency/build/cache output,False,
apps/chart/node_modules/nanoid/url-alphabet/index.js,DEPENDENCY_INSTALLATION,111,False,,DELETE,,Regenerable dependency/build/cache output,False,
apps/chart/node_modules/nanoid/url-alphabet/package.json,DEPENDENCY_INSTALLATION,99,False,,DELETE,,Regenerable dependency/build/cache output,False,
apps/chart/node_modules/picocolors/LICENSE,DEPENDENCY_INSTALLATION,787,False,,DELETE,,Regenerable dependency/build/cache output,False,
apps/chart/node_modules/picocolors/package.json,DEPENDENCY_INSTALLATION,552,False,,DELETE,,Regenerable dependency/build/cache output,False,
apps/chart/node_modules/picocolors/picocolors.browser.js,DEPENDENCY_INSTALLATION,598,False,,DELETE,,Regenerable dependency/build/cache output,False,
apps/chart/node_modules/picocolors/picocolors.d.ts,DEPENDENCY_INSTALLATION,138,False,,DELETE,,Regenerable dependency/build/cache output,False,
apps/chart/node_modules/picocolors/picocolors.js,DEPENDENCY_INSTALLATION,2663,False,,DELETE,,Regenerable dependency/build/cache output,False,
apps/chart/node_modules/picocolors/README.md,DEPENDENCY_INSTALLATION,622,False,,DELETE,,Regenerable dependency/build/cache output,False,
apps/chart/node_modules/picocolors/types.d.ts,DEPENDENCY_INSTALLATION,1013,False,,DELETE,,Regenerable dependency/build/cache output,False,
apps/chart/node_modules/picomatch/index.js,DEPENDENCY_INSTALLATION,479,False,,DELETE,,Regenerable dependency/build/cache output,False,
apps/chart/node_modules/picomatch/LICENSE,DEPENDENCY_INSTALLATION,1091,False,,DELETE,,Regenerable dependency/build/cache output,False,
apps/chart/node_modules/picomatch/package.json,DEPENDENCY_INSTALLATION,1915,False,,DELETE,,Regenerable dependency/build/cache output,False,
apps/chart/node_modules/picomatch/posix.js,DEPENDENCY_INSTALLATION,60,False,,DELETE,,Regenerable dependency/build/cache output,False,
apps/chart/node_modules/picomatch/README.md,DEPENDENCY_INSTALLATION,28319,False,,DELETE,,Regenerable dependency/build/cache output,False,
apps/chart/node_modules/picomatch/lib/constants.js,DEPENDENCY_INSTALLATION,4552,False,,DELETE,,Regenerable dependency/build/cache output,False,
apps/chart/node_modules/picomatch/lib/parse.js,DEPENDENCY_INSTALLATION,34668,False,,DELETE,,Regenerable dependency/build/cache output,False,
apps/chart/node_modules/picomatch/lib/picomatch.js,DEPENDENCY_INSTALLATION,10722,False,,DELETE,,Regenerable dependency/build/cache output,False,
apps/chart/node_modules/picomatch/lib/scan.js,DEPENDENCY_INSTALLATION,9189,False,,DELETE,,Regenerable dependency/build/cache output,False,
apps/chart/node_modules/picomatch/lib/utils.js,DEPENDENCY_INSTALLATION,1994,False,,DELETE,,Regenerable dependency/build/cache output,False,
apps/chart/node_modules/playwright-core/browsers.json,DEPENDENCY_INSTALLATION,1137,False,,DELETE,,Regenerable dependency/build/cache output,False,
apps/chart/node_modules/playwright-core/cli.js,DEPENDENCY_INSTALLATION,839,False,,DELETE,,Regenerable dependency/build/cache output,False,
apps/chart/node_modules/playwright-core/index.d.ts,DEPENDENCY_INSTALLATION,634,False,,DELETE,,Regenerable dependency/build/cache output,False,
apps/chart/node_modules/playwright-core/index.js,DEPENDENCY_INSTALLATION,697,False,,DELETE,,Regenerable dependency/build/cache output,False,
apps/chart/node_modules/playwright-core/index.mjs,DEPENDENCY_INSTALLATION,1063,False,,DELETE,,Regenerable dependency/build/cache output,False,
apps/chart/node_modules/playwright-core/LICENSE,DEPENDENCY_INSTALLATION,11601,False,,DELETE,,Regenerable dependency/build/cache output,False,
apps/chart/node_modules/playwright-core/NOTICE,DEPENDENCY_INSTALLATION,254,False,,DELETE,,Regenerable dependency/build/cache output,False,
apps/chart/node_modules/playwright-core/package.json,DEPENDENCY_INSTALLATION,876,False,,DELETE,,Regenerable dependency/build/cache output,False,
apps/chart/node_modules/playwright-core/README.md,DEPENDENCY_INSTALLATION,120,False,,DELETE,,Regenerable dependency/build/cache output,False,
apps/chart/node_modules/playwright-core/ThirdPartyNotices.txt,DEPENDENCY_INSTALLATION,676,False,,DELETE,,Regenerable dependency/build/cache output,False,
apps/chart/node_modules/playwright-core/bin/install_media_pack.ps1,DEPENDENCY_INSTALLATION,174,False,,DELETE,,Regenerable dependency/build/cache output,False,
apps/chart/node_modules/playwright-core/bin/install_webkit_wsl.ps1,DEPENDENCY_INSTALLATION,1464,False,,DELETE,,Regenerable dependency/build/cache output,False,
apps/chart/node_modules/playwright-core/bin/reinstall_chrome_beta_linux.sh,DEPENDENCY_INSTALLATION,1217,False,,DELETE,,Regenerable dependency/build/cache output,False,
apps/chart/node_modules/playwright-core/bin/reinstall_chrome_beta_mac.sh,DEPENDENCY_INSTALLATION,563,False,,DELETE,,Regenerable dependency/build/cache output,False,
apps/chart/node_modules/playwright-core/bin/reinstall_chrome_beta_win.ps1,DEPENDENCY_INSTALLATION,957,False,,DELETE,,Regenerable dependency/build/cache output,False,
apps/chart/node_modules/playwright-core/bin/reinstall_chrome_stable_linux.sh,DEPENDENCY_INSTALLATION,1212,False,,DELETE,,Regenerable dependency/build/cache output,False,
apps/chart/node_modules/playwright-core/bin/reinstall_chrome_stable_mac.sh,DEPENDENCY_INSTALLATION,519,False,,DELETE,,Regenerable dependency/build/cache output,False,
apps/chart/node_modules/playwright-core/bin/reinstall_chrome_stable_win.ps1,DEPENDENCY_INSTALLATION,923,False,,DELETE,,Regenerable dependency/build/cache output,False,
apps/chart/node_modules/playwright-core/bin/reinstall_msedge_beta_linux.sh,DEPENDENCY_INSTALLATION,1494,False,,DELETE,,Regenerable dependency/build/cache output,False,
apps/chart/node_modules/playwright-core/bin/reinstall_msedge_beta_mac.sh,DEPENDENCY_INSTALLATION,377,False,,DELETE,,Regenerable dependency/build/cache output,False,
apps/chart/node_modules/playwright-core/bin/reinstall_msedge_beta_win.ps1,DEPENDENCY_INSTALLATION,874,False,,DELETE,,Regenerable dependency/build/cache output,False,
apps/chart/node_modules/playwright-core/bin/reinstall_msedge_dev_linux.sh,DEPENDENCY_INSTALLATION,1489,False,,DELETE,,Regenerable dependency/build/cache output,False,
apps/chart/node_modules/playwright-core/bin/reinstall_msedge_dev_mac.sh,DEPENDENCY_INSTALLATION,372,False,,DELETE,,Regenerable dependency/build/cache output,False,
apps/chart/node_modules/playwright-core/bin/reinstall_msedge_dev_win.ps1,DEPENDENCY_INSTALLATION,869,False,,DELETE,,Regenerable dependency/build/cache output,False,
apps/chart/node_modules/playwright-core/bin/reinstall_msedge_stable_linux.sh,DEPENDENCY_INSTALLATION,1507,False,,DELETE,,Regenerable dependency/build/cache output,False,
apps/chart/node_modules/playwright-core/bin/reinstall_msedge_stable_mac.sh,DEPENDENCY_INSTALLATION,371,False,,DELETE,,Regenerable dependency/build/cache output,False,
apps/chart/node_modules/playwright-core/bin/reinstall_msedge_stable_win.ps1,DEPENDENCY_INSTALLATION,856,False,,DELETE,,Regenerable dependency/build/cache output,False,
apps/chart/node_modules/playwright-core/lib/bootstrap.js,DEPENDENCY_INSTALLATION,3481,False,,DELETE,,Regenerable dependency/build/cache output,False,
apps/chart/node_modules/playwright-core/lib/coreBundle.js,DEPENDENCY_INSTALLATION,3477183,False,,DELETE,,Regenerable dependency/build/cache output,False,
apps/chart/node_modules/playwright-core/lib/package.js,DEPENDENCY_INSTALLATION,2112,False,,DELETE,,Regenerable dependency/build/cache output,False,
apps/chart/node_modules/playwright-core/lib/serverRegistry.js,DEPENDENCY_INSTALLATION,57039,False,,DELETE,,Regenerable dependency/build/cache output,False,
apps/chart/node_modules/playwright-core/lib/serverRegistry.js.LICENSE,DEPENDENCY_INSTALLATION,2982,False,,DELETE,,Regenerable dependency/build/cache output,False,
apps/chart/node_modules/playwright-core/lib/utilsBundle.js,DEPENDENCY_INSTALLATION,3048692,False,,DELETE,,Regenerable dependency/build/cache output,False,
apps/chart/node_modules/playwright-core/lib/utilsBundle.js.LICENSE,DEPENDENCY_INSTALLATION,106591,False,,DELETE,,Regenerable dependency/build/cache output,False,
apps/chart/node_modules/playwright-core/lib/webp_codec.LICENSE,DEPENDENCY_INSTALLATION,8841,False,,DELETE,,Regenerable dependency/build/cache output,False,
apps/chart/node_modules/playwright-core/lib/webp_codec.wasm,DEPENDENCY_INSTALLATION,565369,False,,DELETE,,Regenerable dependency/build/cache output,False,
apps/chart/node_modules/playwright-core/lib/xdg-open,DEPENDENCY_INSTALLATION,32416,False,,DELETE,,Regenerable dependency/build/cache output,False,
apps/chart/node_modules/playwright-core/lib/entry/cliDaemon.js,DEPENDENCY_INSTALLATION,197,False,,DELETE,,Regenerable dependency/build/cache output,False,
apps/chart/node_modules/playwright-core/lib/entry/dashboardApp.js,DEPENDENCY_INSTALLATION,108,False,,DELETE,,Regenerable dependency/build/cache output,False,
apps/chart/node_modules/playwright-core/lib/entry/mcp.js,DEPENDENCY_INSTALLATION,442,False,,DELETE,,Regenerable dependency/build/cache output,False,
apps/chart/node_modules/playwright-core/lib/entry/oopBrowserDownload.js,DEPENDENCY_INSTALLATION,120,False,,DELETE,,Regenerable dependency/build/cache output,False,
apps/chart/node_modules/playwright-core/lib/server/chromium/appIcon.png,DEPENDENCY_INSTALLATION,16565,False,,DELETE,,Regenerable dependency/build/cache output,False,
apps/chart/node_modules/playwright-core/lib/server/electron/loader.js,DEPENDENCY_INSTALLATION,4994,False,,DELETE,,Regenerable dependency/build/cache output,False,
apps/chart/node_modules/playwright-core/lib/tools/cli-client/channelSessions.js,DEPENDENCY_INSTALLATION,7087,False,,DELETE,,Regenerable dependency/build/cache output,False,
apps/chart/node_modules/playwright-core/lib/tools/cli-client/cli.js,DEPENDENCY_INSTALLATION,153,False,,DELETE,,Regenerable dependency/build/cache output,False,
apps/chart/node_modules/playwright-core/lib/tools/cli-client/help.json,DEPENDENCY_INSTALLATION,38799,False,,DELETE,,Regenerable dependency/build/cache output,False,
apps/chart/node_modules/playwright-core/lib/tools/cli-client/minimist.js,DEPENDENCY_INSTALLATION,4109,False,,DELETE,,Regenerable dependency/build/cache output,False,
apps/chart/node_modules/playwright-core/lib/tools/cli-client/output.js,DEPENDENCY_INSTALLATION,11972,False,,DELETE,,Regenerable dependency/build/cache output,False,
apps/chart/node_modules/playwright-core/lib/tools/cli-client/program.js,DEPENDENCY_INSTALLATION,16373,False,,DELETE,,Regenerable dependency/build/cache output,False,
apps/chart/node_modules/playwright-core/lib/tools/cli-client/registry.js,DEPENDENCY_INSTALLATION,6768,False,,DELETE,,Regenerable dependency/build/cache output,False,
apps/chart/node_modules/playwright-core/lib/tools/cli-client/session.js,DEPENDENCY_INSTALLATION,9544,False,,DELETE,,Regenerable dependency/build/cache output,False,
apps/chart/node_modules/playwright-core/lib/tools/dashboard/appIcon.png,DEPENDENCY_INSTALLATION,18945,False,,DELETE,,Regenerable dependency/build/cache output,False,
apps/chart/node_modules/playwright-core/lib/tools/skills/playwright-cli/SKILL.md,DEPENDENCY_INSTALLATION,12726,False,,DELETE,,Regenerable dependency/build/cache output,False,
apps/chart/node_modules/playwright-core/lib/tools/skills/playwright-cli/references/element-attributes.md,DEPENDENCY_INSTALLATION,665,False,,DELETE,,Regenerable dependency/build/cache output,False,
apps/chart/node_modules/playwright-core/lib/tools/skills/playwright-cli/references/playwright-tests.md,DEPENDENCY_INSTALLATION,1690,False,,DELETE,,Regenerable dependency/build/cache output,False,
apps/chart/node_modules/playwright-core/lib/tools/skills/playwright-cli/references/request-mocking.md,DEPENDENCY_INSTALLATION,2182,False,,DELETE,,Regenerable dependency/build/cache output,False,
apps/chart/node_modules/playwright-core/lib/tools/skills/playwright-cli/references/running-code.md,DEPENDENCY_INSTALLATION,5642,False,,DELETE,,Regenerable dependency/build/cache output,False,
apps/chart/node_modules/playwright-core/lib/tools/skills/playwright-cli/references/session-management.md,DEPENDENCY_INSTALLATION,5671,False,,DELETE,,Regenerable dependency/build/cache output,False,
apps/chart/node_modules/playwright-core/lib/tools/skills/playwright-cli/references/storage-state.md,DEPENDENCY_INSTALLATION,5198,False,,DELETE,,Regenerable dependency/build/cache output,False,
apps/chart/node_modules/playwright-core/lib/tools/skills/playwright-cli/references/test-generation.md,DEPENDENCY_INSTALLATION,16114,False,,DELETE,,Regenerable dependency/build/cache output,False,
apps/chart/node_modules/playwright-core/lib/tools/skills/playwright-cli/references/tracing.md,DEPENDENCY_INSTALLATION,3456,False,,DELETE,,Regenerable dependency/build/cache output,False,
apps/chart/node_modules/playwright-core/lib/tools/skills/playwright-cli/references/video-recording.md,DEPENDENCY_INSTALLATION,5387,False,,DELETE,,Regenerable dependency/build/cache output,False,
apps/chart/node_modules/playwright-core/lib/tools/skills/playwright-component-testing/SKILL.md,DEPENDENCY_INSTALLATION,10404,False,,DELETE,,Regenerable dependency/build/cache output,False,
apps/chart/node_modules/playwright-core/lib/tools/skills/playwright-component-testing/references/gallery-spec.md,DEPENDENCY_INSTALLATION,6199,False,,DELETE,,Regenerable dependency/build/cache output,False,
apps/chart/node_modules/playwright-core/lib/tools/skills/playwright-component-testing/references/migration.md,DEPENDENCY_INSTALLATION,5031,False,,DELETE,,Regenerable dependency/build/cache output,False,
apps/chart/node_modules/playwright-core/lib/tools/skills/playwright-component-testing/references/react.md,DEPENDENCY_INSTALLATION,3115,False,,DELETE,,Regenerable dependency/build/cache output,False,
apps/chart/node_modules/playwright-core/lib/tools/skills/playwright-component-testing/references/typing.md,DEPENDENCY_INSTALLATION,6883,False,,DELETE,,Regenerable dependency/build/cache output,False,
apps/chart/node_modules/playwright-core/lib/tools/skills/playwright-component-testing/references/vue.md,DEPENDENCY_INSTALLATION,3374,False,,DELETE,,Regenerable dependency/build/cache output,False,
apps/chart/node_modules/playwright-core/lib/tools/skills/playwright-trace/SKILL.md,DEPENDENCY_INSTALLATION,4845,False,,DELETE,,Regenerable dependency/build/cache output,False,
apps/chart/node_modules/playwright-core/lib/tools/utils/extension.js,DEPENDENCY_INSTALLATION,4689,False,,DELETE,,Regenerable dependency/build/cache output,False,
apps/chart/node_modules/playwright-core/lib/tools/utils/socketConnection.js,DEPENDENCY_INSTALLATION,3317,False,,DELETE,,Regenerable dependency/build/cache output,False,
apps/chart/node_modules/playwright-core/lib/vite/dashboard/index.html,DEPENDENCY_INSTALLATION,1078,False,,DELETE,,Regenerable dependency/build/cache output,False,
apps/chart/node_modules/playwright-core/lib/vite/dashboard/playwright-logo.svg,DEPENDENCY_INSTALLATION,5645,False,,DELETE,,Regenerable dependency/build/cache output,False,
apps/chart/node_modules/playwright-core/lib/vite/dashboard/assets/codeMirrorModule--QdMvsKi.css,DEPENDENCY_INSTALLATION,6251,False,,DELETE,,Regenerable dependency/build/cache output,False,
apps/chart/node_modules/playwright-core/lib/vite/dashboard/assets/codeMirrorModule-CQ8RZGBm.js,DEPENDENCY_INSTALLATION,307374,False,,DELETE,,Regenerable dependency/build/cache output,False,
apps/chart/node_modules/playwright-core/lib/vite/dashboard/assets/codicon-DCmgc-ay.ttf,DEPENDENCY_INSTALLATION,80340,False,,DELETE,,Regenerable dependency/build/cache output,False,
apps/chart/node_modules/playwright-core/lib/vite/dashboard/assets/firefox-1bWoP6pv.svg,DEPENDENCY_INSTALLATION,7488,False,,DELETE,,Regenerable dependency/build/cache output,False,
apps/chart/node_modules/playwright-core/lib/vite/dashboard/assets/firefox-beta-k3eOH_eK.svg,DEPENDENCY_INSTALLATION,9280,False,,DELETE,,Regenerable dependency/build/cache output,False,
apps/chart/node_modules/playwright-core/lib/vite/dashboard/assets/firefox-nightly-Cp5nfeDT.svg,DEPENDENCY_INSTALLATION,9143,False,,DELETE,,Regenerable dependency/build/cache output,False,
apps/chart/node_modules/playwright-core/lib/vite/dashboard/assets/index-AwgwcYie.css,DEPENDENCY_INSTALLATION,139111,False,,DELETE,,Regenerable dependency/build/cache output,False,
apps/chart/node_modules/playwright-core/lib/vite/dashboard/assets/index-hRvO4yU2.js,DEPENDENCY_INSTALLATION,336491,False,,DELETE,,Regenerable dependency/build/cache output,False,
apps/chart/node_modules/playwright-core/lib/vite/dashboard/assets/safari-na3_-uQk.svg,DEPENDENCY_INSTALLATION,5254,False,,DELETE,,Regenerable dependency/build/cache output,False,
apps/chart/node_modules/playwright-core/lib/vite/htmlReport/index.html,DEPENDENCY_INSTALLATION,464,False,,DELETE,,Regenerable dependency/build/cache output,False,
apps/chart/node_modules/playwright-core/lib/vite/htmlReport/report.css,DEPENDENCY_INSTALLATION,100452,False,,DELETE,,Regenerable dependency/build/cache output,False,
apps/chart/node_modules/playwright-core/lib/vite/htmlReport/report.js,DEPENDENCY_INSTALLATION,415864,False,,DELETE,,Regenerable dependency/build/cache output,False,
apps/chart/node_modules/playwright-core/lib/vite/recorder/index.html,DEPENDENCY_INSTALLATION,1078,False,,DELETE,,Regenerable dependency/build/cache output,False,
apps/chart/node_modules/playwright-core/lib/vite/recorder/playwright-logo.svg,DEPENDENCY_INSTALLATION,5033,False,,DELETE,,Regenerable dependency/build/cache output,False,
apps/chart/node_modules/playwright-core/lib/vite/recorder/assets/codeMirrorModule--QdMvsKi.css,DEPENDENCY_INSTALLATION,6251,False,,DELETE,,Regenerable dependency/build/cache output,False,
apps/chart/node_modules/playwright-core/lib/vite/recorder/assets/codeMirrorModule-CVQWJZAA.js,DEPENDENCY_INSTALLATION,307374,False,,DELETE,,Regenerable dependency/build/cache output,False,
apps/chart/node_modules/playwright-core/lib/vite/recorder/assets/codicon-DCmgc-ay.ttf,DEPENDENCY_INSTALLATION,80340,False,,DELETE,,Regenerable dependency/build/cache output,False,
apps/chart/node_modules/playwright-core/lib/vite/recorder/assets/index-BZpYJZ-P.css,DEPENDENCY_INSTALLATION,85502,False,,DELETE,,Regenerable dependency/build/cache output,False,
apps/chart/node_modules/playwright-core/lib/vite/recorder/assets/index-hrlLqLtq.js,DEPENDENCY_INSTALLATION,358603,False,,DELETE,,Regenerable dependency/build/cache output,False,
apps/chart/node_modules/playwright-core/lib/vite/traceViewer/codeMirrorModule.-QdMvsKi.css,DEPENDENCY_INSTALLATION,6251,False,,DELETE,,Regenerable dependency/build/cache output,False,
apps/chart/node_modules/playwright-core/lib/vite/traceViewer/codicon.DCmgc-ay.ttf,DEPENDENCY_INSTALLATION,80340,False,,DELETE,,Regenerable dependency/build/cache output,False,
apps/chart/node_modules/playwright-core/lib/vite/traceViewer/defaultSettingsView.Bqk9acqE.css,DEPENDENCY_INSTALLATION,107049,False,,DELETE,,Regenerable dependency/build/cache output,False,
apps/chart/node_modules/playwright-core/lib/vite/traceViewer/index.B4cLoZK3.js,DEPENDENCY_INSTALLATION,6628,False,,DELETE,,Regenerable dependency/build/cache output,False,
apps/chart/node_modules/playwright-core/lib/vite/traceViewer/index.B_TqY17P.css,DEPENDENCY_INSTALLATION,2055,False,,DELETE,,Regenerable dependency/build/cache output,False,
apps/chart/node_modules/playwright-core/lib/vite/traceViewer/index.html,DEPENDENCY_INSTALLATION,2363,False,,DELETE,,Regenerable dependency/build/cache output,False,
apps/chart/node_modules/playwright-core/lib/vite/traceViewer/manifest.webmanifest,DEPENDENCY_INSTALLATION,429,False,,DELETE,,Regenerable dependency/build/cache output,False,
apps/chart/node_modules/playwright-core/lib/vite/traceViewer/playwright-logo.svg,DEPENDENCY_INSTALLATION,5033,False,,DELETE,,Regenerable dependency/build/cache output,False,
apps/chart/node_modules/playwright-core/lib/vite/traceViewer/snapshot.B_Jk1wbt.js,DEPENDENCY_INSTALLATION,650,False,,DELETE,,Regenerable dependency/build/cache output,False,
apps/chart/node_modules/playwright-core/lib/vite/traceViewer/snapshot.html,DEPENDENCY_INSTALLATION,389,False,,DELETE,,Regenerable dependency/build/cache output,False,
apps/chart/node_modules/playwright-core/lib/vite/traceViewer/sw.bundle.js,DEPENDENCY_INSTALLATION,95459,False,,DELETE,,Regenerable dependency/build/cache output,False,
apps/chart/node_modules/playwright-core/lib/vite/traceViewer/uiMode.CU5KtEkS.js,DEPENDENCY_INSTALLATION,38057,False,,DELETE,,Regenerable dependency/build/cache output,False,
apps/chart/node_modules/playwright-core/lib/vite/traceViewer/uiMode.CyMfwkXJ.css,DEPENDENCY_INSTALLATION,54590,False,,DELETE,,Regenerable dependency/build/cache output,False,
apps/chart/node_modules/playwright-core/lib/vite/traceViewer/uiMode.html,DEPENDENCY_INSTALLATION,727,False,,DELETE,,Regenerable dependency/build/cache output,False,
apps/chart/node_modules/playwright-core/lib/vite/traceViewer/xtermModule.kHJ-D0s7.css,DEPENDENCY_INSTALLATION,2853,False,,DELETE,,Regenerable dependency/build/cache output,False,
apps/chart/node_modules/playwright-core/lib/vite/traceViewer/assets/codeMirrorModule-BbkfBe3n.js,DEPENDENCY_INSTALLATION,307393,False,,DELETE,,Regenerable dependency/build/cache output,False,
apps/chart/node_modules/playwright-core/lib/vite/traceViewer/assets/defaultSettingsView-Ds6CBOo0.js,DEPENDENCY_INSTALLATION,654294,False,,DELETE,,Regenerable dependency/build/cache output,False,
apps/chart/node_modules/playwright-core/lib/vite/traceViewer/assets/urlMatch-L3liM589.js,DEPENDENCY_INSTALLATION,2510,False,,DELETE,,Regenerable dependency/build/cache output,False,
apps/chart/node_modules/playwright-core/lib/vite/traceViewer/assets/xtermModule-DywYcAf8.js,DEPENDENCY_INSTALLATION,288730,False,,DELETE,,Regenerable dependency/build/cache output,False,
apps/chart/node_modules/playwright-core/types/protocol.d.ts,DEPENDENCY_INSTALLATION,814210,False,,DELETE,,Regenerable dependency/build/cache output,False,
apps/chart/node_modules/playwright-core/types/structs.d.ts,DEPENDENCY_INSTALLATION,2455,False,,DELETE,,Regenerable dependency/build/cache output,False,
apps/chart/node_modules/playwright-core/types/types.d.ts,DEPENDENCY_INSTALLATION,1131883,False,,DELETE,,Regenerable dependency/build/cache output,False,
apps/chart/node_modules/postcss/LICENSE,DEPENDENCY_INSTALLATION,1095,False,,DELETE,,Regenerable dependency/build/cache output,False,
apps/chart/node_modules/postcss/package.json,DEPENDENCY_INSTALLATION,2497,False,,DELETE,,Regenerable dependency/build/cache output,False,
apps/chart/node_modules/postcss/README.md,DEPENDENCY_INSTALLATION,1159,False,,DELETE,,Regenerable dependency/build/cache output,False,
apps/chart/node_modules/postcss/lib/at-rule.d.ts,DEPENDENCY_INSTALLATION,3356,False,,DELETE,,Regenerable dependency/build/cache output,False,
apps/chart/node_modules/postcss/lib/at-rule.js,DEPENDENCY_INSTALLATION,471,False,,DELETE,,Regenerable dependency/build/cache output,False,
apps/chart/node_modules/postcss/lib/comment.d.ts,DEPENDENCY_INSTALLATION,1680,False,,DELETE,,Regenerable dependency/build/cache output,False,
apps/chart/node_modules/postcss/lib/comment.js,DEPENDENCY_INSTALLATION,203,False,,DELETE,,Regenerable dependency/build/cache output,False,
apps/chart/node_modules/postcss/lib/container.d.ts,DEPENDENCY_INSTALLATION,14025,False,,DELETE,,Regenerable dependency/build/cache output,False,
apps/chart/node_modules/postcss/lib/container.js,DEPENDENCY_INSTALLATION,12350,False,,DELETE,,Regenerable dependency/build/cache output,False,
apps/chart/node_modules/postcss/lib/css-syntax-error.d.ts,DEPENDENCY_INSTALLATION,6447,False,,DELETE,,Regenerable dependency/build/cache output,False,
apps/chart/node_modules/postcss/lib/css-syntax-error.js,DEPENDENCY_INSTALLATION,3402,False,,DELETE,,Regenerable dependency/build/cache output,False,
apps/chart/node_modules/postcss/lib/declaration.d.ts,DEPENDENCY_INSTALLATION,3833,False,,DELETE,,Regenerable dependency/build/cache output,False,
apps/chart/node_modules/postcss/lib/declaration.js,DEPENDENCY_INSTALLATION,495,False,,DELETE,,Regenerable dependency/build/cache output,False,
apps/chart/node_modules/postcss/lib/document.d.ts,DEPENDENCY_INSTALLATION,1884,False,,DELETE,,Regenerable dependency/build/cache output,False,
apps/chart/node_modules/postcss/lib/document.js,DEPENDENCY_INSTALLATION,654,False,,DELETE,,Regenerable dependency/build/cache output,False,
apps/chart/node_modules/postcss/lib/fromJSON.d.ts,DEPENDENCY_INSTALLATION,160,False,,DELETE,,Regenerable dependency/build/cache output,False,
apps/chart/node_modules/postcss/lib/fromJSON.js,DEPENDENCY_INSTALLATION,2810,False,,DELETE,,Regenerable dependency/build/cache output,False,
apps/chart/node_modules/postcss/lib/input.d.ts,DEPENDENCY_INSTALLATION,5126,False,,DELETE,,Regenerable dependency/build/cache output,False,
apps/chart/node_modules/postcss/lib/input.js,DEPENDENCY_INSTALLATION,7274,False,,DELETE,,Regenerable dependency/build/cache output,False,
apps/chart/node_modules/postcss/lib/lazy-result.d.ts,DEPENDENCY_INSTALLATION,4939,False,,DELETE,,Regenerable dependency/build/cache output,False,
apps/chart/node_modules/postcss/lib/lazy-result.js,DEPENDENCY_INSTALLATION,16273,False,,DELETE,,Regenerable dependency/build/cache output,False,
apps/chart/node_modules/postcss/lib/list.d.ts,DEPENDENCY_INSTALLATION,1424,False,,DELETE,,Regenerable dependency/build/cache output,False,
apps/chart/node_modules/postcss/lib/list.js,DEPENDENCY_INSTALLATION,1273,False,,DELETE,,Regenerable dependency/build/cache output,False,
apps/chart/node_modules/postcss/lib/map-generator.js,DEPENDENCY_INSTALLATION,10031,False,,DELETE,,Regenerable dependency/build/cache output,False,
apps/chart/node_modules/postcss/lib/no-work-result.d.ts,DEPENDENCY_INSTALLATION,1503,False,,DELETE,,Regenerable dependency/build/cache output,False,
apps/chart/node_modules/postcss/lib/no-work-result.js,DEPENDENCY_INSTALLATION,2619,False,,DELETE,,Regenerable dependency/build/cache output,False,
apps/chart/node_modules/postcss/lib/node.d.ts,DEPENDENCY_INSTALLATION,14688,False,,DELETE,,Regenerable dependency/build/cache output,False,
apps/chart/node_modules/postcss/lib/node.js,DEPENDENCY_INSTALLATION,12643,False,,DELETE,,Regenerable dependency/build/cache output,False,
apps/chart/node_modules/postcss/lib/parse.d.ts,DEPENDENCY_INSTALLATION,133,False,,DELETE,,Regenerable dependency/build/cache output,False,
apps/chart/node_modules/postcss/lib/parse.js,DEPENDENCY_INSTALLATION,1147,False,,DELETE,,Regenerable dependency/build/cache output,False,
apps/chart/node_modules/postcss/lib/parser.js,DEPENDENCY_INSTALLATION,15168,False,,DELETE,,Regenerable dependency/build/cache output,False,
apps/chart/node_modules/postcss/lib/postcss.d.mts,DEPENDENCY_INSTALLATION,1046,False,,DELETE,,Regenerable dependency/build/cache output,False,
apps/chart/node_modules/postcss/lib/postcss.d.ts,DEPENDENCY_INSTALLATION,11654,False,,DELETE,,Regenerable dependency/build/cache output,False,
apps/chart/node_modules/postcss/lib/postcss.js,DEPENDENCY_INSTALLATION,2898,False,,DELETE,,Regenerable dependency/build/cache output,False,
apps/chart/node_modules/postcss/lib/postcss.mjs,DEPENDENCY_INSTALLATION,980,False,,DELETE,,Regenerable dependency/build/cache output,False,
apps/chart/node_modules/postcss/lib/previous-map.d.ts,DEPENDENCY_INSTALLATION,1757,False,,DELETE,,Regenerable dependency/build/cache output,False,
apps/chart/node_modules/postcss/lib/previous-map.js,DEPENDENCY_INSTALLATION,5130,False,,DELETE,,Regenerable dependency/build/cache output,False,
apps/chart/node_modules/postcss/lib/processor.d.ts,DEPENDENCY_INSTALLATION,3345,False,,DELETE,,Regenerable dependency/build/cache output,False,
apps/chart/node_modules/postcss/lib/processor.js,DEPENDENCY_INSTALLATION,1739,False,,DELETE,,Regenerable dependency/build/cache output,False,
apps/chart/node_modules/postcss/lib/result.d.ts,DEPENDENCY_INSTALLATION,4346,False,,DELETE,,Regenerable dependency/build/cache output,False,
apps/chart/node_modules/postcss/lib/result.js,DEPENDENCY_INSTALLATION,738,False,,DELETE,,Regenerable dependency/build/cache output,False,
apps/chart/node_modules/postcss/lib/root.d.ts,DEPENDENCY_INSTALLATION,2253,False,,DELETE,,Regenerable dependency/build/cache output,False,
apps/chart/node_modules/postcss/lib/root.js,DEPENDENCY_INSTALLATION,1606,False,,DELETE,,Regenerable dependency/build/cache output,False,
apps/chart/node_modules/postcss/lib/rule.d.ts,DEPENDENCY_INSTALLATION,2879,False,,DELETE,,Regenerable dependency/build/cache output,False,
apps/chart/node_modules/postcss/lib/rule.js,DEPENDENCY_INSTALLATION,569,False,,DELETE,,Regenerable dependency/build/cache output,False,
apps/chart/node_modules/postcss/lib/stringifier.d.ts,DEPENDENCY_INSTALLATION,1360,False,,DELETE,,Regenerable dependency/build/cache output,False,
apps/chart/node_modules/postcss/lib/stringifier.js,DEPENDENCY_INSTALLATION,11816,False,,DELETE,,Regenerable dependency/build/cache output,False,
apps/chart/node_modules/postcss/lib/stringify.d.ts,DEPENDENCY_INSTALLATION,163,False,,DELETE,,Regenerable dependency/build/cache output,False,
apps/chart/node_modules/postcss/lib/stringify.js,DEPENDENCY_INSTALLATION,213,False,,DELETE,,Regenerable dependency/build/cache output,False,
apps/chart/node_modules/postcss/lib/symbols.js,DEPENDENCY_INSTALLATION,91,False,,DELETE,,Regenerable dependency/build/cache output,False,
apps/chart/node_modules/postcss/lib/terminal-highlight.js,DEPENDENCY_INSTALLATION,1399,False,,DELETE,,Regenerable dependency/build/cache output,False,
apps/chart/node_modules/postcss/lib/tokenize.js,DEPENDENCY_INSTALLATION,6700,False,,DELETE,,Regenerable dependency/build/cache output,False,
apps/chart/node_modules/postcss/lib/warn-once.js,DEPENDENCY_INSTALLATION,256,False,,DELETE,,Regenerable dependency/build/cache output,False,
apps/chart/node_modules/postcss/lib/warning.d.ts,DEPENDENCY_INSTALLATION,2924,False,,DELETE,,Regenerable dependency/build/cache output,False,
apps/chart/node_modules/postcss/lib/warning.js,DEPENDENCY_INSTALLATION,1151,False,,DELETE,,Regenerable dependency/build/cache output,False,
apps/chart/node_modules/rolldown/LICENSE,DEPENDENCY_INSTALLATION,1302,False,,DELETE,,Regenerable dependency/build/cache output,False,
apps/chart/node_modules/rolldown/package.json,DEPENDENCY_INSTALLATION,6043,False,,DELETE,,Regenerable dependency/build/cache output,False,
apps/chart/node_modules/rolldown/README.md,DEPENDENCY_INSTALLATION,665,False,,DELETE,,Regenerable dependency/build/cache output,False,
apps/chart/node_modules/rolldown/THIRD-PARTY-LICENSE,DEPENDENCY_INSTALLATION,2209,False,,DELETE,,Regenerable dependency/build/cache output,False,
apps/chart/node_modules/rolldown/bin/cli.mjs,DEPENDENCY_INSTALLATION,46,False,,DELETE,,Regenerable dependency/build/cache output,False,
apps/chart/node_modules/rolldown/dist/cli.d.mts,DEPENDENCY_INSTALLATION,9,False,,DELETE,,Regenerable dependency/build/cache output,False,
apps/chart/node_modules/rolldown/dist/cli.mjs,DEPENDENCY_INSTALLATION,39744,False,,DELETE,,Regenerable dependency/build/cache output,False,
apps/chart/node_modules/rolldown/dist/config.d.mts,DEPENDENCY_INSTALLATION,1080,False,,DELETE,,Regenerable dependency/build/cache output,False,
apps/chart/node_modules/rolldown/dist/config.mjs,DEPENDENCY_INSTALLATION,267,False,,DELETE,,Regenerable dependency/build/cache output,False,
apps/chart/node_modules/rolldown/dist/experimental-default-runtime.mjs,DEPENDENCY_INSTALLATION,3177,False,,DELETE,,Regenerable dependency/build/cache output,False,
apps/chart/node_modules/rolldown/dist/experimental-index.d.mts,DEPENDENCY_INSTALLATION,13218,False,,DELETE,,Regenerable dependency/build/cache output,False,
apps/chart/node_modules/rolldown/dist/experimental-index.mjs,DEPENDENCY_INSTALLATION,13981,False,,DELETE,,Regenerable dependency/build/cache output,False,
apps/chart/node_modules/rolldown/dist/experimental-runtime-base.mjs,DEPENDENCY_INSTALLATION,3445,False,,DELETE,,Regenerable dependency/build/cache output,False,
apps/chart/node_modules/rolldown/dist/experimental-runtime-types.d.ts,DEPENDENCY_INSTALLATION,5773,False,,DELETE,,Regenerable dependency/build/cache output,False,
apps/chart/node_modules/rolldown/dist/experimental-runtime.d.ts,DEPENDENCY_INSTALLATION,5773,False,,DELETE,,Regenerable dependency/build/cache output,False,
apps/chart/node_modules/rolldown/dist/experimental-runtime.mjs,DEPENDENCY_INSTALLATION,7561,False,,DELETE,,Regenerable dependency/build/cache output,False,
apps/chart/node_modules/rolldown/dist/filter-index.d.mts,DEPENDENCY_INSTALLATION,6817,False,,DELETE,,Regenerable dependency/build/cache output,False,
apps/chart/node_modules/rolldown/dist/filter-index.mjs,DEPENDENCY_INSTALLATION,11189,False,,DELETE,,Regenerable dependency/build/cache output,False,
apps/chart/node_modules/rolldown/dist/get-log-filter.d.mts,DEPENDENCY_INSTALLATION,257,False,,DELETE,,Regenerable dependency/build/cache output,False,
apps/chart/node_modules/rolldown/dist/get-log-filter.mjs,DEPENDENCY_INSTALLATION,2037,False,,DELETE,,Regenerable dependency/build/cache output,False,
apps/chart/node_modules/rolldown/dist/index.d.mts,DEPENDENCY_INSTALLATION,5240,False,,DELETE,,Regenerable dependency/build/cache output,False,
apps/chart/node_modules/rolldown/dist/index.mjs,DEPENDENCY_INSTALLATION,1642,False,,DELETE,,Regenerable dependency/build/cache output,False,
apps/chart/node_modules/rolldown/dist/parallel-plugin-worker.d.mts,DEPENDENCY_INSTALLATION,9,False,,DELETE,,Regenerable dependency/build/cache output,False,
apps/chart/node_modules/rolldown/dist/parallel-plugin-worker.mjs,DEPENDENCY_INSTALLATION,1113,False,,DELETE,,Regenerable dependency/build/cache output,False,
apps/chart/node_modules/rolldown/dist/parallel-plugin.d.mts,DEPENDENCY_INSTALLATION,609,False,,DELETE,,Regenerable dependency/build/cache output,False,
apps/chart/node_modules/rolldown/dist/parallel-plugin.mjs,DEPENDENCY_INSTALLATION,187,False,,DELETE,,Regenerable dependency/build/cache output,False,
apps/chart/node_modules/rolldown/dist/parse-ast-index.d.mts,DEPENDENCY_INSTALLATION,1106,False,,DELETE,,Regenerable dependency/build/cache output,False,
apps/chart/node_modules/rolldown/dist/parse-ast-index.mjs,DEPENDENCY_INSTALLATION,2148,False,,DELETE,,Regenerable dependency/build/cache output,False,
apps/chart/node_modules/rolldown/dist/plugins-index.d.mts,DEPENDENCY_INSTALLATION,1000,False,,DELETE,,Regenerable dependency/build/cache output,False,
apps/chart/node_modules/rolldown/dist/plugins-index.mjs,DEPENDENCY_INSTALLATION,1082,False,,DELETE,,Regenerable dependency/build/cache output,False,
apps/chart/node_modules/rolldown/dist/utils-index.d.mts,DEPENDENCY_INSTALLATION,24324,False,,DELETE,,Regenerable dependency/build/cache output,False,
apps/chart/node_modules/rolldown/dist/utils-index.mjs,DEPENDENCY_INSTALLATION,70392,False,,DELETE,,Regenerable dependency/build/cache output,False,
apps/chart/node_modules/rolldown/dist/shared/binding-CVtkJvyl.d.mts,DEPENDENCY_INSTALLATION,65371,False,,DELETE,,Regenerable dependency/build/cache output,False,
apps/chart/node_modules/rolldown/dist/shared/binding-Zhafd14U.mjs,DEPENDENCY_INSTALLATION,33593,False,,DELETE,,Regenerable dependency/build/cache output,False,
apps/chart/node_modules/rolldown/dist/shared/bindingify-input-options-C-Zsy1EG.mjs,DEPENDENCY_INSTALLATION,85925,False,,DELETE,,Regenerable dependency/build/cache output,False,
apps/chart/node_modules/rolldown/dist/shared/constructors-CGzna3vk.d.mts,DEPENDENCY_INSTALLATION,2921,False,,DELETE,,Regenerable dependency/build/cache output,False,
apps/chart/node_modules/rolldown/dist/shared/constructors-u6EEiG8n.mjs,DEPENDENCY_INSTALLATION,2910,False,,DELETE,,Regenerable dependency/build/cache output,False,
apps/chart/node_modules/rolldown/dist/shared/create-bundler-option-wRiQzEJ3.mjs,DEPENDENCY_INSTALLATION,151886,False,,DELETE,,Regenerable dependency/build/cache output,False,
apps/chart/node_modules/rolldown/dist/shared/define-config-Demdg3_4.mjs,DEPENDENCY_INSTALLATION,130,False,,DELETE,,Regenerable dependency/build/cache output,False,
apps/chart/node_modules/rolldown/dist/shared/define-config-Dsp5YQR4.d.mts,DEPENDENCY_INSTALLATION,151171,False,,DELETE,,Regenerable dependency/build/cache output,False,
apps/chart/node_modules/rolldown/dist/shared/dist-DKbukT1H.mjs,DEPENDENCY_INSTALLATION,7739,False,,DELETE,,Regenerable dependency/build/cache output,False,
apps/chart/node_modules/rolldown/dist/shared/error-CVc7IgvG.mjs,DEPENDENCY_INSTALLATION,2926,False,,DELETE,,Regenerable dependency/build/cache output,False,
apps/chart/node_modules/rolldown/dist/shared/get-log-filter-AjBknEEO.d.mts,DEPENDENCY_INSTALLATION,886,False,,DELETE,,Regenerable dependency/build/cache output,False,
apps/chart/node_modules/rolldown/dist/shared/load-config-63nAW5KO.mjs,DEPENDENCY_INSTALLATION,5241,False,,DELETE,,Regenerable dependency/build/cache output,False,
apps/chart/node_modules/rolldown/dist/shared/logging-xuHO4mAy.d.mts,DEPENDENCY_INSTALLATION,1455,False,,DELETE,,Regenerable dependency/build/cache output,False,
apps/chart/node_modules/rolldown/dist/shared/logs-DmYCAKcW.mjs,DEPENDENCY_INSTALLATION,6019,False,,DELETE,,Regenerable dependency/build/cache output,False,
apps/chart/node_modules/rolldown/dist/shared/misc-DOSKtd97.mjs,DEPENDENCY_INSTALLATION,1108,False,,DELETE,,Regenerable dependency/build/cache output,False,
apps/chart/node_modules/rolldown/dist/shared/normalize-string-or-regex-BxRYnPRv.mjs,DEPENDENCY_INSTALLATION,2131,False,,DELETE,,Regenerable dependency/build/cache output,False,
apps/chart/node_modules/rolldown/dist/shared/parse-DnWvq9XZ.mjs,DEPENDENCY_INSTALLATION,2628,False,,DELETE,,Regenerable dependency/build/cache output,False,
apps/chart/node_modules/rolldown/dist/shared/prompt-CH6TK0bC.mjs,DEPENDENCY_INSTALLATION,49939,False,,DELETE,,Regenerable dependency/build/cache output,False,
apps/chart/node_modules/rolldown/dist/shared/resolve-tsconfig-SPewz4V3.mjs,DEPENDENCY_INSTALLATION,4731,False,,DELETE,,Regenerable dependency/build/cache output,False,
apps/chart/node_modules/rolldown/dist/shared/rolldown-DiYVDns9.mjs,DEPENDENCY_INSTALLATION,5301,False,,DELETE,,Regenerable dependency/build/cache output,False,
apps/chart/node_modules/rolldown/dist/shared/transform-WmU_cI8e.d.mts,DEPENDENCY_INSTALLATION,6048,False,,DELETE,,Regenerable dependency/build/cache output,False,
apps/chart/node_modules/rolldown/dist/shared/watch-BNCfUBmW.mjs,DEPENDENCY_INSTALLATION,12019,False,,DELETE,,Regenerable dependency/build/cache output,False,
apps/chart/node_modules/source-map-js/LICENSE,DEPENDENCY_INSTALLATION,1526,False,,DELETE,,Regenerable dependency/build/cache output,False,
apps/chart/node_modules/source-map-js/package.json,DEPENDENCY_INSTALLATION,2548,False,,DELETE,,Regenerable dependency/build/cache output,False,
apps/chart/node_modules/source-map-js/README.md,DEPENDENCY_INSTALLATION,26040,False,,DELETE,,Regenerable dependency/build/cache output,False,
apps/chart/node_modules/source-map-js/source-map.d.ts,DEPENDENCY_INSTALLATION,3408,False,,DELETE,,Regenerable dependency/build/cache output,False,
apps/chart/node_modules/source-map-js/source-map.js,DEPENDENCY_INSTALLATION,405,False,,DELETE,,Regenerable dependency/build/cache output,False,
apps/chart/node_modules/source-map-js/lib/array-set.js,DEPENDENCY_INSTALLATION,3197,False,,DELETE,,Regenerable dependency/build/cache output,False,
apps/chart/node_modules/source-map-js/lib/base64-vlq.js,DEPENDENCY_INSTALLATION,4714,False,,DELETE,,Regenerable dependency/build/cache output,False,
apps/chart/node_modules/source-map-js/lib/base64.js,DEPENDENCY_INSTALLATION,1540,False,,DELETE,,Regenerable dependency/build/cache output,False,
apps/chart/node_modules/source-map-js/lib/binary-search.js,DEPENDENCY_INSTALLATION,4249,False,,DELETE,,Regenerable dependency/build/cache output,False,
apps/chart/node_modules/source-map-js/lib/mapping-list.js,DEPENDENCY_INSTALLATION,2339,False,,DELETE,,Regenerable dependency/build/cache output,False,
apps/chart/node_modules/source-map-js/lib/quick-sort.js,DEPENDENCY_INSTALLATION,4068,False,,DELETE,,Regenerable dependency/build/cache output,False,
apps/chart/node_modules/source-map-js/lib/source-map-consumer.d.ts,DEPENDENCY_INSTALLATION,40,False,,DELETE,,Regenerable dependency/build/cache output,False,
apps/chart/node_modules/source-map-js/lib/source-map-consumer.js,DEPENDENCY_INSTALLATION,41580,False,,DELETE,,Regenerable dependency/build/cache output,False,
apps/chart/node_modules/source-map-js/lib/source-map-generator.d.ts,DEPENDENCY_INSTALLATION,41,False,,DELETE,,Regenerable dependency/build/cache output,False,
apps/chart/node_modules/source-map-js/lib/source-map-generator.js,DEPENDENCY_INSTALLATION,14933,False,,DELETE,,Regenerable dependency/build/cache output,False,
apps/chart/node_modules/source-map-js/lib/source-node.d.ts,DEPENDENCY_INSTALLATION,33,False,,DELETE,,Regenerable dependency/build/cache output,False,
apps/chart/node_modules/source-map-js/lib/source-node.js,DEPENDENCY_INSTALLATION,13808,False,,DELETE,,Regenerable dependency/build/cache output,False,
apps/chart/node_modules/source-map-js/lib/util.js,DEPENDENCY_INSTALLATION,15403,False,,DELETE,,Regenerable dependency/build/cache output,False,
apps/chart/node_modules/tinyglobby/LICENSE,DEPENDENCY_INSTALLATION,1076,False,,DELETE,,Regenerable dependency/build/cache output,False,
apps/chart/node_modules/tinyglobby/package.json,DEPENDENCY_INSTALLATION,1761,False,,DELETE,,Regenerable dependency/build/cache output,False,
apps/chart/node_modules/tinyglobby/README.md,DEPENDENCY_INSTALLATION,931,False,,DELETE,,Regenerable dependency/build/cache output,False,
apps/chart/node_modules/tinyglobby/dist/index.cjs,DEPENDENCY_INSTALLATION,13706,False,,DELETE,,Regenerable dependency/build/cache output,False,
apps/chart/node_modules/tinyglobby/dist/index.d.cts,DEPENDENCY_INSTALLATION,4688,False,,DELETE,,Regenerable dependency/build/cache output,False,
apps/chart/node_modules/tinyglobby/dist/index.d.mts,DEPENDENCY_INSTALLATION,4688,False,,DELETE,,Regenerable dependency/build/cache output,False,
apps/chart/node_modules/tinyglobby/dist/index.mjs,DEPENDENCY_INSTALLATION,12438,False,,DELETE,,Regenerable dependency/build/cache output,False,
apps/chart/node_modules/vite/client.d.ts,DEPENDENCY_INSTALLATION,5231,False,,DELETE,,Regenerable dependency/build/cache output,False,
apps/chart/node_modules/vite/LICENSE.md,DEPENDENCY_INSTALLATION,112425,False,,DELETE,,Regenerable dependency/build/cache output,False,
apps/chart/node_modules/vite/package.json,DEPENDENCY_INSTALLATION,5083,False,,DELETE,,Regenerable dependency/build/cache output,False,
apps/chart/node_modules/vite/README.md,DEPENDENCY_INSTALLATION,1179,False,,DELETE,,Regenerable dependency/build/cache output,False,
apps/chart/node_modules/vite/bin/openChrome.js,DEPENDENCY_INSTALLATION,1839,False,,DELETE,,Regenerable dependency/build/cache output,False,
apps/chart/node_modules/vite/bin/vite.js,DEPENDENCY_INSTALLATION,2574,False,,DELETE,,Regenerable dependency/build/cache output,False,
apps/chart/node_modules/vite/dist/client/bundledDevClient.mjs,DEPENDENCY_INSTALLATION,55193,False,,DELETE,,Regenerable dependency/build/cache output,False,
apps/chart/node_modules/vite/dist/client/client.mjs,DEPENDENCY_INSTALLATION,38514,False,,DELETE,,Regenerable dependency/build/cache output,False,
apps/chart/node_modules/vite/dist/client/env.mjs,DEPENDENCY_INSTALLATION,612,False,,DELETE,,Regenerable dependency/build/cache output,False,
apps/chart/node_modules/vite/dist/node/cli.js,DEPENDENCY_INSTALLATION,29852,False,,DELETE,,Regenerable dependency/build/cache output,False,
apps/chart/node_modules/vite/dist/node/index.d.ts,DEPENDENCY_INSTALLATION,165420,False,,DELETE,,Regenerable dependency/build/cache output,False,
apps/chart/node_modules/vite/dist/node/index.js,DEPENDENCY_INSTALLATION,2670,False,,DELETE,,Regenerable dependency/build/cache output,False,
apps/chart/node_modules/vite/dist/node/internal.d.ts,DEPENDENCY_INSTALLATION,137,False,,DELETE,,Regenerable dependency/build/cache output,False,
apps/chart/node_modules/vite/dist/node/internal.js,DEPENDENCY_INSTALLATION,138,False,,DELETE,,Regenerable dependency/build/cache output,False,
apps/chart/node_modules/vite/dist/node/module-runner.d.ts,DEPENDENCY_INSTALLATION,11507,False,,DELETE,,Regenerable dependency/build/cache output,False,
apps/chart/node_modules/vite/dist/node/module-runner.js,DEPENDENCY_INSTALLATION,54444,False,,DELETE,,Regenerable dependency/build/cache output,False,
apps/chart/node_modules/vite/dist/node/chunks/build.js,DEPENDENCY_INSTALLATION,205664,False,,DELETE,,Regenerable dependency/build/cache output,False,
apps/chart/node_modules/vite/dist/node/chunks/dist.js,DEPENDENCY_INSTALLATION,246598,False,,DELETE,,Regenerable dependency/build/cache output,False,
apps/chart/node_modules/vite/dist/node/chunks/lib.js,DEPENDENCY_INSTALLATION,11710,False,,DELETE,,Regenerable dependency/build/cache output,False,
apps/chart/node_modules/vite/dist/node/chunks/moduleRunnerTransport.d.ts,DEPENDENCY_INSTALLATION,3088,False,,DELETE,,Regenerable dependency/build/cache output,False,
apps/chart/node_modules/vite/dist/node/chunks/node.js,DEPENDENCY_INSTALLATION,1352087,False,,DELETE,,Regenerable dependency/build/cache output,False,
apps/chart/node_modules/vite/dist/node/chunks/postcss-import.js,DEPENDENCY_INSTALLATION,18432,False,,DELETE,,Regenerable dependency/build/cache output,False,
apps/chart/node_modules/vite/misc/false.js,DEPENDENCY_INSTALLATION,21,False,,DELETE,,Regenerable dependency/build/cache output,False,
apps/chart/node_modules/vite/misc/true.js,DEPENDENCY_INSTALLATION,20,False,,DELETE,,Regenerable dependency/build/cache output,False,
apps/chart/node_modules/vite/types/customEvent.d.ts,DEPENDENCY_INSTALLATION,2028,False,,DELETE,,Regenerable dependency/build/cache output,False,
apps/chart/node_modules/vite/types/hmrPayload.d.ts,DEPENDENCY_INSTALLATION,1790,False,,DELETE,,Regenerable dependency/build/cache output,False,
apps/chart/node_modules/vite/types/hot.d.ts,DEPENDENCY_INSTALLATION,1063,False,,DELETE,,Regenerable dependency/build/cache output,False,
apps/chart/node_modules/vite/types/import-meta.d.ts,DEPENDENCY_INSTALLATION,249,False,,DELETE,,Regenerable dependency/build/cache output,False,
apps/chart/node_modules/vite/types/importGlob.d.ts,DEPENDENCY_INSTALLATION,3477,False,,DELETE,,Regenerable dependency/build/cache output,False,
apps/chart/node_modules/vite/types/importMeta.d.ts,DEPENDENCY_INSTALLATION,884,False,,DELETE,,Regenerable dependency/build/cache output,False,
apps/chart/node_modules/vite/types/metadata.d.ts,DEPENDENCY_INSTALLATION,1133,False,,DELETE,,Regenerable dependency/build/cache output,False,
apps/chart/node_modules/vite/types/internal/cssPreprocessorOptions.d.ts,DEPENDENCY_INSTALLATION,1420,False,,DELETE,,Regenerable dependency/build/cache output,False,
apps/chart/node_modules/vite/types/internal/esbuildOptions.d.ts,DEPENDENCY_INSTALLATION,672,False,,DELETE,,Regenerable dependency/build/cache output,False,
apps/chart/node_modules/vite/types/internal/lightningcssOptions.d.ts,DEPENDENCY_INSTALLATION,520,False,,DELETE,,Regenerable dependency/build/cache output,False,
apps/chart/node_modules/vite/types/internal/rollupTypeCompat.d.ts,DEPENDENCY_INSTALLATION,791,False,,DELETE,,Regenerable dependency/build/cache output,False,
apps/chart/node_modules/vite/types/internal/terserOptions.d.ts,DEPENDENCY_INSTALLATION,384,False,,DELETE,,Regenerable dependency/build/cache output,False,
apps/chart/scripts/dev-server.mjs,OPERATIONAL_SCRIPT,844,True,4b0cfa71e168fe6416693cc19c97a110550557ae87e3e6f9d3aaab561da90e67,KEEP,apps/chart/scripts/dev-server.mjs,Maintained project content or local test,True,4b0cfa71e168fe6416693cc19c97a110550557ae87e3e6f9d3aaab561da90e67
apps/chart/server/candle-file-response.js,APPLICATION_SOURCE,1071,True,5b46f7ecf0f7d2f0f34e9fac0508b401198107e56a075f279249319e297b2bbb,KEEP,apps/chart/server/candle-file-response.js,Maintained project content or local test,True,5b46f7ecf0f7d2f0f34e9fac0508b401198107e56a075f279249319e297b2bbb
apps/chart/server/chart-transfer.js,APPLICATION_SOURCE,4413,True,d5e566eb226cbc8ada2fb12debc3fd90d4a2197a73975b339792bf301915b48e,KEEP,apps/chart/server/chart-transfer.js,Maintained project content or local test,True,d5e566eb226cbc8ada2fb12debc3fd90d4a2197a73975b339792bf301915b48e
apps/chart/server/faraz-candle-api.js,APPLICATION_SOURCE,81826,True,c14efe55c2398cc9d71c7ff833a3d96f654496cf8d0920353eb34d0644ec4921,KEEP,apps/chart/server/faraz-candle-api.js,Maintained project content or local test,True,80cc259b531518250a6858c68c8c8d88822865a056813b19b33d28569a615826
apps/chart/server/indicator-range-input.js,APPLICATION_SOURCE,4248,True,bf9b2c5eac9457435f9aaed9615ca062dfabcb7541ca70fbf114c9dd2f1a419f,KEEP,apps/chart/server/indicator-range-input.js,Maintained project content or local test,True,bf9b2c5eac9457435f9aaed9615ca062dfabcb7541ca70fbf114c9dd2f1a419f
apps/chart/server/migrate-raw-resources.js,APPLICATION_SOURCE,2888,True,3ea02c9acb562de8259ce5b52d0ea36af03ff96e03a6e9884ee78a80c39b5128,KEEP,apps/chart/server/migrate-raw-resources.js,Maintained project content or local test,True,3ea02c9acb562de8259ce5b52d0ea36af03ff96e03a6e9884ee78a80c39b5128
apps/chart/server/raw-integrity.js,APPLICATION_SOURCE,1077,True,200669b282c08eaaf093b30c9610bf44714daa3e57bfb85f337c5e88fd470349,KEEP,apps/chart/server/raw-integrity.js,Maintained project content or local test,True,200669b282c08eaaf093b30c9610bf44714daa3e57bfb85f337c5e88fd470349
apps/chart/server/raw-resource-store.js,APPLICATION_SOURCE,17253,True,4b34716fc1537f6983d9b2d8200561fa65819180f1033d71dad978c8328c3baa,KEEP,apps/chart/server/raw-resource-store.js,Maintained project content or local test,True,4b34716fc1537f6983d9b2d8200561fa65819180f1033d71dad978c8328c3baa
apps/chart/src/main.js,APPLICATION_SOURCE,352592,True,dc8d1569a4cf2325d0208430bf34763d9ee589626d4ce5ca279df5753a709609,KEEP,apps/chart/src/main.js,Maintained project content or local test,True,dc8d1569a4cf2325d0208430bf34763d9ee589626d4ce5ca279df5753a709609
apps/chart/src/algorithm/mirror.js,APPLICATION_SOURCE,8445,True,c8d81712e6cec43dd2b0efe87c9987cbd603fd6064b9eed7211def5a47bc97d5,KEEP,apps/chart/src/algorithm/mirror.js,Maintained project content or local test,True,c8d81712e6cec43dd2b0efe87c9987cbd603fd6064b9eed7211def5a47bc97d5
apps/chart/src/algorithm/page.js,APPLICATION_SOURCE,71653,True,216d888190ee8819a54712d92add3a27d20ed9ec50fa548dd694b812e0e5207f,KEEP,apps/chart/src/algorithm/page.js,Maintained project content or local test,True,216d888190ee8819a54712d92add3a27d20ed9ec50fa548dd694b812e0e5207f
apps/chart/src/algorithm/styles.css,APPLICATION_SOURCE,44852,True,7db2f625b6845467f93f28069d0455625ec353ded40fc09dcbeda84f968c6992,KEEP,apps/chart/src/algorithm/styles.css,Maintained project content or local test,True,7db2f625b6845467f93f28069d0455625ec353ded40fc09dcbeda84f968c6992
apps/chart/src/algorithm/content/bridge-content.js,APPLICATION_SOURCE,36856,True,588ed76783ae5633e20c293cf0837955503f1724dc4416534e77d8af3c610f59,KEEP,apps/chart/src/algorithm/content/bridge-content.js,Maintained project content or local test,True,588ed76783ae5633e20c293cf0837955503f1724dc4416534e77d8af3c610f59
apps/chart/src/algorithm/content/calculation-guides.js,APPLICATION_SOURCE,39718,True,42d5257f5a480f7cb8f4ce8eb535ee4f23616b5805464ddf81e5c5d948099f06,KEEP,apps/chart/src/algorithm/content/calculation-guides.js,Maintained project content or local test,True,42d5257f5a480f7cb8f4ce8eb535ee4f23616b5805464ddf81e5c5d948099f06
apps/chart/src/algorithm/content/content.js,APPLICATION_SOURCE,67793,True,3d33a4159c723f07e2b4db21267dad9322e61cbdf9782a13b22e641eb150cc95,KEEP,apps/chart/src/algorithm/content/content.js,Maintained project content or local test,True,3d33a4159c723f07e2b4db21267dad9322e61cbdf9782a13b22e641eb150cc95
apps/chart/src/algorithm/content/glossary.js,APPLICATION_SOURCE,25247,True,351974972cde8f0161046b0309ef2bbe6bf6cd59eccab8b878ff839fb8a5de6d,KEEP,apps/chart/src/algorithm/content/glossary.js,Maintained project content or local test,True,351974972cde8f0161046b0309ef2bbe6bf6cd59eccab8b878ff839fb8a5de6d
apps/chart/src/algorithm/content/i18n.js,APPLICATION_SOURCE,21472,True,1de7baa4a2e8a8049cd9d57e632906475bc81919eba65ec74eca00f6b4228e0e,KEEP,apps/chart/src/algorithm/content/i18n.js,Maintained project content or local test,True,1de7baa4a2e8a8049cd9d57e632906475bc81919eba65ec74eca00f6b4228e0e
apps/chart/src/algorithm/content/module-summaries.js,APPLICATION_SOURCE,29205,True,4d84283033133528f43828039b64a7a10679d3aa6bb517cab68c4a3da5cdc586,KEEP,apps/chart/src/algorithm/content/module-summaries.js,Maintained project content or local test,True,4d84283033133528f43828039b64a7a10679d3aa6bb517cab68c4a3da5cdc586
apps/chart/src/algorithm/content/object-catalog.js,APPLICATION_SOURCE,20672,True,c9a9053fbe1510bb2281391af2aae0fb0e3bdc4f91ff5f1c538b786f73c6af7b,KEEP,apps/chart/src/algorithm/content/object-catalog.js,Maintained project content or local test,True,c9a9053fbe1510bb2281391af2aae0fb0e3bdc4f91ff5f1c538b786f73c6af7b
apps/chart/src/algorithm/content/type-module-summaries.js,APPLICATION_SOURCE,34344,True,c94f9cf1d6f9d88173706fc75378a15636896bbb22be366013024eb83ee714ad,KEEP,apps/chart/src/algorithm/content/type-module-summaries.js,Maintained project content or local test,True,c94f9cf1d6f9d88173706fc75378a15636896bbb22be366013024eb83ee714ad
apps/chart/src/chart/drawing-coordinates.js,APPLICATION_SOURCE,264,True,e9e2db4102c082f7fa7015bc66b32b234f3d2aee6b583494e216dff0aa1aacea,KEEP,apps/chart/src/chart/drawing-coordinates.js,Maintained project content or local test,True,e9e2db4102c082f7fa7015bc66b32b234f3d2aee6b583494e216dff0aa1aacea
apps/chart/src/chart/indicator-range.js,APPLICATION_SOURCE,1523,True,3b86a222173b7156f7db03c5f2a0a4b3b625bf94eb05a3ac18b0fe88728f256b,KEEP,apps/chart/src/chart/indicator-range.js,Maintained project content or local test,True,3b86a222173b7156f7db03c5f2a0a4b3b625bf94eb05a3ac18b0fe88728f256b
apps/chart/src/chart/lod.js,APPLICATION_SOURCE,1635,True,747b48a861347aee3b1341ef73dfd62e66863b30a8b2b61b935b7b19cec97efa,KEEP,apps/chart/src/chart/lod.js,Maintained project content or local test,True,747b48a861347aee3b1341ef73dfd62e66863b30a8b2b61b935b7b19cec97efa
apps/chart/src/chart/progress.js,APPLICATION_SOURCE,854,True,7d69fb96d881a1d15977a5c9ecfd1f4ea8b7f9a16bf09171cc3c2138c98ac767,KEEP,apps/chart/src/chart/progress.js,Maintained project content or local test,True,7d69fb96d881a1d15977a5c9ecfd1f4ea8b7f9a16bf09171cc3c2138c98ac767
apps/chart/src/chart/state.js,APPLICATION_SOURCE,1153,True,f2bd25b448f3d912588340605a7bf12f835147ffdb5730adf89e9eb09fb8bf88,KEEP,apps/chart/src/chart/state.js,Maintained project content or local test,True,f2bd25b448f3d912588340605a7bf12f835147ffdb5730adf89e9eb09fb8bf88
apps/chart/src/chart/view-transform.js,APPLICATION_SOURCE,3003,True,f9d42fcbd85752ca6cd6c4cf5206b046c5bfce6966ea50d6bfd44edba492b776,KEEP,apps/chart/src/chart/view-transform.js,Maintained project content or local test,True,f9d42fcbd85752ca6cd6c4cf5206b046c5bfce6966ea50d6bfd44edba492b776
apps/chart/src/chart/zoom-config.js,APPLICATION_SOURCE,492,True,73d94089335610f2a5ffdf4740d48ac9ca65425a60dd302f80f58fcfb32b4f72,KEEP,apps/chart/src/chart/zoom-config.js,Maintained project content or local test,True,73d94089335610f2a5ffdf4740d48ac9ca65425a60dd302f80f58fcfb32b4f72
apps/chart/src/drawings/drawing-math.js,APPLICATION_SOURCE,1490,True,e718c7e7ebbba2e11d57c1bd32c9d91604c7ea8902cc4e619d019120ccd0968e,KEEP,apps/chart/src/drawings/drawing-math.js,Maintained project content or local test,True,e718c7e7ebbba2e11d57c1bd32c9d91604c7ea8902cc4e619d019120ccd0968e
apps/chart/src/drawings/drawing.css,APPLICATION_SOURCE,3421,True,0edaebfef1f76ab78da3fafa508030273911de31649d79f20f9faf202559ce3d,KEEP,apps/chart/src/drawings/drawing.css,Maintained project content or local test,True,0edaebfef1f76ab78da3fafa508030273911de31649d79f20f9faf202559ce3d
apps/chart/src/drawings/object-tree.css,APPLICATION_SOURCE,9806,True,3ddaba336636eb36d81dd6cb0ace2866f71182d97f4e3c5d194564a2919157e9,KEEP,apps/chart/src/drawings/object-tree.css,Maintained project content or local test,True,3ddaba336636eb36d81dd6cb0ace2866f71182d97f4e3c5d194564a2919157e9
apps/chart/src/features/candle-export.js,APPLICATION_SOURCE,51422,True,96d9b9ab0cfacf73e2db4fc716fcd7a48f500bb8547fc22ad7c3f726c1107234,KEEP,apps/chart/src/features/candle-export.js,Maintained project content or local test,True,96d9b9ab0cfacf73e2db4fc716fcd7a48f500bb8547fc22ad7c3f726c1107234
apps/chart/src/features/candle-update.js,APPLICATION_SOURCE,14153,True,c9ef0695d7c716b1d4444959c3086a2e40c75aca990b360af29ca110c87332b1,KEEP,apps/chart/src/features/candle-update.js,Maintained project content or local test,True,c9ef0695d7c716b1d4444959c3086a2e40c75aca990b360af29ca110c87332b1
apps/chart/src/features/faraz-symbol.js,APPLICATION_SOURCE,771,True,2aefa363fa31920fb27daff089bc24e3779bdf43c8dff28ae23510963dd936d2,KEEP,apps/chart/src/features/faraz-symbol.js,Maintained project content or local test,True,2aefa363fa31920fb27daff089bc24e3779bdf43c8dff28ae23510963dd936d2
apps/chart/src/features/indicator-cache.js,APPLICATION_SOURCE,6190,True,d189fbc9bf6fb02235a554bb8a59960a5137fc6d73fe1610a647379a5f08ca4f,KEEP,apps/chart/src/features/indicator-cache.js,Maintained project content or local test,True,d189fbc9bf6fb02235a554bb8a59960a5137fc6d73fe1610a647379a5f08ca4f
apps/chart/src/features/indicator-calculation-request.js,APPLICATION_SOURCE,343,True,0d5abf8133a892d72fbc6cd5b1a4cee8ff5c17d46cacb9eacecefb36b7d03522,KEEP,apps/chart/src/features/indicator-calculation-request.js,Maintained project content or local test,True,0d5abf8133a892d72fbc6cd5b1a4cee8ff5c17d46cacb9eacecefb36b7d03522
apps/chart/src/features/indicator-lifecycle.js,APPLICATION_SOURCE,589,True,3380433b40075797c6852589fa9dbfc840c3e501c97d43ebc7051f93c473394c,KEEP,apps/chart/src/features/indicator-lifecycle.js,Maintained project content or local test,True,3380433b40075797c6852589fa9dbfc840c3e501c97d43ebc7051f93c473394c
apps/chart/src/features/raw-file-contract.js,APPLICATION_SOURCE,2839,True,bba680048147f385d38a97b30e702e1c1d3a00d8777b852bcef8e95025c29616,KEEP,apps/chart/src/features/raw-file-contract.js,Maintained project content or local test,True,bba680048147f385d38a97b30e702e1c1d3a00d8777b852bcef8e95025c29616
apps/chart/src/features/raw-inventory.js,APPLICATION_SOURCE,2013,True,1b1c5ad1a4cb8e91e597abec27b0f93e70b569270da5594f87b10bb42b3faff5,KEEP,apps/chart/src/features/raw-inventory.js,Maintained project content or local test,True,1b1c5ad1a4cb8e91e597abec27b0f93e70b569270da5594f87b10bb42b3faff5
apps/chart/src/features/screenshot-overlay.js,APPLICATION_SOURCE,1119,True,d5851f309a40538654d41b77dd641d81bfe724ed25812b84bcf20816983da4df,KEEP,apps/chart/src/features/screenshot-overlay.js,Maintained project content or local test,True,d5851f309a40538654d41b77dd641d81bfe724ed25812b84bcf20816983da4df
apps/chart/src/features/workspace-session.js,APPLICATION_SOURCE,1572,True,dbfa2cab6e5d2c41a3b8fa0c2a1a1f5689e3c27cb48326f58b670719da986ef4,KEEP,apps/chart/src/features/workspace-session.js,Maintained project content or local test,True,dbfa2cab6e5d2c41a3b8fa0c2a1a1f5689e3c27cb48326f58b670719da986ef4
apps/chart/src/features/manual-review/entry.js,APPLICATION_SOURCE,1426,True,4702041929ada78539c5916fde4b3f53360116bec76a10721ace638913f4bfd7,KEEP,apps/chart/src/features/manual-review/entry.js,Maintained project content or local test,True,4702041929ada78539c5916fde4b3f53360116bec76a10721ace638913f4bfd7
apps/chart/src/features/manual-review/render.js,APPLICATION_SOURCE,63485,True,75abf1ba798bff0abfb102f23bc5406c5abafc146e1a314e7655197e52242ade,KEEP,apps/chart/src/features/manual-review/render.js,Maintained project content or local test,True,75abf1ba798bff0abfb102f23bc5406c5abafc146e1a314e7655197e52242ade
apps/chart/src/features/manual-review/review.css,APPLICATION_SOURCE,32917,True,5ce9d35687c5490e3d92e22a70cc33a88bbd0e998d422e9a125f03b419ccd71f,KEEP,apps/chart/src/features/manual-review/review.css,Maintained project content or local test,True,5ce9d35687c5490e3d92e22a70cc33a88bbd0e998d422e9a125f03b419ccd71f
apps/chart/src/features/manual-review/tab.js,APPLICATION_SOURCE,448,True,47de7e5a3578c2a3a2da86c731e8e59e5964bfabd517d2759112f0fa02872370,KEEP,apps/chart/src/features/manual-review/tab.js,Maintained project content or local test,True,47de7e5a3578c2a3a2da86c731e8e59e5964bfabd517d2759112f0fa02872370
apps/chart/src/platform/browser-compat.js,APPLICATION_SOURCE,1150,True,6c3273fff3b24daa98222277e74ab614beb0cffc0260925bf012a85e2b26ea30,KEEP,apps/chart/src/platform/browser-compat.js,Maintained project content or local test,True,6c3273fff3b24daa98222277e74ab614beb0cffc0260925bf012a85e2b26ea30
apps/chart/src/styles/app.css,APPLICATION_SOURCE,65413,True,fb3ecfc98ec028c5b4bfb6fc739ffc5066dd1e93ff5294d17aae9a43250bccd7,KEEP,apps/chart/src/styles/app.css,Maintained project content or local test,True,fb3ecfc98ec028c5b4bfb6fc739ffc5066dd1e93ff5294d17aae9a43250bccd7
apps/chart/src/styles/candle-export.css,APPLICATION_SOURCE,24535,True,77d440970b816854574e74e5274b6ae6a5e1eaff0396f8c005614f9827f76be2,KEEP,apps/chart/src/styles/candle-export.css,Maintained project content or local test,True,77d440970b816854574e74e5274b6ae6a5e1eaff0396f8c005614f9827f76be2
apps/chart/src/styles/qg-modern.css,APPLICATION_SOURCE,1231,True,2d0cf658679f19cd1bd6112ffdcf3fb258c8ec02cc9ba53e37c44d839fa2318b,KEEP,apps/chart/src/styles/qg-modern.css,Maintained project content or local test,True,2d0cf658679f19cd1bd6112ffdcf3fb258c8ec02cc9ba53e37c44d839fa2318b
apps/chart/src/styles/tokens.css,APPLICATION_SOURCE,6532,True,a9215c0252b0964001fbb5e5b809226e3e935a7ecd7013d395b8999b12564794,KEEP,apps/chart/src/styles/tokens.css,Maintained project content or local test,True,a9215c0252b0964001fbb5e5b809226e3e935a7ecd7013d395b8999b12564794
apps/chart/src/ui/chart-identity.js,APPLICATION_SOURCE,573,True,23bee6e14a3097d785c87209ed6b00accb658b095163400c62963fcda937e2dc,KEEP,apps/chart/src/ui/chart-identity.js,Maintained project content or local test,True,23bee6e14a3097d785c87209ed6b00accb658b095163400c62963fcda937e2dc
apps/chart/src/ui/feedback.js,APPLICATION_SOURCE,2881,True,77f62d5033c8ddc9b2225cae0ab01ad42888d7d231e615afc443a04cfb777ec5,KEEP,apps/chart/src/ui/feedback.js,Maintained project content or local test,True,77f62d5033c8ddc9b2225cae0ab01ad42888d7d231e615afc443a04cfb777ec5
apps/chart/src/ui/icons.js,APPLICATION_SOURCE,4096,True,5acc18e300dcb5fc3b527c4805e26e59825e8afe7144b48a36462cb293e2faf2,KEEP,apps/chart/src/ui/icons.js,Maintained project content or local test,True,5acc18e300dcb5fc3b527c4805e26e59825e8afe7144b48a36462cb293e2faf2
apps/chart/src/ui/log-window.js,APPLICATION_SOURCE,689,True,1ecf173957f06a78a18b84cea9641775e3a3d8c3e6d32dd694dbd6feaef29657,KEEP,apps/chart/src/ui/log-window.js,Maintained project content or local test,True,1ecf173957f06a78a18b84cea9641775e3a3d8c3e6d32dd694dbd6feaef29657
apps/chart/src/ui/popover.js,APPLICATION_SOURCE,1466,True,af983ce0a7457fd092d5e0c95c5bb8e2ff41d1b0206251d6d4a8ba289a015db1,KEEP,apps/chart/src/ui/popover.js,Maintained project content or local test,True,af983ce0a7457fd092d5e0c95c5bb8e2ff41d1b0206251d6d4a8ba289a015db1
apps/chart/src/ui/symbol-format.js,APPLICATION_SOURCE,1189,True,984ba6548f47898075d5f58aa7322e70457b575e8ca9ca3e12313effe80e848b,KEEP,apps/chart/src/ui/symbol-format.js,Maintained project content or local test,True,984ba6548f47898075d5f58aa7322e70457b575e8ca9ca3e12313effe80e848b
apps/chart/src/ui/workspace-state.js,APPLICATION_SOURCE,1775,True,4f2db71e95c2460e2ade7959cc5be2dfe3ab8a14dbf51c487a83a12b18eb3152,KEEP,apps/chart/src/ui/workspace-state.js,Maintained project content or local test,True,4f2db71e95c2460e2ade7959cc5be2dfe3ab8a14dbf51c487a83a12b18eb3152
apps/chart/tests/candle-export-log.test.mjs,TEST,1094,True,463c59d66c992dfceb61e5d5b18fcc07d3c76b252bb23eee71d39ba78cd9496d,MOVE,tests/chart/unit/candle-export-log.test.mjs,Centralize local chart contract tests,False,142f22a2502f35e1e39023828d26dbd806bd831aad5b7ceac219e15204aa0a57
apps/chart/tests/candle-file-response.test.mjs,TEST,1610,True,46a881dda29b33cd5304496f67d174723f8594355a422cdac880beb48d8240bf,MOVE,tests/chart/unit/candle-file-response.test.mjs,Centralize local chart contract tests,False,eac62dd32cebdf36805d713e07060d39099cb200237891483dc8a5cd45a6261b
apps/chart/tests/candle-update.test.mjs,TEST,6569,True,93359c891ca1abe4a85450ea9527e57986231944b1e3efc342a9132a25a3e7f1,MOVE,tests/chart/unit/candle-update.test.mjs,Centralize local chart contract tests,False,5cbc43fc225a1f81ae6efebde48f51bc8db08180ed63990ea6f419634a8daba4
apps/chart/tests/chart-transfer.test.mjs,TEST,4214,True,dbf2b2068f07c81bffeae381772597a41d509bab1c0116c41a806196271012f0,MOVE,tests/chart/unit/chart-transfer.test.mjs,Centralize local chart contract tests,False,7e9e03a9738522662ae4dd5ab5cd9b51a2258499e8400fc3558d97961ed321ad
apps/chart/tests/chart-update-contract.test.mjs,TEST,4383,True,a6b098f3d034c8c12788934548602b8aa05f4003deed612916ed0703fcbcabfa,MOVE,tests/chart/unit/chart-update-contract.test.mjs,Centralize local chart contract tests,False,a6b098f3d034c8c12788934548602b8aa05f4003deed612916ed0703fcbcabfa
apps/chart/tests/drawing-coordinates.test.mjs,TEST,518,True,e2fce1493ae4424842780da9b9e846f0d0bd41b6a0c9b436ac360fdfd1dde1f5,MOVE,tests/chart/unit/drawing-coordinates.test.mjs,Centralize local chart contract tests,False,bdb746d9d8454d9dd6de6b93c242d6babc60e0c9763fdbfb6710e24dc5e6b2be
apps/chart/tests/drawing-tools.test.mjs,TEST,858,True,9d70dfd5228636828c8038ac8ca066756e8af4a3382a8028dc7e281367cd39e8,MOVE,tests/chart/unit/drawing-tools.test.mjs,Centralize local chart contract tests,False,31fcf27c7a05920b3a1ee920a51d95773073c8b0dda0d88f9fc34d17436fdb33
apps/chart/tests/faraz-candle-api.test.mjs,TEST,45107,True,ea407b897c9c3c09ef6f0c62305b638242f91185346ce8c149cbf8eb04c8e308,MOVE,tests/chart/unit/faraz-candle-api.test.mjs,Centralize local chart contract tests,False,6fd5afdc6579a9a4a0df2358ce8d632c36fe1e4891b9f20831a82408b8efdc9e
apps/chart/tests/faraz-symbol.test.mjs,TEST,701,True,140544f2ef6f4b3240549cbdb4a5a3f4fc9fd92b0375a11d17582336cc64e8f6,MOVE,tests/chart/unit/faraz-symbol.test.mjs,Centralize local chart contract tests,False,6b1cfe85aa5ad14c5c30a8b9cbb03ca61ed1021e8163dfc52c076ce9d8ccd46b
apps/chart/tests/feedback.test.mjs,TEST,4459,True,ae7d044017bed0cb758bc87845dd1bbff153450318f8ae149d18f7ca752663cc,MOVE,tests/chart/unit/feedback.test.mjs,Centralize local chart contract tests,False,111ae58b846e0fd9a96ddd118a92f2b7e95ebb2300ef20976ea1985120c1280b
apps/chart/tests/indicator-cache.test.mjs,TEST,1974,True,76ef68fd6a89e843b829e8af1c3c649fe2c5e4074c3c85e5ee5e59e85248c105,MOVE,tests/chart/unit/indicator-cache.test.mjs,Centralize local chart contract tests,False,9c86eaca5664d22556fba131269d54bd4a40042c734b23552a0c6a8a3ec722f5
apps/chart/tests/indicator-calculation-request.test.mjs,TEST,780,True,4866dd299e6df1dfb45fcf63161edbfed79cc7f618f9e879bc4a1c8de6fff4a6,MOVE,tests/chart/unit/indicator-calculation-request.test.mjs,Centralize local chart contract tests,False,8cfe32915be989ca3c3beceea859d5fcba94801e78b91087cbd23e69448b8577
apps/chart/tests/indicator-lifecycle.test.mjs,TEST,1251,True,333a0fe03a2bca8217a43372b39b01b1f910a5b0f60c6d3d1c68b40a4bf6fbd2,MOVE,tests/chart/unit/indicator-lifecycle.test.mjs,Centralize local chart contract tests,False,f0a1955a208aa5124a2227bc91645b96b3631d8e7b16851b0b8cba93abc9d7df
apps/chart/tests/indicator-range-input.test.mjs,TEST,7375,True,73a40f2701797ac4bfc73e4f4129b45dccb83fc28d800ac63b63dc8e3a9e042a,MOVE,tests/chart/unit/indicator-range-input.test.mjs,Centralize local chart contract tests,False,e22dc39d37c861cbbf22b1f5525582944e6ffaf6c5bd2b2382b594d9d4a7d0f0
apps/chart/tests/indicator-range.test.mjs,TEST,937,True,f65c69cd4a95cf59930f9091981f7b7c89fcf7d405b4969fe3c9afaea88de3a1,MOVE,tests/chart/unit/indicator-range.test.mjs,Centralize local chart contract tests,False,e38c4b70d246a61c2b25f346e28e3b4f455ada0e1acd9a16111007eba976633f
apps/chart/tests/manual-review.test.mjs,TEST,11391,True,8a7f6488e4e53efc99c2888a71662863c37dbb24d582ad35214e9671011ca6f5,MOVE,tests/chart/unit/manual-review.test.mjs,Centralize local chart contract tests,False,7d30d7edf8f8c1039f58e63891850402885e2e6057ee28f537b4d7f2f83cc466
apps/chart/tests/popover.test.mjs,TEST,1995,True,92dd6720838c925d686f0b60aa1db52d7a9b39aa4c83d31bd68a2daa83fc9a36,MOVE,tests/chart/unit/popover.test.mjs,Centralize local chart contract tests,False,643bb6c579b49fbf05527e4e82e20f244e5cc4fdc8b5819c83bf1c5c0a08edad
apps/chart/tests/raw-cut.test.mjs,TEST,3513,True,da7305e299228bd1d6c5e0d65d8f9a9639257a5675be91b74e4d71a412ce4565,MOVE,tests/chart/unit/raw-cut.test.mjs,Centralize local chart contract tests,False,2681cbcd32f37c25cdb9a73729491f620c404ff6bb87881940441b85fe442ab7
apps/chart/tests/raw-file-contract.test.mjs,TEST,1050,True,0dbb813074c1decb24873fb75aae7ff948b012411bdcff828c23a30f981095db,MOVE,tests/chart/unit/raw-file-contract.test.mjs,Centralize local chart contract tests,False,1033359673eaa7861da48462b02a675d94074d15f87a45fc0e0af3d6f3ba2c23
apps/chart/tests/raw-integrity.test.mjs,TEST,1066,True,b0f8143f196a1627db0b538bbd207ed88d8ac0c0b017430d257c616d30bce617,MOVE,tests/chart/unit/raw-integrity.test.mjs,Centralize local chart contract tests,False,d9e233aeffa4cd5f4f3293e9d20e9489351329ab84999f4ac66ba0362a3bac75
apps/chart/tests/raw-inventory.test.mjs,TEST,4992,True,16f9e45b3b23779f29dbddd78654f434df47c8401005469616f65cc2ab9ffad7,MOVE,tests/chart/unit/raw-inventory.test.mjs,Centralize local chart contract tests,False,9b6400bcd1e7d20d4408547834387f0b895c4dd47b023457460a64745b5aefcf
apps/chart/tests/raw-resource-store.test.mjs,TEST,12274,True,965303871fb64a80b64dc62b09e3442a7979b3d708283cd8d5a69e1367e2e3bd,MOVE,tests/chart/unit/raw-resource-store.test.mjs,Centralize local chart contract tests,False,151b72685da641960d92dcaa1b71d96e5399836ed9d6f53ddc4761304c44d4cf
apps/chart/tests/screenshot-overlay.test.mjs,TEST,656,True,8c7a3a194e24eed6d57e17f1887ce9370766e0af4b99e8272540fec1a08bf2d2,MOVE,tests/chart/unit/screenshot-overlay.test.mjs,Centralize local chart contract tests,False,d04fd36bb9f0b57f447a34768f28d3ba25ed4e5a6c8f5f9d0dc94f93819a2fcb
apps/chart/tests/symbol-format.test.mjs,TEST,1147,True,f61a3516b88ee8cd47d8cd316e367459f1cd75a4c60714d88563ab99cf65f803,MOVE,tests/chart/unit/symbol-format.test.mjs,Centralize local chart contract tests,False,423a0d5fa35a9429d8b8bd7db0c140e68c786d2f302b8b21c5d1c34e4e9ad6a5
apps/chart/tests/view-transform.test.mjs,TEST,2444,True,d187d5ebb9f76218eb5f9e251d8b6fdcf39299796caf383b3625d6b5ace46ac7,MOVE,tests/chart/unit/view-transform.test.mjs,Centralize local chart contract tests,False,9cc3ed081e98bca134f59440d44f05b32cf0a2cd59aa7d61839fe4899a273a6b
apps/chart/tests/workspace-session.test.mjs,TEST,2523,True,f843020fc1b00c7b45842681459f851058b2143bec2df6cf8ac5a911363c4ce1,MOVE,tests/chart/unit/workspace-session.test.mjs,Centralize local chart contract tests,False,74125cb294a62386810f5d5ed99d677d3b761903a2fad781e9ba0f28188561ea
apps/chart/tests/workspace-state.test.mjs,TEST,3477,True,f8218f00259d7aa1ddf09521071235faeda7b27d4b34ad41ff0f6e205a8889f5,MOVE,tests/chart/unit/workspace-state.test.mjs,Centralize local chart contract tests,False,50a3016c5ce3e9b80519b0333282d4c2cb8b0f0aec58e4900dd555a737fd0a0b
apps/chart/tests/zoom-config.test.mjs,TEST,448,True,03286f2e5e4bb3c43ee5e54a364559c9aa7953227b46569ba097b30a9cd09703,MOVE,tests/chart/unit/zoom-config.test.mjs,Centralize local chart contract tests,False,4fdc922de8b672b196bf2bd2086a5c180c2a1e225e7095643ec4634d1e991d82
data/raw/.gitkeep,MARKET_DATA,71,False,69f6162e2b5bc1ec2d32621a7d3e5f13c84c49d2dc9993a7ccc670d9e9dcaa53,MOVE_OUTSIDE_REPOSITORY,D:\My-Projects\TradingBot-Local\data\raw\.gitkeep,Immutable RAW and metadata move to external storage,False,69f6162e2b5bc1ec2d32621a7d3e5f13c84c49d2dc9993a7ccc670d9e9dcaa53
data/raw/FOREXCOM/XAUUSD/RAW FARAZ_FOREXCOM_XAUUSD 1S FROM 1788449740 TO 1789388126.json,MARKET_DATA,50789635,False,f531a06d89e518964d4579f6b126ffdcd2b4f31fe2b6e4828ef71fd122809da3,MOVE_OUTSIDE_REPOSITORY,D:\My-Projects\TradingBot-Local\data\raw\FOREXCOM\XAUUSD\RAW FARAZ_FOREXCOM_XAUUSD 1S FROM 1788449740 TO 1789388126.json,Immutable RAW and metadata move to external storage,False,f531a06d89e518964d4579f6b126ffdcd2b4f31fe2b6e4828ef71fd122809da3
data/raw/FOREXCOM/XAUUSD/RAW FOREXCOM_XAUUSD 1S FROM 2026-09-03 19-05-40 TO 2026-09-08 03-18-28.json,MARKET_DATA,13189547,False,0291455b94b2a536b75b6129f3a90b71cd2eadb40a6a685f8a4e01dc2e744776,MOVE_OUTSIDE_REPOSITORY,D:\My-Projects\TradingBot-Local\data\raw\FOREXCOM\XAUUSD\RAW FOREXCOM_XAUUSD 1S FROM 2026-09-03 19-05-40 TO 2026-09-08 03-18-28.json,Immutable RAW and metadata move to external storage,False,0291455b94b2a536b75b6129f3a90b71cd2eadb40a6a685f8a4e01dc2e744776
data/raw/FOREXCOM/XAUUSD/RAW FOREXCOM_XAUUSD 1S FROM 2026-09-03 19-05-40 TO 2026-09-08 03-18-28.json.meta.json,MARKET_DATA,654,False,65639641ea2871b4c860c741364af1660604a17dc76259702996ae951b40f59e,MOVE_OUTSIDE_REPOSITORY,D:\My-Projects\TradingBot-Local\data\raw\FOREXCOM\XAUUSD\RAW FOREXCOM_XAUUSD 1S FROM 2026-09-03 19-05-40 TO 2026-09-08 03-18-28.json.meta.json,Immutable RAW and metadata move to external storage,False,65639641ea2871b4c860c741364af1660604a17dc76259702996ae951b40f59e
data/raw/FOREXCOM/XAUUSD/RAW FOREXCOM_XAUUSD 5S FROM 2026-08-25 03-53-30 TO 2026-09-23 18-01-15.json,MARKET_DATA,28991710,False,ea82be1aa715f266dab711b6f65139780402afa0529d6fcedde7cc579fdad7f9,MOVE_OUTSIDE_REPOSITORY,D:\My-Projects\TradingBot-Local\data\raw\FOREXCOM\XAUUSD\RAW FOREXCOM_XAUUSD 5S FROM 2026-08-25 03-53-30 TO 2026-09-23 18-01-15.json,Immutable RAW and metadata move to external storage,False,ea82be1aa715f266dab711b6f65139780402afa0529d6fcedde7cc579fdad7f9
data/raw/FOREXCOM/XAUUSD/RAW FOREXCOM_XAUUSD 5S FROM 2026-08-25 03-53-30 TO 2026-09-23 18-01-15.json.meta.json,MARKET_DATA,351497,False,ebd212a083020e7c7ce794661dc113c3e9589b4214dc52dfc7d3caf735f6378d,MOVE_OUTSIDE_REPOSITORY,D:\My-Projects\TradingBot-Local\data\raw\FOREXCOM\XAUUSD\RAW FOREXCOM_XAUUSD 5S FROM 2026-08-25 03-53-30 TO 2026-09-23 18-01-15.json.meta.json,Immutable RAW and metadata move to external storage,False,ebd212a083020e7c7ce794661dc113c3e9589b4214dc52dfc7d3caf735f6378d
data/raw/FOREXCOM/XAUUSD/RAW FOREXCOM_XAUUSD 5S FROM 2026-09-03 18-44-00 TO 2026-09-19 00-29-35.json,MARKET_DATA,15018536,False,18632e270173105be865ea00608290bb70de2c8129e3622c6dcab1e7f1225ee0,MOVE_OUTSIDE_REPOSITORY,D:\My-Projects\TradingBot-Local\data\raw\FOREXCOM\XAUUSD\RAW FOREXCOM_XAUUSD 5S FROM 2026-09-03 18-44-00 TO 2026-09-19 00-29-35.json,Immutable RAW and metadata move to external storage,False,18632e270173105be865ea00608290bb70de2c8129e3622c6dcab1e7f1225ee0
data/raw/FOREXCOM/XAUUSD/RAW FOREXCOM_XAUUSD 5S FROM 2026-09-03 18-44-00 TO 2026-09-19 00-29-35.json.meta.json,MARKET_DATA,654,False,90c0ad3064969346761bc87ec7cd7016e5d62c22117397c1f7d10e671e5d3df9,MOVE_OUTSIDE_REPOSITORY,D:\My-Projects\TradingBot-Local\data\raw\FOREXCOM\XAUUSD\RAW FOREXCOM_XAUUSD 5S FROM 2026-09-03 18-44-00 TO 2026-09-19 00-29-35.json.meta.json,Immutable RAW and metadata move to external storage,False,90c0ad3064969346761bc87ec7cd7016e5d62c22117397c1f7d10e671e5d3df9
data/raw/FOREXCOM/XAUUSD/RAW FOREXCOM_XAUUSD 5S FROM 2026-09-16 22-35-00 TO 2026-09-17 19-15-35.json,MARKET_DATA,1156527,False,d33c7e2c46440f7a4495bac7d80b38101a635491f0f95b8ea353caa8fdb7d96d,MOVE_OUTSIDE_REPOSITORY,D:\My-Projects\TradingBot-Local\data\raw\FOREXCOM\XAUUSD\RAW FOREXCOM_XAUUSD 5S FROM 2026-09-16 22-35-00 TO 2026-09-17 19-15-35.json,Immutable RAW and metadata move to external storage,False,d33c7e2c46440f7a4495bac7d80b38101a635491f0f95b8ea353caa8fdb7d96d
data/raw/FOREXCOM/XAUUSD/RAW FOREXCOM_XAUUSD 5S FROM 2026-09-16 22-35-00 TO 2026-09-17 19-15-35.json.meta.json,MARKET_DATA,651,False,2c7f737531fd80265766c27b37a654f5d4ade3223a907f96892a922ea4e82185,MOVE_OUTSIDE_REPOSITORY,D:\My-Projects\TradingBot-Local\data\raw\FOREXCOM\XAUUSD\RAW FOREXCOM_XAUUSD 5S FROM 2026-09-16 22-35-00 TO 2026-09-17 19-15-35.json.meta.json,Immutable RAW and metadata move to external storage,False,2c7f737531fd80265766c27b37a654f5d4ade3223a907f96892a922ea4e82185
data/raw/FOREXCOM/XAUUSD/RAW FOREXCOM_XAUUSD 5S FROM 2026-09-22 11-00-00 TO 2026-09-29 11-55-05.json,MARKET_DATA,6796540,False,1e29ebef3265283c156ed0177567382030ffd990338e3668e0d512a6d0701f85,MOVE_OUTSIDE_REPOSITORY,D:\My-Projects\TradingBot-Local\data\raw\FOREXCOM\XAUUSD\RAW FOREXCOM_XAUUSD 5S FROM 2026-09-22 11-00-00 TO 2026-09-29 11-55-05.json,Immutable RAW and metadata move to external storage,False,1e29ebef3265283c156ed0177567382030ffd990338e3668e0d512a6d0701f85
data/raw/FOREXCOM/XAUUSD/RAW FOREXCOM_XAUUSD 5S FROM 2026-09-22 11-00-00 TO 2026-09-29 11-55-05.json.meta.json,MARKET_DATA,742,False,0540c657916856e156f386091c3a7be8566e4ef7a7fbdc8f9d2bc822c5babbfb,MOVE_OUTSIDE_REPOSITORY,D:\My-Projects\TradingBot-Local\data\raw\FOREXCOM\XAUUSD\RAW FOREXCOM_XAUUSD 5S FROM 2026-09-22 11-00-00 TO 2026-09-29 11-55-05.json.meta.json,Immutable RAW and metadata move to external storage,False,0540c657916856e156f386091c3a7be8566e4ef7a7fbdc8f9d2bc822c5babbfb
data/raw/FXCM/USOIL/RAW FXCM_USOIL 5S FROM 2026-08-21 04-00-00 TO 2026-09-29 11-46-20.json,MARKET_DATA,31354877,False,cf9fe7e1f54287fe82540de3657945fb4b1ede5e0716bd07853e534585eeb7fa,MOVE_OUTSIDE_REPOSITORY,D:\My-Projects\TradingBot-Local\data\raw\FXCM\USOIL\RAW FXCM_USOIL 5S FROM 2026-08-21 04-00-00 TO 2026-09-29 11-46-20.json,Immutable RAW and metadata move to external storage,False,cf9fe7e1f54287fe82540de3657945fb4b1ede5e0716bd07853e534585eeb7fa
data/raw/FXCM/USOIL/RAW FXCM_USOIL 5S FROM 2026-08-21 04-00-00 TO 2026-09-29 11-46-20.json.meta.json,MARKET_DATA,735,False,8ffd04e83f111cc2da222eff932f1f2492ccd7f55687f81eec9330032dccdb26,MOVE_OUTSIDE_REPOSITORY,D:\My-Projects\TradingBot-Local\data\raw\FXCM\USOIL\RAW FXCM_USOIL 5S FROM 2026-08-21 04-00-00 TO 2026-09-29 11-46-20.json.meta.json,Immutable RAW and metadata move to external storage,False,8ffd04e83f111cc2da222eff932f1f2492ccd7f55687f81eec9330032dccdb26
data/raw/FXCM/USOIL/RAW FXCM_USOIL 5S FROM 2026-09-08 07-23-20 TO 2026-09-28 04-20-15.json,MARKET_DATA,16525450,False,c3ac97dc44a67cab524e95ea9e77222f5d4c800eddcbab50fa5aec7dd37f6abc,MOVE_OUTSIDE_REPOSITORY,D:\My-Projects\TradingBot-Local\data\raw\FXCM\USOIL\RAW FXCM_USOIL 5S FROM 2026-09-08 07-23-20 TO 2026-09-28 04-20-15.json,Immutable RAW and metadata move to external storage,False,c3ac97dc44a67cab524e95ea9e77222f5d4c800eddcbab50fa5aec7dd37f6abc
data/raw/FXCM/USOIL/RAW FXCM_USOIL 5S FROM 2026-09-08 07-23-20 TO 2026-09-28 04-20-15.json.meta.json,MARKET_DATA,4153989,False,c36da9714b26a9db769daf28354076eced034398e0498d1f4c2491e2cc7e64f3,MOVE_OUTSIDE_REPOSITORY,D:\My-Projects\TradingBot-Local\data\raw\FXCM\USOIL\RAW FXCM_USOIL 5S FROM 2026-09-08 07-23-20 TO 2026-09-28 04-20-15.json.meta.json,Immutable RAW and metadata move to external storage,False,c36da9714b26a9db769daf28354076eced034398e0498d1f4c2491e2cc7e64f3
data/raw/FXCM/USOIL/RAW FXCM_USOIL 5S FROM 2026-09-11 02-53-30 TO 2026-09-15 11-03-45.json,MARKET_DATA,2941746,False,9e2e159ae32976db8a88a9642414bceb46b0fdba0935a32caee7969036f10c2c,MOVE_OUTSIDE_REPOSITORY,D:\My-Projects\TradingBot-Local\data\raw\FXCM\USOIL\RAW FXCM_USOIL 5S FROM 2026-09-11 02-53-30 TO 2026-09-15 11-03-45.json,Immutable RAW and metadata move to external storage,False,9e2e159ae32976db8a88a9642414bceb46b0fdba0935a32caee7969036f10c2c
data/raw/FXCM/USOIL/RAW FXCM_USOIL 5S FROM 2026-09-11 02-53-30 TO 2026-09-15 11-03-45.json.meta.json,MARKET_DATA,641,False,d149cc7e2ab5f8f703fd31613a137d687847c103f518b5a2d98f2531d1756112,MOVE_OUTSIDE_REPOSITORY,D:\My-Projects\TradingBot-Local\data\raw\FXCM\USOIL\RAW FXCM_USOIL 5S FROM 2026-09-11 02-53-30 TO 2026-09-15 11-03-45.json.meta.json,Immutable RAW and metadata move to external storage,False,d149cc7e2ab5f8f703fd31613a137d687847c103f518b5a2d98f2531d1756112
data/raw/FXCM/USOIL/RAW FXCM_USOIL 5S FROM 2026-09-21 22-50-00 TO 2026-09-24 00-26-20.json,MARKET_DATA,2368419,False,7e12ea5f56754b2cc408753c34d7a7482de1e8eb0d9773bba577208d16903e17,MOVE_OUTSIDE_REPOSITORY,D:\My-Projects\TradingBot-Local\data\raw\FXCM\USOIL\RAW FXCM_USOIL 5S FROM 2026-09-21 22-50-00 TO 2026-09-24 00-26-20.json,Immutable RAW and metadata move to external storage,False,7e12ea5f56754b2cc408753c34d7a7482de1e8eb0d9773bba577208d16903e17
data/raw/FXCM/USOIL/RAW FXCM_USOIL 5S FROM 2026-09-21 22-50-00 TO 2026-09-24 00-26-20.json.meta.json,MARKET_DATA,732,False,5bdb78560c6f1d95a4f826228352bf9d2d7d9d7c5a45d197b29b9eb77e1a5f9c,MOVE_OUTSIDE_REPOSITORY,D:\My-Projects\TradingBot-Local\data\raw\FXCM\USOIL\RAW FXCM_USOIL 5S FROM 2026-09-21 22-50-00 TO 2026-09-24 00-26-20.json.meta.json,Immutable RAW and metadata move to external storage,False,5bdb78560c6f1d95a4f826228352bf9d2d7d9d7c5a45d197b29b9eb77e1a5f9c
data/raw/FXCM/USOIL/RAW FXCM_USOIL 5S FROM 2026-09-21 22-54-30 TO 2026-09-29 10-51-55.json,MARKET_DATA,6277323,False,5f7ed2df840fd25295cb8dd7746122b8b0af4722f500656afb1f266bba3132cd,MOVE_OUTSIDE_REPOSITORY,D:\My-Projects\TradingBot-Local\data\raw\FXCM\USOIL\RAW FXCM_USOIL 5S FROM 2026-09-21 22-54-30 TO 2026-09-29 10-51-55.json,Immutable RAW and metadata move to external storage,False,5f7ed2df840fd25295cb8dd7746122b8b0af4722f500656afb1f266bba3132cd
data/raw/FXCM/USOIL/RAW FXCM_USOIL 5S FROM 2026-09-21 22-54-30 TO 2026-09-29 10-51-55.json.meta.json,MARKET_DATA,641,False,01661c30396cdd1abe9c776eb721bb50fcf4daca594b7ac44ba4be9bdd361414,MOVE_OUTSIDE_REPOSITORY,D:\My-Projects\TradingBot-Local\data\raw\FXCM\USOIL\RAW FXCM_USOIL 5S FROM 2026-09-21 22-54-30 TO 2026-09-29 10-51-55.json.meta.json,Immutable RAW and metadata move to external storage,False,01661c30396cdd1abe9c776eb721bb50fcf4daca594b7ac44ba4be9bdd361414
docs/AGEN.md,DOCUMENTATION,108620,True,6550d9c63e227c60b767eff731cc610f7a453400a01b82fc0b38eb0624c37b20,MOVE_OUTSIDE_REPOSITORY,D:\My-Projects\TradingBot-Local\archive\docs\AGEN.md,Superseded reference/operating-guide/request; preserve historical bytes externally,False,6550d9c63e227c60b767eff731cc610f7a453400a01b82fc0b38eb0624c37b20
docs/Complete Project Engineering Audit.md,DOCUMENTATION,55560,True,7a45eb49dbe2cb4b9d94f45643317b0b97353057f3ff68abc11bc616d3cd5c4b,MOVE_OUTSIDE_REPOSITORY,D:\My-Projects\TradingBot-Local\archive\docs\Complete Project Engineering Audit.md,Superseded reference/operating-guide/request; preserve historical bytes externally,False,7a45eb49dbe2cb4b9d94f45643317b0b97353057f3ff68abc11bc616d3cd5c4b
docs/TradingBot — High-Performance Zero-Difference Refactor Specification.md,DOCUMENTATION,24389,True,a229d89090185074062dbf3b96482a1b09146d2b4c4d9fdede75f1654f8853bb,MOVE,docs/development/Zero_Difference_Refactor_Specification.md,Organize durable documentation by purpose,True,a229d89090185074062dbf3b96482a1b09146d2b4c4d9fdede75f1654f8853bb
docs/TradingBot — Master Prompt for Complete Standalone Bullish & Bearish Algorithm References.md,DOCUMENTATION,34498,True,8ed775f8a78246757f2b774428d04f3fb6217b7f30d7f5d2c4822318a5b3493a,MOVE,docs/development/Standalone_Reference_Specification.md,Organize durable documentation by purpose,True,8ed775f8a78246757f2b774428d04f3fb6217b7f30d7f5d2c4822318a5b3493a
docs/TradingBot_AI_Operating_Protocol.md,DOCUMENTATION,65003,False,721dc1740011ba7fc2331c979b6e41da93f58bbc30f57b4185f51034f45a244e,MOVE,docs/development/TradingBot_AI_Operating_Protocol.md,Organize durable documentation by purpose,True,6f0731e0e400eb8276b5419a33818c0a973278e381a4b8d332555e431251d9e0
docs/TradingBot_Bearish_Algorithm_Reference.md,DOCUMENTATION,37419,True,7a9c5ad129bfe8c0c5370f4463bda8402189af559ba78302f7f47bb9a634b1e2,MOVE_OUTSIDE_REPOSITORY,D:\My-Projects\TradingBot-Local\archive\docs\TradingBot_Bearish_Algorithm_Reference.md,Superseded reference/operating-guide/request; preserve historical bytes externally,False,7a9c5ad129bfe8c0c5370f4463bda8402189af559ba78302f7f47bb9a634b1e2
docs/TradingBot_Bullish_Algorithm_Reference.md,DOCUMENTATION,17609,True,fbd63d9c1d0524cab9472c960d83de05ce61dc620c75dbe83417e810efec9338,MOVE_OUTSIDE_REPOSITORY,D:\My-Projects\TradingBot-Local\archive\docs\TradingBot_Bullish_Algorithm_Reference.md,Superseded reference/operating-guide/request; preserve historical bytes externally,False,fbd63d9c1d0524cab9472c960d83de05ce61dc620c75dbe83417e810efec9338
docs/TradingBot_Cleanup_Report.md,DOCUMENTATION,6468,True,8342dec809831c0cf8075bd0efddf3766fbab33c0aecf33368153e0a5fa65e72,MOVE,docs/history/TradingBot_Cleanup_Report.md,Organize durable documentation by purpose,True,048bab420a4ba5e8c9e9a0b3400bd7880ffb152e3656006bc4360e597a639710
docs/TradingBot_Project_Audit.md,DOCUMENTATION,17616,True,9e9b857f1944a96b73fd5431fbcf38b9b5175c1baed56cd6c01ba25ec37705e3,MOVE,docs/history/TradingBot_Project_Audit.md,Organize durable documentation by purpose,True,f58ae8992af324438a347170430d3b00dcaa97f26d824dcffdd0086d2175c77f
docs/TradingBot_Repository_Baseline.md,DOCUMENTATION,7386,True,713f5dfcfd1a601c291bd68e48451437cb4a181d067af6f94d50fd4f403fbd5a,MOVE,docs/history/TradingBot_Repository_Baseline.md,Organize durable documentation by purpose,True,23f7d05cd04db5896468cd014be84a5b9a64f7fa918d1bc3c2ef940378b46ff8
docs/TradingBot_Technical_Architecture.md,DOCUMENTATION,31401,True,76859eccadc2fdc2fa5fafaf1d227ed2067453a56bf6bf66c7addebfc8664573,MOVE,docs/architecture/TradingBot_Technical_Architecture.md,Organize durable documentation by purpose,True,9bb52c4bbada900af4627eabaedf93b2a3ab3c9a7990360e672209f320c13ff9
docs/TradingBot_UI_UX_Technical_Reference.md,DOCUMENTATION,23871,True,8449a588063cdc347bc42d9f58aefa86ebf2032aa4b7355df6e858e027f13cde,MOVE,docs/architecture/TradingBot_UI_UX_Technical_Reference.md,Organize durable documentation by purpose,True,8fa33d8f36b744a471874e80a176b999cf77709e34a81c3ac2065935661f4538
docs/TradingBot_Validation_Report.md,DOCUMENTATION,6951,True,55ebde7793480abd4ee45260232867f34592a8c9f7d4d75552319b0985de1cfb,MOVE,docs/history/TradingBot_Validation_Report.md,Organize durable documentation by purpose,True,3b01f9ab5b119d8528c038ea8d6d32e1f713e49be9625bbfe8b0b3bd3e0d0b5f
docs/graphify/.graphify_labels.json,GRAPHIFY_OUTPUT,6022,True,,MOVE_OUTSIDE_REPOSITORY,D:\My-Projects\TradingBot-Local\archive\docs\graphify\.graphify_labels.json,Preserve historical Graphify evidence outside repository,False,b27831c7e357769cb683a664c5f21d5d149b81ee74b1bfe400076821f2d1b57d
docs/graphify/cost.json,GRAPHIFY_OUTPUT,436,True,,MOVE_OUTSIDE_REPOSITORY,D:\My-Projects\TradingBot-Local\archive\docs\graphify\cost.json,Preserve historical Graphify evidence outside repository,False,ebc94697fbb469c248ba3fcef1bfa6d700c3c38ffc41ed08b4e91b098d1cc63a
docs/graphify/engine-audit-evidence.md,GRAPHIFY_OUTPUT,22774,True,,MOVE_OUTSIDE_REPOSITORY,D:\My-Projects\TradingBot-Local\archive\docs\graphify\engine-audit-evidence.md,Preserve historical Graphify evidence outside repository,False,5083c7a208300f2fe523ea00dcaa67accb1bfb2dbd7aa9db0ecae1b3b6d31a7e
docs/graphify/full-file-inventory.json,GRAPHIFY_OUTPUT,160549,True,,MOVE_OUTSIDE_REPOSITORY,D:\My-Projects\TradingBot-Local\archive\docs\graphify\full-file-inventory.json,Preserve historical Graphify evidence outside repository,False,e6b81e657730142d3ddd2cdff6ab9b28757331f6d1c10a6764c49445edb9eab0
docs/graphify/graph-health.json,GRAPHIFY_OUTPUT,12771,True,,MOVE_OUTSIDE_REPOSITORY,D:\My-Projects\TradingBot-Local\archive\docs\graphify\graph-health.json,Preserve historical Graphify evidence outside repository,False,da1ee5cb09c7c82c29020d01c7cebe15d2c274a090e43674606a86d03c3869e2
docs/graphify/graph.html,GRAPHIFY_OUTPUT,2631299,True,,MOVE_OUTSIDE_REPOSITORY,D:\My-Projects\TradingBot-Local\archive\docs\graphify\graph.html,Preserve historical Graphify evidence outside repository,False,9627f8905bb703695b6a8c0ec3c880658c550c53f315d9bcde3b35c087e45de7
docs/graphify/graph.json,GRAPHIFY_OUTPUT,3295707,True,,MOVE_OUTSIDE_REPOSITORY,D:\My-Projects\TradingBot-Local\archive\docs\graphify\graph.json,Preserve historical Graphify evidence outside repository,False,0a12d79e1235d6f5a6c5319b20ddbbde2ee0ac4e540eb14f157e5022d9bd3f92
docs/graphify/GRAPH_HEALTH.md,GRAPHIFY_OUTPUT,4703,True,,MOVE_OUTSIDE_REPOSITORY,D:\My-Projects\TradingBot-Local\archive\docs\graphify\GRAPH_HEALTH.md,Preserve historical Graphify evidence outside repository,False,9a9ae2077a638a0776717f7a871d4bb41b003f84a4471b190ddb03b69e57ca12
docs/graphify/GRAPH_REPORT.md,GRAPHIFY_OUTPUT,54529,True,,MOVE_OUTSIDE_REPOSITORY,D:\My-Projects\TradingBot-Local\archive\docs\graphify\GRAPH_REPORT.md,Preserve historical Graphify evidence outside repository,False,7df25cff11512b936c1c50529195220d8a16aa125428504a2ba415d707d82d9f
docs/graphify/manifest.json,GRAPHIFY_OUTPUT,1982,True,,MOVE_OUTSIDE_REPOSITORY,D:\My-Projects\TradingBot-Local\archive\docs\graphify\manifest.json,Preserve historical Graphify evidence outside repository,False,975c266d5f680ff8f6656019ead8330314db37826c160b39fd347faa9b3670d2
docs/graphify/README.md,GRAPHIFY_OUTPUT,3349,True,,MOVE_OUTSIDE_REPOSITORY,D:\My-Projects\TradingBot-Local\archive\docs\graphify\README.md,Preserve historical Graphify evidence outside repository,False,0d1c4aea67105a780fe5c3adc8c3c15a49e2fd9c62eb64a3592455f45a9b0328
docs/graphify/cache/last_query_stamp,GRAPHIFY_OUTPUT,18,False,,MOVE_OUTSIDE_REPOSITORY,D:\My-Projects\TradingBot-Local\archive\docs\graphify\cache\last_query_stamp,Preserve historical Graphify evidence outside repository,False,7841e332732b195999077d5c02ed3d274ee74698f4e6b57d7af7811813971297
docs/graphify/graphify-out/cache/stat-index.json,GRAPHIFY_OUTPUT,2104,True,,MOVE_OUTSIDE_REPOSITORY,D:\My-Projects\TradingBot-Local\archive\docs\graphify\graphify-out\cache\stat-index.json,Preserve historical Graphify evidence outside repository,False,435f77dba6472eb2fb9653c6e99e6303b6d75b5ef41cf125426e83ed7c1906b2
docs/graphify/rebuild-2026-09-19/graph-health.json,GRAPHIFY_OUTPUT,3238,True,,MOVE_OUTSIDE_REPOSITORY,D:\My-Projects\TradingBot-Local\archive\docs\graphify\rebuild-2026-09-19\graph-health.json,Preserve historical Graphify evidence outside repository,False,9c4279e8995a4a6a333e431979df3d417671802749553a8191c7cb220669d76f
docs/graphify/rebuild-2026-09-19/graph.html,GRAPHIFY_OUTPUT,1265555,True,,MOVE_OUTSIDE_REPOSITORY,D:\My-Projects\TradingBot-Local\archive\docs\graphify\rebuild-2026-09-19\graph.html,Preserve historical Graphify evidence outside repository,False,a05aaf5233e4bf8c4e122fe098adf80d3e8c2df6fc3827a767816bf90616fb1f
docs/graphify/rebuild-2026-09-19/graph.json,GRAPHIFY_OUTPUT,1602716,True,,MOVE_OUTSIDE_REPOSITORY,D:\My-Projects\TradingBot-Local\archive\docs\graphify\rebuild-2026-09-19\graph.json,Preserve historical Graphify evidence outside repository,False,81cb36cfdd19a3cfb4c91b422f26d617b2ebb5d576567997fccf4bc2492ca5fa
docs/graphify/rebuild-2026-09-19/GRAPH_REPORT.md,GRAPHIFY_OUTPUT,15227,True,,MOVE_OUTSIDE_REPOSITORY,D:\My-Projects\TradingBot-Local\archive\docs\graphify\rebuild-2026-09-19\GRAPH_REPORT.md,Preserve historical Graphify evidence outside repository,False,986a8f809a6f30059ce069effcb1f2c9311666c8b2c85c3678ec629a0e6c756d
docs/graphify/rebuild-2026-09-19/manifest.json,GRAPHIFY_OUTPUT,524,True,,MOVE_OUTSIDE_REPOSITORY,D:\My-Projects\TradingBot-Local\archive\docs\graphify\rebuild-2026-09-19\manifest.json,Preserve historical Graphify evidence outside repository,False,a1e635ddc7c4a7735fec58547212caa681d27fb6d2900b49d4a0a4466074bd87
docs/graphify/rebuild-2026-09-19/README.md,GRAPHIFY_OUTPUT,2223,True,,MOVE_OUTSIDE_REPOSITORY,D:\My-Projects\TradingBot-Local\archive\docs\graphify\rebuild-2026-09-19\README.md,Preserve historical Graphify evidence outside repository,False,5d57bfaccecb73e67fc72676b97ed3b228608753638c2ee0dc8cb97dea26268e
docs/graphify/rebuild-2026-09-19/raw-run/.graphify_analysis.json,GRAPHIFY_OUTPUT,67587,False,,MOVE_OUTSIDE_REPOSITORY,D:\My-Projects\TradingBot-Local\archive\docs\graphify\rebuild-2026-09-19\raw-run\.graphify_analysis.json,Preserve historical Graphify evidence outside repository,False,41a45fd0e9054460d7279a7f473bdb3af44f4dfbaa02f03cee2d2911e3ffb22e
docs/graphify/rebuild-2026-09-19/raw-run/.graphify_detect.json,GRAPHIFY_OUTPUT,10724,False,,MOVE_OUTSIDE_REPOSITORY,D:\My-Projects\TradingBot-Local\archive\docs\graphify\rebuild-2026-09-19\raw-run\.graphify_detect.json,Preserve historical Graphify evidence outside repository,False,157c29db8c691a770cf5ec166e858faec9a3ff21da2c1999255fc875c498973b
docs/graphify/rebuild-2026-09-19/raw-run/.graphify_extract.json,GRAPHIFY_OUTPUT,1203527,False,,MOVE_OUTSIDE_REPOSITORY,D:\My-Projects\TradingBot-Local\archive\docs\graphify\rebuild-2026-09-19\raw-run\.graphify_extract.json,Preserve historical Graphify evidence outside repository,False,c374d5a511840d61690c0c9bd07d8583657e86f2b4c26cc1169ff72f895957ea
docs/graphify/rebuild-2026-09-19/raw-run/.graphify_root,GRAPHIFY_OUTPUT,1,False,,MOVE_OUTSIDE_REPOSITORY,D:\My-Projects\TradingBot-Local\archive\docs\graphify\rebuild-2026-09-19\raw-run\.graphify_root,Preserve historical Graphify evidence outside repository,False,cdb4ee2aea69cc6a83331bbe96dc2caa9a299d21329efb0336fc02a82e1839a8
docs/graphify/rebuild-2026-09-19/raw-run/graph-health.json,GRAPHIFY_OUTPUT,3238,False,,MOVE_OUTSIDE_REPOSITORY,D:\My-Projects\TradingBot-Local\archive\docs\graphify\rebuild-2026-09-19\raw-run\graph-health.json,Preserve historical Graphify evidence outside repository,False,9c4279e8995a4a6a333e431979df3d417671802749553a8191c7cb220669d76f
docs/graphify/rebuild-2026-09-19/raw-run/graph.html,GRAPHIFY_OUTPUT,1265555,False,,MOVE_OUTSIDE_REPOSITORY,D:\My-Projects\TradingBot-Local\archive\docs\graphify\rebuild-2026-09-19\raw-run\graph.html,Preserve historical Graphify evidence outside repository,False,a05aaf5233e4bf8c4e122fe098adf80d3e8c2df6fc3827a767816bf90616fb1f
docs/graphify/rebuild-2026-09-19/raw-run/graph.json,GRAPHIFY_OUTPUT,1602716,False,,MOVE_OUTSIDE_REPOSITORY,D:\My-Projects\TradingBot-Local\archive\docs\graphify\rebuild-2026-09-19\raw-run\graph.json,Preserve historical Graphify evidence outside repository,False,81cb36cfdd19a3cfb4c91b422f26d617b2ebb5d576567997fccf4bc2492ca5fa
docs/graphify/rebuild-2026-09-19/raw-run/GRAPH_REPORT.md,GRAPHIFY_OUTPUT,15227,False,,MOVE_OUTSIDE_REPOSITORY,D:\My-Projects\TradingBot-Local\archive\docs\graphify\rebuild-2026-09-19\raw-run\GRAPH_REPORT.md,Preserve historical Graphify evidence outside repository,False,986a8f809a6f30059ce069effcb1f2c9311666c8b2c85c3678ec629a0e6c756d
docs/graphify/rebuild-2026-09-19/raw-run/manifest.json,GRAPHIFY_OUTPUT,524,False,,MOVE_OUTSIDE_REPOSITORY,D:\My-Projects\TradingBot-Local\archive\docs\graphify\rebuild-2026-09-19\raw-run\manifest.json,Preserve historical Graphify evidence outside repository,False,a1e635ddc7c4a7735fec58547212caa681d27fb6d2900b49d4a0a4466074bd87
docs/graphify/rebuild-2026-09-19/raw-run/cache/last_query_stamp,GRAPHIFY_OUTPUT,17,False,,MOVE_OUTSIDE_REPOSITORY,D:\My-Projects\TradingBot-Local\archive\docs\graphify\rebuild-2026-09-19\raw-run\cache\last_query_stamp,Preserve historical Graphify evidence outside repository,False,1bdbee0743ff3d6ff1358075a90634bc4d8e27b40a79aa4ac3665529a12e3b46
docs/graphify/rebuild-2026-09-19/raw-run/cache/stat-index.json,GRAPHIFY_OUTPUT,19818,False,,MOVE_OUTSIDE_REPOSITORY,D:\My-Projects\TradingBot-Local\archive\docs\graphify\rebuild-2026-09-19\raw-run\cache\stat-index.json,Preserve historical Graphify evidence outside repository,False,08a4c5ab3992774ae7c9b1b249839f3da975379ee44ef20783460e4822edb0ae
docs/graphify/rebuild-2026-09-19/raw-run/cache/ast/v0.9.42/3c701f3ef44cff648447980d5e5ab562ec4b32fb0f99b1e71c8cb2590c904297.json,GRAPHIFY_OUTPUT,186047,False,,MOVE_OUTSIDE_REPOSITORY,D:\My-Projects\TradingBot-Local\archive\docs\graphify\rebuild-2026-09-19\raw-run\cache\ast\v0.9.42\3c701f3ef44cff648447980d5e5ab562ec4b32fb0f99b1e71c8cb2590c904297.json,Preserve historical Graphify evidence outside repository,False,62bdaadd836630a0fd3972ce48bdfd09e4d710eb294b09327314a316123db1a0
docs/graphify/rebuild-2026-09-19/raw-run/cache/ast/v0.9.42/404ea36a44afe69ad575408215cae3c6443ab3292534ee3c9b4cbe7896f7fad4.json,GRAPHIFY_OUTPUT,126630,False,,MOVE_OUTSIDE_REPOSITORY,D:\My-Projects\TradingBot-Local\archive\docs\graphify\rebuild-2026-09-19\raw-run\cache\ast\v0.9.42\404ea36a44afe69ad575408215cae3c6443ab3292534ee3c9b4cbe7896f7fad4.json,Preserve historical Graphify evidence outside repository,False,54d6e3dca12d630ca3a031f87b254f2e7192e6b8cc07f481663fcd2f385668a6
docs/graphify/rebuild-2026-09-19/raw-run/cache/ast/v0.9.42/48621b5029f053dd047ab10014705d292baa1328c1e3511c6b4d51f863d62d13.json,GRAPHIFY_OUTPUT,5043,False,,MOVE_OUTSIDE_REPOSITORY,D:\My-Projects\TradingBot-Local\archive\docs\graphify\rebuild-2026-09-19\raw-run\cache\ast\v0.9.42\48621b5029f053dd047ab10014705d292baa1328c1e3511c6b4d51f863d62d13.json,Preserve historical Graphify evidence outside repository,False,084421f759baa0ea73654bbd931c9e5f7f421db83cc177db3f0e15ab7ae61327
docs/graphify/rebuild-2026-09-19/raw-run/cache/ast/v0.9.42/4906cd45302bbfab99180690d6bff55b7e6beb5eb22448147c41dbf7ad34b06b.json,GRAPHIFY_OUTPUT,111200,False,,MOVE_OUTSIDE_REPOSITORY,D:\My-Projects\TradingBot-Local\archive\docs\graphify\rebuild-2026-09-19\raw-run\cache\ast\v0.9.42\4906cd45302bbfab99180690d6bff55b7e6beb5eb22448147c41dbf7ad34b06b.json,Preserve historical Graphify evidence outside repository,False,fbe668c697c52b3e34ebeac03749e9c0677678dc9e7eafa48b003eb51eb6de83
docs/graphify/rebuild-2026-09-19/raw-run/cache/ast/v0.9.42/4adcad6c8628d257f5894526b1eaab4b2e136be3a5a471cbd42d1ba15f4699f2.json,GRAPHIFY_OUTPUT,10348,False,,MOVE_OUTSIDE_REPOSITORY,D:\My-Projects\TradingBot-Local\archive\docs\graphify\rebuild-2026-09-19\raw-run\cache\ast\v0.9.42\4adcad6c8628d257f5894526b1eaab4b2e136be3a5a471cbd42d1ba15f4699f2.json,Preserve historical Graphify evidence outside repository,False,9057c2fc4b88293f4e52b4b3f113d47b2c6cda23f50f54e2cc62d14a6f768b6e
docs/graphify/rebuild-2026-09-19/raw-run/cache/ast/v0.9.42/4dc10723517caf8b8ea88b036d7f778d4d6ad1796ecdd8d6eb0a69f357a6d6d0.json,GRAPHIFY_OUTPUT,39355,False,,MOVE_OUTSIDE_REPOSITORY,D:\My-Projects\TradingBot-Local\archive\docs\graphify\rebuild-2026-09-19\raw-run\cache\ast\v0.9.42\4dc10723517caf8b8ea88b036d7f778d4d6ad1796ecdd8d6eb0a69f357a6d6d0.json,Preserve historical Graphify evidence outside repository,False,59a33c7773d1be3cf4649386f20fb09574e853f6180249583a9216c14880b20d
docs/graphify/rebuild-2026-09-19/raw-run/cache/ast/v0.9.42/62a0bab017e9131e8c48229520a27b7f882110841254e2ad675c5723ef2718db.json,GRAPHIFY_OUTPUT,77082,False,,MOVE_OUTSIDE_REPOSITORY,D:\My-Projects\TradingBot-Local\archive\docs\graphify\rebuild-2026-09-19\raw-run\cache\ast\v0.9.42\62a0bab017e9131e8c48229520a27b7f882110841254e2ad675c5723ef2718db.json,Preserve historical Graphify evidence outside repository,False,6f8064c3a4d51fbb16ba3dc8c0225d28dc5359c292663ce449574d8c0399c755
docs/graphify/rebuild-2026-09-19/raw-run/cache/ast/v0.9.42/67fc5d76fff132963cd6f0213100725787fe0357a49f9b0c78e6f18ea8c389aa.json,GRAPHIFY_OUTPUT,8152,False,,MOVE_OUTSIDE_REPOSITORY,D:\My-Projects\TradingBot-Local\archive\docs\graphify\rebuild-2026-09-19\raw-run\cache\ast\v0.9.42\67fc5d76fff132963cd6f0213100725787fe0357a49f9b0c78e6f18ea8c389aa.json,Preserve historical Graphify evidence outside repository,False,65c284f4c48e0d5f2eadc1401f98e29f630d3ac115202fc069bfbe1c7cfca479
docs/graphify/rebuild-2026-09-19/raw-run/cache/ast/v0.9.42/6a8a9f0742f70292566fe808b738ebd728e4e850d4fd54112e922197476a365a.json,GRAPHIFY_OUTPUT,610,False,,MOVE_OUTSIDE_REPOSITORY,D:\My-Projects\TradingBot-Local\archive\docs\graphify\rebuild-2026-09-19\raw-run\cache\ast\v0.9.42\6a8a9f0742f70292566fe808b738ebd728e4e850d4fd54112e922197476a365a.json,Preserve historical Graphify evidence outside repository,False,3cb02c561adcfbd7aa7a91dd259ebf9d86d447bf827c0ee993585f1e7b841d0a
docs/graphify/rebuild-2026-09-19/raw-run/cache/ast/v0.9.42/a0ef83100cb4bea3f52e34b5eabe83f81a6278262d1b8fe73fd3b34c40903e9e.json,GRAPHIFY_OUTPUT,1030,False,,MOVE_OUTSIDE_REPOSITORY,D:\My-Projects\TradingBot-Local\archive\docs\graphify\rebuild-2026-09-19\raw-run\cache\ast\v0.9.42\a0ef83100cb4bea3f52e34b5eabe83f81a6278262d1b8fe73fd3b34c40903e9e.json,Preserve historical Graphify evidence outside repository,False,fa8746238a2f206e91686df0ef6833dede6360555aa90a9171ad8442383910d5
docs/graphify/rebuild-2026-09-19/raw-run/cache/ast/v0.9.42/b52902d88d029d8136ed401e05f582097743340cf84daa7cbc1d2f5508b7009f.json,GRAPHIFY_OUTPUT,154484,False,,MOVE_OUTSIDE_REPOSITORY,D:\My-Projects\TradingBot-Local\archive\docs\graphify\rebuild-2026-09-19\raw-run\cache\ast\v0.9.42\b52902d88d029d8136ed401e05f582097743340cf84daa7cbc1d2f5508b7009f.json,Preserve historical Graphify evidence outside repository,False,c329aa1c99337c76f57d6cf4c85028aba908b4a0f94150635e99778b4dbe4000
docs/graphify/rebuild-2026-09-19/raw-run/cache/ast/v0.9.42/b903b26bb051a83de0e18d3f99fe08a3bf1bbf288a4c9a4a7b08a040444b1ae4.json,GRAPHIFY_OUTPUT,215500,False,,MOVE_OUTSIDE_REPOSITORY,D:\My-Projects\TradingBot-Local\archive\docs\graphify\rebuild-2026-09-19\raw-run\cache\ast\v0.9.42\b903b26bb051a83de0e18d3f99fe08a3bf1bbf288a4c9a4a7b08a040444b1ae4.json,Preserve historical Graphify evidence outside repository,False,227a6a1b9ae109be0c8e5be7e5bf44dc601873c84c2ba539ced87f8bf531177d
docs/graphify/rebuild-2026-09-19/raw-run/cache/ast/v0.9.42/ba4e4c200fd5859d530f74c695ffb50d05d1d3b2c087ef5d2fad4da14ad98f8f.json,GRAPHIFY_OUTPUT,953,False,,MOVE_OUTSIDE_REPOSITORY,D:\My-Projects\TradingBot-Local\archive\docs\graphify\rebuild-2026-09-19\raw-run\cache\ast\v0.9.42\ba4e4c200fd5859d530f74c695ffb50d05d1d3b2c087ef5d2fad4da14ad98f8f.json,Preserve historical Graphify evidence outside repository,False,9a05e0252fe5b2cb77b1461a7118785aa704d39d876f77659549d51a196927e0
docs/graphify/rebuild-2026-09-19/raw-run/cache/ast/v0.9.42/bfd1d7a63c38c9ea5e83f5e940488470d53e923b4bbd4884f0c4fda873715bf0.json,GRAPHIFY_OUTPUT,678,False,,MOVE_OUTSIDE_REPOSITORY,D:\My-Projects\TradingBot-Local\archive\docs\graphify\rebuild-2026-09-19\raw-run\cache\ast\v0.9.42\bfd1d7a63c38c9ea5e83f5e940488470d53e923b4bbd4884f0c4fda873715bf0.json,Preserve historical Graphify evidence outside repository,False,0fe81320e68f6cb62e8f570140c2eddd6dff5789796eba783026487de25d5958
docs/graphify/rebuild-2026-09-19/raw-run/cache/ast/v0.9.42/c9bbd20cf52d269464ec40dbe4266d8a3e3d9d0d16dbac5d9693334dfe6ac134.json,GRAPHIFY_OUTPUT,10811,False,,MOVE_OUTSIDE_REPOSITORY,D:\My-Projects\TradingBot-Local\archive\docs\graphify\rebuild-2026-09-19\raw-run\cache\ast\v0.9.42\c9bbd20cf52d269464ec40dbe4266d8a3e3d9d0d16dbac5d9693334dfe6ac134.json,Preserve historical Graphify evidence outside repository,False,e28b8baecaeacac52888c49c5e28ae2a93c8ccc01f45c346af334bdcfc83664b
docs/graphify/rebuild-2026-09-19/raw-run/cache/ast/v0.9.42/f46cd562f9dc7c450a7a71e850ba4eecb95a71f7ce34338f1b5a5d632cf56c7d.json,GRAPHIFY_OUTPUT,6427,False,,MOVE_OUTSIDE_REPOSITORY,D:\My-Projects\TradingBot-Local\archive\docs\graphify\rebuild-2026-09-19\raw-run\cache\ast\v0.9.42\f46cd562f9dc7c450a7a71e850ba4eecb95a71f7ce34338f1b5a5d632cf56c7d.json,Preserve historical Graphify evidence outside repository,False,3c532a212133e559f27d97b337a9a5cfee7f5adb8f1f8d005fff5fbbb12b013f
docs/graphify/rebuild-2026-09-23/.graphify_labels.json,GRAPHIFY_OUTPUT,6022,True,,MOVE_OUTSIDE_REPOSITORY,D:\My-Projects\TradingBot-Local\archive\docs\graphify\rebuild-2026-09-23\.graphify_labels.json,Preserve historical Graphify evidence outside repository,False,b27831c7e357769cb683a664c5f21d5d149b81ee74b1bfe400076821f2d1b57d
docs/graphify/rebuild-2026-09-23/build_graph.py,GRAPHIFY_OUTPUT,50559,True,,MOVE_OUTSIDE_REPOSITORY,D:\My-Projects\TradingBot-Local\archive\docs\graphify\rebuild-2026-09-23\build_graph.py,Preserve historical Graphify evidence outside repository,False,f25c3cad4e97821fdea1058603cd338cdcb25187b22dfbdf527e7003bdfb33a2
docs/graphify/rebuild-2026-09-23/cost.json,GRAPHIFY_OUTPUT,436,True,,MOVE_OUTSIDE_REPOSITORY,D:\My-Projects\TradingBot-Local\archive\docs\graphify\rebuild-2026-09-23\cost.json,Preserve historical Graphify evidence outside repository,False,ebc94697fbb469c248ba3fcef1bfa6d700c3c38ffc41ed08b4e91b098d1cc63a
docs/graphify/rebuild-2026-09-23/graph-health.json,GRAPHIFY_OUTPUT,12771,True,,MOVE_OUTSIDE_REPOSITORY,D:\My-Projects\TradingBot-Local\archive\docs\graphify\rebuild-2026-09-23\graph-health.json,Preserve historical Graphify evidence outside repository,False,da1ee5cb09c7c82c29020d01c7cebe15d2c274a090e43674606a86d03c3869e2
docs/graphify/rebuild-2026-09-23/graph.html,GRAPHIFY_OUTPUT,2631299,True,,MOVE_OUTSIDE_REPOSITORY,D:\My-Projects\TradingBot-Local\archive\docs\graphify\rebuild-2026-09-23\graph.html,Preserve historical Graphify evidence outside repository,False,9627f8905bb703695b6a8c0ec3c880658c550c53f315d9bcde3b35c087e45de7
docs/graphify/rebuild-2026-09-23/graph.json,GRAPHIFY_OUTPUT,3295707,True,,MOVE_OUTSIDE_REPOSITORY,D:\My-Projects\TradingBot-Local\archive\docs\graphify\rebuild-2026-09-23\graph.json,Preserve historical Graphify evidence outside repository,False,0a12d79e1235d6f5a6c5319b20ddbbde2ee0ac4e540eb14f157e5022d9bd3f92
docs/graphify/rebuild-2026-09-23/GRAPH_HEALTH.md,GRAPHIFY_OUTPUT,4703,True,,MOVE_OUTSIDE_REPOSITORY,D:\My-Projects\TradingBot-Local\archive\docs\graphify\rebuild-2026-09-23\GRAPH_HEALTH.md,Preserve historical Graphify evidence outside repository,False,9a9ae2077a638a0776717f7a871d4bb41b003f84a4471b190ddb03b69e57ca12
docs/graphify/rebuild-2026-09-23/GRAPH_REPORT.md,GRAPHIFY_OUTPUT,54529,True,,MOVE_OUTSIDE_REPOSITORY,D:\My-Projects\TradingBot-Local\archive\docs\graphify\rebuild-2026-09-23\GRAPH_REPORT.md,Preserve historical Graphify evidence outside repository,False,7df25cff11512b936c1c50529195220d8a16aa125428504a2ba415d707d82d9f
docs/graphify/rebuild-2026-09-23/manifest.json,GRAPHIFY_OUTPUT,1982,True,,MOVE_OUTSIDE_REPOSITORY,D:\My-Projects\TradingBot-Local\archive\docs\graphify\rebuild-2026-09-23\manifest.json,Preserve historical Graphify evidence outside repository,False,975c266d5f680ff8f6656019ead8330314db37826c160b39fd347faa9b3670d2
docs/graphify/rebuild-2026-09-23/README.md,GRAPHIFY_OUTPUT,2104,True,,MOVE_OUTSIDE_REPOSITORY,D:\My-Projects\TradingBot-Local\archive\docs\graphify\rebuild-2026-09-23\README.md,Preserve historical Graphify evidence outside repository,False,15509b89a080ee9f624223c4dd84d6d040c40e18aff131a1aa13d1804fbc362b
docs/graphify/rebuild-2026-09-23/cache/last_query_stamp,GRAPHIFY_OUTPUT,18,False,,MOVE_OUTSIDE_REPOSITORY,D:\My-Projects\TradingBot-Local\archive\docs\graphify\rebuild-2026-09-23\cache\last_query_stamp,Preserve historical Graphify evidence outside repository,False,bba470080aa38fc891e196302d8cc86cd017d8a1721cb5ad2de11627513600c4
docs/graphify/rebuild-2026-09-23/raw-run/.graphify_analysis.json,GRAPHIFY_OUTPUT,232692,False,,MOVE_OUTSIDE_REPOSITORY,D:\My-Projects\TradingBot-Local\archive\docs\graphify\rebuild-2026-09-23\raw-run\.graphify_analysis.json,Preserve historical Graphify evidence outside repository,False,7bc1955d6815a46cec10470fbfa1ac09589f3e0fb457ee245d829bb0e4b81ce7
docs/graphify/rebuild-2026-09-23/raw-run/.graphify_detect.json,GRAPHIFY_OUTPUT,12341,False,,MOVE_OUTSIDE_REPOSITORY,D:\My-Projects\TradingBot-Local\archive\docs\graphify\rebuild-2026-09-23\raw-run\.graphify_detect.json,Preserve historical Graphify evidence outside repository,False,cb9e65871dba1fbbaef0402681ae0f5c4bd81f5ab80109f7171ea25a58d53f94
docs/graphify/rebuild-2026-09-23/raw-run/.graphify_extract.json,GRAPHIFY_OUTPUT,2798223,False,,MOVE_OUTSIDE_REPOSITORY,D:\My-Projects\TradingBot-Local\archive\docs\graphify\rebuild-2026-09-23\raw-run\.graphify_extract.json,Preserve historical Graphify evidence outside repository,False,e2263e938fd866d075d958032ec096804d77a32898caff54cfa61c405b0cf41e
docs/graphify/rebuild-2026-09-23/raw-run/.graphify_extract_raw.json,GRAPHIFY_OUTPUT,2612246,False,,MOVE_OUTSIDE_REPOSITORY,D:\My-Projects\TradingBot-Local\archive\docs\graphify\rebuild-2026-09-23\raw-run\.graphify_extract_raw.json,Preserve historical Graphify evidence outside repository,False,50b6499dea0dd571c67cd71ca42cc5a71f30c120164eebd07a6b3b9bcd1697b8
docs/graphify/rebuild-2026-09-23/raw-run/.graphify_scope.json,GRAPHIFY_OUTPUT,718,False,,MOVE_OUTSIDE_REPOSITORY,D:\My-Projects\TradingBot-Local\archive\docs\graphify\rebuild-2026-09-23\raw-run\.graphify_scope.json,Preserve historical Graphify evidence outside repository,False,492413510c4982de0ffca3028d4ddf908b55e07823b2a0e56cdc20b58465c55d
docs/graphify/rebuild-2026-09-23/__pycache__/build_graph.cpython-314.pyc,CACHE,54264,False,,MOVE_OUTSIDE_REPOSITORY,D:\My-Projects\TradingBot-Local\archive\docs\graphify\rebuild-2026-09-23\__pycache__\build_graph.cpython-314.pyc,Preserve historical Graphify evidence outside repository,False,f90d9c58ba97aad2d7033fc87d75da8d0702eb84c7885009648078994e93a685
docs/hpzr2-regression-2026-09-23/frozen-baseline-source.zip,VALIDATION_OUTPUT,102055,False,080e7ea2264ae109b14de3c0a34823d1b212c1ea0aaed3045124f794267fec03,MOVE_OUTSIDE_REPOSITORY,D:\My-Projects\TradingBot-Local\archive\docs\hpzr2-regression-2026-09-23\frozen-baseline-source.zip,Preserve irreplaceable historical regression evidence externally,False,080e7ea2264ae109b14de3c0a34823d1b212c1ea0aaed3045124f794267fec03
docs/hpzr2-regression-2026-09-23/production-change.diff,VALIDATION_OUTPUT,677,False,5c4cf7cc4d7ffe2f390b8a656464e9b392695d442ee0251ef030742b90887b91,MOVE_OUTSIDE_REPOSITORY,D:\My-Projects\TradingBot-Local\archive\docs\hpzr2-regression-2026-09-23\production-change.diff,Preserve irreplaceable historical regression evidence externally,False,5c4cf7cc4d7ffe2f390b8a656464e9b392695d442ee0251ef030742b90887b91
docs/hpzr2-regression-2026-09-23/README.md,VALIDATION_OUTPUT,5676,False,78c0232fcec2411c9d13c1e48b00376fa7aa4f40d03edc1112c1d851fa521b2e,MOVE_OUTSIDE_REPOSITORY,D:\My-Projects\TradingBot-Local\archive\docs\hpzr2-regression-2026-09-23\README.md,Preserve irreplaceable historical regression evidence externally,False,78c0232fcec2411c9d13c1e48b00376fa7aa4f40d03edc1112c1d851fa521b2e
docs/hpzr2-regression-2026-09-23/summary.json,VALIDATION_OUTPUT,13202,False,a219956670799bffa4009dbc38fe4a9e2cef00959710bcb4003217e982033db6,MOVE_OUTSIDE_REPOSITORY,D:\My-Projects\TradingBot-Local\archive\docs\hpzr2-regression-2026-09-23\summary.json,Preserve irreplaceable historical regression evidence externally,False,a219956670799bffa4009dbc38fe4a9e2cef00959710bcb4003217e982033db6
docs/hpzr2-regression-2026-09-23/bridge-output/case-01.baseline.json.gz,VALIDATION_OUTPUT,70562,False,301a4a4e0444adefa843a2c603ba9baaef75b34aefaa52187c752b0c601d8162,MOVE_OUTSIDE_REPOSITORY,D:\My-Projects\TradingBot-Local\archive\docs\hpzr2-regression-2026-09-23\bridge-output\case-01.baseline.json.gz,Preserve irreplaceable historical regression evidence externally,False,301a4a4e0444adefa843a2c603ba9baaef75b34aefaa52187c752b0c601d8162
docs/hpzr2-regression-2026-09-23/bridge-output/case-01.candidate.json.gz,VALIDATION_OUTPUT,70563,False,6ec19e256d2fa23bae68a4ff8aa2bd78d7bf32cbc65a455d254fc83e44b730c1,MOVE_OUTSIDE_REPOSITORY,D:\My-Projects\TradingBot-Local\archive\docs\hpzr2-regression-2026-09-23\bridge-output\case-01.candidate.json.gz,Preserve irreplaceable historical regression evidence externally,False,6ec19e256d2fa23bae68a4ff8aa2bd78d7bf32cbc65a455d254fc83e44b730c1
docs/hpzr2-regression-2026-09-23/bridge-output/case-02.baseline.json.gz,VALIDATION_OUTPUT,173302,False,11b1b55de438a214bdab9f1d64bba18699217105bd6c6735105d2951eeb4ba00,MOVE_OUTSIDE_REPOSITORY,D:\My-Projects\TradingBot-Local\archive\docs\hpzr2-regression-2026-09-23\bridge-output\case-02.baseline.json.gz,Preserve irreplaceable historical regression evidence externally,False,11b1b55de438a214bdab9f1d64bba18699217105bd6c6735105d2951eeb4ba00
docs/hpzr2-regression-2026-09-23/bridge-output/case-02.candidate.json.gz,VALIDATION_OUTPUT,173303,False,565a1a78222fa075d5ac32ddf4f1e6e4f77ee57c9fd86f005fd46c978938a0f1,MOVE_OUTSIDE_REPOSITORY,D:\My-Projects\TradingBot-Local\archive\docs\hpzr2-regression-2026-09-23\bridge-output\case-02.candidate.json.gz,Preserve irreplaceable historical regression evidence externally,False,565a1a78222fa075d5ac32ddf4f1e6e4f77ee57c9fd86f005fd46c978938a0f1
docs/hpzr2-regression-2026-09-23/bridge-output/case-03.baseline.json.gz,VALIDATION_OUTPUT,262633,False,8e5f76a72fd0485932ac382cafa778447ee8e19185c3c63de5432a02a16a2615,MOVE_OUTSIDE_REPOSITORY,D:\My-Projects\TradingBot-Local\archive\docs\hpzr2-regression-2026-09-23\bridge-output\case-03.baseline.json.gz,Preserve irreplaceable historical regression evidence externally,False,8e5f76a72fd0485932ac382cafa778447ee8e19185c3c63de5432a02a16a2615
docs/hpzr2-regression-2026-09-23/bridge-output/case-03.candidate.json.gz,VALIDATION_OUTPUT,262634,False,1b17c3638f63ff26673b1489ba0721e1d138fe3acffa573bf4f1309f6e348355,MOVE_OUTSIDE_REPOSITORY,D:\My-Projects\TradingBot-Local\archive\docs\hpzr2-regression-2026-09-23\bridge-output\case-03.candidate.json.gz,Preserve irreplaceable historical regression evidence externally,False,1b17c3638f63ff26673b1489ba0721e1d138fe3acffa573bf4f1309f6e348355
docs/hpzr2-regression-2026-09-23/bridge-output/case-04.baseline.json.gz,VALIDATION_OUTPUT,166943,False,ab98babf67f86826473c1173f693cac098e1545b4ee6dd5ccb1f775aa92d2d05,MOVE_OUTSIDE_REPOSITORY,D:\My-Projects\TradingBot-Local\archive\docs\hpzr2-regression-2026-09-23\bridge-output\case-04.baseline.json.gz,Preserve irreplaceable historical regression evidence externally,False,ab98babf67f86826473c1173f693cac098e1545b4ee6dd5ccb1f775aa92d2d05
docs/hpzr2-regression-2026-09-23/bridge-output/case-04.candidate.json.gz,VALIDATION_OUTPUT,166944,False,4c559ac92f18d436fedab59acada95e0c7a2ad7eafc4dfed48e60ebb0cbc8549,MOVE_OUTSIDE_REPOSITORY,D:\My-Projects\TradingBot-Local\archive\docs\hpzr2-regression-2026-09-23\bridge-output\case-04.candidate.json.gz,Preserve irreplaceable historical regression evidence externally,False,4c559ac92f18d436fedab59acada95e0c7a2ad7eafc4dfed48e60ebb0cbc8549
docs/hpzr2-regression-2026-09-23/bridge-output/case-05.baseline.json.gz,VALIDATION_OUTPUT,847309,False,bf7efa6660a9b898d124c8ba2b0e2e19a77cca45d114aca5b6e0ebf25c1aeea1,MOVE_OUTSIDE_REPOSITORY,D:\My-Projects\TradingBot-Local\archive\docs\hpzr2-regression-2026-09-23\bridge-output\case-05.baseline.json.gz,Preserve irreplaceable historical regression evidence externally,False,bf7efa6660a9b898d124c8ba2b0e2e19a77cca45d114aca5b6e0ebf25c1aeea1
docs/hpzr2-regression-2026-09-23/bridge-output/case-05.candidate.json.gz,VALIDATION_OUTPUT,847310,False,9234742807f5e5216fa8822674ad564c66dca9ca482a0e36492b1ddf7fca763d,MOVE_OUTSIDE_REPOSITORY,D:\My-Projects\TradingBot-Local\archive\docs\hpzr2-regression-2026-09-23\bridge-output\case-05.candidate.json.gz,Preserve irreplaceable historical regression evidence externally,False,9234742807f5e5216fa8822674ad564c66dca9ca482a0e36492b1ddf7fca763d
docs/hpzr2-regression-2026-09-23/bridge-output/manifest.json,VALIDATION_OUTPUT,58437,False,32973a9ab25d49eed9fb90f47d1131100bcc46187e4145c4cf62bdb5fa1f0fac,MOVE_OUTSIDE_REPOSITORY,D:\My-Projects\TradingBot-Local\archive\docs\hpzr2-regression-2026-09-23\bridge-output\manifest.json,Preserve irreplaceable historical regression evidence externally,False,32973a9ab25d49eed9fb90f47d1131100bcc46187e4145c4cf62bdb5fa1f0fac
docs/hpzr2-regression-2026-09-23/bridge-output-large/case-01.baseline.json.gz,VALIDATION_OUTPUT,1646393,False,99353d1998af25633bddd62c1cd0c88c7596712cc432794373d0e6f445bd0b25,MOVE_OUTSIDE_REPOSITORY,D:\My-Projects\TradingBot-Local\archive\docs\hpzr2-regression-2026-09-23\bridge-output-large\case-01.baseline.json.gz,Preserve irreplaceable historical regression evidence externally,False,99353d1998af25633bddd62c1cd0c88c7596712cc432794373d0e6f445bd0b25
docs/hpzr2-regression-2026-09-23/bridge-output-large/case-01.candidate.json.gz,VALIDATION_OUTPUT,1646394,False,915f992a0b5cfcb8f539f9ad03eb852b5a3b528c5dad18abc528c67758518fc3,MOVE_OUTSIDE_REPOSITORY,D:\My-Projects\TradingBot-Local\archive\docs\hpzr2-regression-2026-09-23\bridge-output-large\case-01.candidate.json.gz,Preserve irreplaceable historical regression evidence externally,False,915f992a0b5cfcb8f539f9ad03eb852b5a3b528c5dad18abc528c67758518fc3
docs/hpzr2-regression-2026-09-23/bridge-output-large/case-02.baseline.json.gz,VALIDATION_OUTPUT,608955,False,6ebe96947aa2b6c7e88c7ee2cc257632d80c07ffe2061989b4c380d726e40d89,MOVE_OUTSIDE_REPOSITORY,D:\My-Projects\TradingBot-Local\archive\docs\hpzr2-regression-2026-09-23\bridge-output-large\case-02.baseline.json.gz,Preserve irreplaceable historical regression evidence externally,False,6ebe96947aa2b6c7e88c7ee2cc257632d80c07ffe2061989b4c380d726e40d89
docs/hpzr2-regression-2026-09-23/bridge-output-large/case-02.candidate.json.gz,VALIDATION_OUTPUT,608956,False,07105fbdc10e353c65009faf14de67cab9948619e566ad0c094b5321143956b9,MOVE_OUTSIDE_REPOSITORY,D:\My-Projects\TradingBot-Local\archive\docs\hpzr2-regression-2026-09-23\bridge-output-large\case-02.candidate.json.gz,Preserve irreplaceable historical regression evidence externally,False,07105fbdc10e353c65009faf14de67cab9948619e566ad0c094b5321143956b9
docs/hpzr2-regression-2026-09-23/bridge-output-large/manifest.json,VALIDATION_OUTPUT,24901,False,b62f6510de14a8ee44e9020e7cccebfb79fabbafaca6df2bccfee54477ce1a13,MOVE_OUTSIDE_REPOSITORY,D:\My-Projects\TradingBot-Local\archive\docs\hpzr2-regression-2026-09-23\bridge-output-large\manifest.json,Preserve irreplaceable historical regression evidence externally,False,b62f6510de14a8ee44e9020e7cccebfb79fabbafaca6df2bccfee54477ce1a13
docs/hpzr2-regression-2026-09-23/default/case-01.baseline.json.gz,VALIDATION_OUTPUT,40227,False,62c3e47e8f726c9a13936f78219257ab76fc6383c1c1d460ba4d26c3cb16abd1,MOVE_OUTSIDE_REPOSITORY,D:\My-Projects\TradingBot-Local\archive\docs\hpzr2-regression-2026-09-23\default\case-01.baseline.json.gz,Preserve irreplaceable historical regression evidence externally,False,62c3e47e8f726c9a13936f78219257ab76fc6383c1c1d460ba4d26c3cb16abd1
docs/hpzr2-regression-2026-09-23/default/case-01.candidate.json.gz,VALIDATION_OUTPUT,40228,False,57760765bef1445b2a4990ad28662a362a762df6c09fd3cfbd68adc09dc4d378,MOVE_OUTSIDE_REPOSITORY,D:\My-Projects\TradingBot-Local\archive\docs\hpzr2-regression-2026-09-23\default\case-01.candidate.json.gz,Preserve irreplaceable historical regression evidence externally,False,57760765bef1445b2a4990ad28662a362a762df6c09fd3cfbd68adc09dc4d378
docs/hpzr2-regression-2026-09-23/default/case-02.baseline.json.gz,VALIDATION_OUTPUT,100008,False,a5c53a57bc709a62680097d003f12faca78c0165834b1bccef72a4b9e455c941,MOVE_OUTSIDE_REPOSITORY,D:\My-Projects\TradingBot-Local\archive\docs\hpzr2-regression-2026-09-23\default\case-02.baseline.json.gz,Preserve irreplaceable historical regression evidence externally,False,a5c53a57bc709a62680097d003f12faca78c0165834b1bccef72a4b9e455c941
docs/hpzr2-regression-2026-09-23/default/case-02.candidate.json.gz,VALIDATION_OUTPUT,100009,False,3e5ba553437237d3f2db646ec4ce5032361f4be159a52f635cfa9f8d97f57e87,MOVE_OUTSIDE_REPOSITORY,D:\My-Projects\TradingBot-Local\archive\docs\hpzr2-regression-2026-09-23\default\case-02.candidate.json.gz,Preserve irreplaceable historical regression evidence externally,False,3e5ba553437237d3f2db646ec4ce5032361f4be159a52f635cfa9f8d97f57e87
docs/hpzr2-regression-2026-09-23/default/case-03.baseline.json.gz,VALIDATION_OUTPUT,150338,False,957e9490023634093a3f8f556b5a78e89dbf8a2cf6a77826937aa546866e28cd,MOVE_OUTSIDE_REPOSITORY,D:\My-Projects\TradingBot-Local\archive\docs\hpzr2-regression-2026-09-23\default\case-03.baseline.json.gz,Preserve irreplaceable historical regression evidence externally,False,957e9490023634093a3f8f556b5a78e89dbf8a2cf6a77826937aa546866e28cd
docs/hpzr2-regression-2026-09-23/default/case-03.candidate.json.gz,VALIDATION_OUTPUT,150339,False,39c8f492bf0004ea8abc237f3985a8a3e43db70855cee90f42f3dd853b8a64f2,MOVE_OUTSIDE_REPOSITORY,D:\My-Projects\TradingBot-Local\archive\docs\hpzr2-regression-2026-09-23\default\case-03.candidate.json.gz,Preserve irreplaceable historical regression evidence externally,False,39c8f492bf0004ea8abc237f3985a8a3e43db70855cee90f42f3dd853b8a64f2
docs/hpzr2-regression-2026-09-23/default/case-04.baseline.json.gz,VALIDATION_OUTPUT,95625,False,f0df2c936ab756fb8ef220399a44964fc5c3495a11c7175ad78a76a2c474079b,MOVE_OUTSIDE_REPOSITORY,D:\My-Projects\TradingBot-Local\archive\docs\hpzr2-regression-2026-09-23\default\case-04.baseline.json.gz,Preserve irreplaceable historical regression evidence externally,False,f0df2c936ab756fb8ef220399a44964fc5c3495a11c7175ad78a76a2c474079b
docs/hpzr2-regression-2026-09-23/default/case-04.candidate.json.gz,VALIDATION_OUTPUT,95626,False,4c34e72eba76567d9c277a92d2a97d7f7376e400995cf5cbbd0be9473cf03de4,MOVE_OUTSIDE_REPOSITORY,D:\My-Projects\TradingBot-Local\archive\docs\hpzr2-regression-2026-09-23\default\case-04.candidate.json.gz,Preserve irreplaceable historical regression evidence externally,False,4c34e72eba76567d9c277a92d2a97d7f7376e400995cf5cbbd0be9473cf03de4
docs/hpzr2-regression-2026-09-23/default/case-05.baseline.json.gz,VALIDATION_OUTPUT,479932,False,6f0094d7ab0e4d52ec062745e19b222fe0feacdb448dc0e6d2b4686b1eccf65f,MOVE_OUTSIDE_REPOSITORY,D:\My-Projects\TradingBot-Local\archive\docs\hpzr2-regression-2026-09-23\default\case-05.baseline.json.gz,Preserve irreplaceable historical regression evidence externally,False,6f0094d7ab0e4d52ec062745e19b222fe0feacdb448dc0e6d2b4686b1eccf65f
docs/hpzr2-regression-2026-09-23/default/case-05.candidate.json.gz,VALIDATION_OUTPUT,479933,False,e25d107ce522eac284d3cf77067a5f5a1c9285e4c093b50cb9dfecb495a947e6,MOVE_OUTSIDE_REPOSITORY,D:\My-Projects\TradingBot-Local\archive\docs\hpzr2-regression-2026-09-23\default\case-05.candidate.json.gz,Preserve irreplaceable historical regression evidence externally,False,e25d107ce522eac284d3cf77067a5f5a1c9285e4c093b50cb9dfecb495a947e6
docs/hpzr2-regression-2026-09-23/default/case-06.baseline.json.gz,VALIDATION_OUTPUT,933916,False,faaae1644d5549346de0095224ad660ace6dcd3b1a3156c03492d7441204b6bf,MOVE_OUTSIDE_REPOSITORY,D:\My-Projects\TradingBot-Local\archive\docs\hpzr2-regression-2026-09-23\default\case-06.baseline.json.gz,Preserve irreplaceable historical regression evidence externally,False,faaae1644d5549346de0095224ad660ace6dcd3b1a3156c03492d7441204b6bf
docs/hpzr2-regression-2026-09-23/default/case-06.candidate.json.gz,VALIDATION_OUTPUT,933917,False,0e3f79f052792b600c45060e96e6993bd393cc8b6427132757c96b29d947cad9,MOVE_OUTSIDE_REPOSITORY,D:\My-Projects\TradingBot-Local\archive\docs\hpzr2-regression-2026-09-23\default\case-06.candidate.json.gz,Preserve irreplaceable historical regression evidence externally,False,0e3f79f052792b600c45060e96e6993bd393cc8b6427132757c96b29d947cad9
docs/hpzr2-regression-2026-09-23/default/case-07.baseline.json.gz,VALIDATION_OUTPUT,344952,False,c1a0632e9e62cf1f37cfbe47fa9ddbcd7075ef9c08cb360731b310073807bfbf,MOVE_OUTSIDE_REPOSITORY,D:\My-Projects\TradingBot-Local\archive\docs\hpzr2-regression-2026-09-23\default\case-07.baseline.json.gz,Preserve irreplaceable historical regression evidence externally,False,c1a0632e9e62cf1f37cfbe47fa9ddbcd7075ef9c08cb360731b310073807bfbf
docs/hpzr2-regression-2026-09-23/default/case-07.candidate.json.gz,VALIDATION_OUTPUT,344953,False,ac1f085fb6826cc3370d913b504818361b126c401a0ce5c7230f31bd426c5976,MOVE_OUTSIDE_REPOSITORY,D:\My-Projects\TradingBot-Local\archive\docs\hpzr2-regression-2026-09-23\default\case-07.candidate.json.gz,Preserve irreplaceable historical regression evidence externally,False,ac1f085fb6826cc3370d913b504818361b126c401a0ce5c7230f31bd426c5976
docs/hpzr2-regression-2026-09-23/default/manifest.json,VALIDATION_OUTPUT,75137,False,8b7f6ecbe7648577206455998de636fefd11bf97a7cf45a5f8542e0c24e94a51,MOVE_OUTSIDE_REPOSITORY,D:\My-Projects\TradingBot-Local\archive\docs\hpzr2-regression-2026-09-23\default\manifest.json,Preserve irreplaceable historical regression evidence externally,False,8b7f6ecbe7648577206455998de636fefd11bf97a7cf45a5f8542e0c24e94a51
docs/hpzr2-regression-2026-09-23/smoke-default/case-01.baseline.json.gz,VALIDATION_OUTPUT,40227,False,462ecc35afd3462c087e2ee380f72c8d282c9577ba807692e9a0233bd1705b5a,MOVE_OUTSIDE_REPOSITORY,D:\My-Projects\TradingBot-Local\archive\docs\hpzr2-regression-2026-09-23\smoke-default\case-01.baseline.json.gz,Preserve irreplaceable historical regression evidence externally,False,462ecc35afd3462c087e2ee380f72c8d282c9577ba807692e9a0233bd1705b5a
docs/hpzr2-regression-2026-09-23/smoke-default/case-01.candidate.json.gz,VALIDATION_OUTPUT,40228,False,24d75060dd8d44ca7a01a1e9cd2b05fdd9e57301a9a6feb90afb2d1f9a694ff0,MOVE_OUTSIDE_REPOSITORY,D:\My-Projects\TradingBot-Local\archive\docs\hpzr2-regression-2026-09-23\smoke-default\case-01.candidate.json.gz,Preserve irreplaceable historical regression evidence externally,False,24d75060dd8d44ca7a01a1e9cd2b05fdd9e57301a9a6feb90afb2d1f9a694ff0
docs/hpzr2-regression-2026-09-23/smoke-default/manifest.json,VALIDATION_OUTPUT,12464,False,a6255f9eabcc7fd281e013030a1ff8a1338199d90caffaf885e17facf3ac1fb3,MOVE_OUTSIDE_REPOSITORY,D:\My-Projects\TradingBot-Local\archive\docs\hpzr2-regression-2026-09-23\smoke-default\manifest.json,Preserve irreplaceable historical regression evidence externally,False,a6255f9eabcc7fd281e013030a1ff8a1338199d90caffaf885e17facf3ac1fb3
docs/hpzr2-regression-2026-09-23/synthetic-benchmark/bench.py,VALIDATION_OUTPUT,4068,False,813391f0e849885c88dda02bfe1a4cd1014f7d0c4333f74f1fe3f1ca0e9765af,MOVE,tests/engine/benchmarks/bench.py,Reusable local benchmark helper,False,813391f0e849885c88dda02bfe1a4cd1014f7d0c4333f74f1fe3f1ca0e9765af
docs/hpzr2-regression-2026-09-23/synthetic-benchmark/generate_fixture.py,VALIDATION_OUTPUT,870,False,c2d46d8ea12ca8ffc076d7c416f28d3365e515d3e7c8759a04f068304fda9bf3,MOVE,tests/engine/benchmarks/generate_fixture.py,Reusable local synthetic input generator,False,c2d46d8ea12ca8ffc076d7c416f28d3365e515d3e7c8759a04f068304fda9bf3
docs/hpzr2-regression-2026-09-23/synthetic-benchmark/repeat-baseline-1.normalized.json,VALIDATION_OUTPUT,873743,False,3b507f60e4e283ae7dc335bd1c518294d06fec3b2e9b9fb8afaf9919ced8721c,MOVE_OUTSIDE_REPOSITORY,D:\My-Projects\TradingBot-Local\archive\docs\hpzr2-regression-2026-09-23\synthetic-benchmark\repeat-baseline-1.normalized.json,Preserve irreplaceable historical regression evidence externally,False,3b507f60e4e283ae7dc335bd1c518294d06fec3b2e9b9fb8afaf9919ced8721c
docs/hpzr2-regression-2026-09-23/synthetic-benchmark/repeat-baseline-1.summary.json,VALIDATION_OUTPUT,2149,False,249cb2d8dd632a545f6d2594614220ca9f9ebe907f8ab5c99b6b84385a1f3b36,MOVE_OUTSIDE_REPOSITORY,D:\My-Projects\TradingBot-Local\archive\docs\hpzr2-regression-2026-09-23\synthetic-benchmark\repeat-baseline-1.summary.json,Preserve irreplaceable historical regression evidence externally,False,249cb2d8dd632a545f6d2594614220ca9f9ebe907f8ab5c99b6b84385a1f3b36
docs/hpzr2-regression-2026-09-23/synthetic-benchmark/repeat-baseline-2.summary.json,VALIDATION_OUTPUT,2146,False,74f404e5ffe12acd492bf9d4d11dbce84c0e64bb47dc80975db27e73e792a50a,MOVE_OUTSIDE_REPOSITORY,D:\My-Projects\TradingBot-Local\archive\docs\hpzr2-regression-2026-09-23\synthetic-benchmark\repeat-baseline-2.summary.json,Preserve irreplaceable historical regression evidence externally,False,74f404e5ffe12acd492bf9d4d11dbce84c0e64bb47dc80975db27e73e792a50a
docs/hpzr2-regression-2026-09-23/synthetic-benchmark/repeat-baseline-3.summary.json,VALIDATION_OUTPUT,2147,False,728b3c3bb5495d710d625529932bfaebb39b1ab857b559c14f34da90285ef642,MOVE_OUTSIDE_REPOSITORY,D:\My-Projects\TradingBot-Local\archive\docs\hpzr2-regression-2026-09-23\synthetic-benchmark\repeat-baseline-3.summary.json,Preserve irreplaceable historical regression evidence externally,False,728b3c3bb5495d710d625529932bfaebb39b1ab857b559c14f34da90285ef642
docs/hpzr2-regression-2026-09-23/synthetic-benchmark/repeat-default-baseline-1.normalized.json,VALIDATION_OUTPUT,395712,False,2d8ab57a33d3cf793db68a6308ea8185b7759c7a2ec980f4a1254c95176ba89f,MOVE_OUTSIDE_REPOSITORY,D:\My-Projects\TradingBot-Local\archive\docs\hpzr2-regression-2026-09-23\synthetic-benchmark\repeat-default-baseline-1.normalized.json,Preserve irreplaceable historical regression evidence externally,False,2d8ab57a33d3cf793db68a6308ea8185b7759c7a2ec980f4a1254c95176ba89f
docs/hpzr2-regression-2026-09-23/synthetic-benchmark/repeat-default-baseline-1.summary.json,VALIDATION_OUTPUT,2146,False,154a9f32ff3a44abeda8650ff05c1f5f7ef04cbf458b7caaae0490808f0ebf24,MOVE_OUTSIDE_REPOSITORY,D:\My-Projects\TradingBot-Local\archive\docs\hpzr2-regression-2026-09-23\synthetic-benchmark\repeat-default-baseline-1.summary.json,Preserve irreplaceable historical regression evidence externally,False,154a9f32ff3a44abeda8650ff05c1f5f7ef04cbf458b7caaae0490808f0ebf24
docs/hpzr2-regression-2026-09-23/synthetic-benchmark/repeat-default-baseline-2.summary.json,VALIDATION_OUTPUT,2144,False,bcd0dde797c6bc6a780a05bbcdb47d089d0fbedbcbfe398c56ba359f4cf2a520,MOVE_OUTSIDE_REPOSITORY,D:\My-Projects\TradingBot-Local\archive\docs\hpzr2-regression-2026-09-23\synthetic-benchmark\repeat-default-baseline-2.summary.json,Preserve irreplaceable historical regression evidence externally,False,bcd0dde797c6bc6a780a05bbcdb47d089d0fbedbcbfe398c56ba359f4cf2a520
docs/hpzr2-regression-2026-09-23/synthetic-benchmark/repeat-default-baseline-3.summary.json,VALIDATION_OUTPUT,2142,False,321a3c80a8739e54881c60f5087795fd7fba77d479852b31ec8a8ffe32098ab6,MOVE_OUTSIDE_REPOSITORY,D:\My-Projects\TradingBot-Local\archive\docs\hpzr2-regression-2026-09-23\synthetic-benchmark\repeat-default-baseline-3.summary.json,Preserve irreplaceable historical regression evidence externally,False,321a3c80a8739e54881c60f5087795fd7fba77d479852b31ec8a8ffe32098ab6
docs/hpzr2-regression-2026-09-23/synthetic-benchmark/repeat-default-optimized-1.normalized.json,VALIDATION_OUTPUT,395712,False,2d8ab57a33d3cf793db68a6308ea8185b7759c7a2ec980f4a1254c95176ba89f,MOVE_OUTSIDE_REPOSITORY,D:\My-Projects\TradingBot-Local\archive\docs\hpzr2-regression-2026-09-23\synthetic-benchmark\repeat-default-optimized-1.normalized.json,Preserve irreplaceable historical regression evidence externally,False,2d8ab57a33d3cf793db68a6308ea8185b7759c7a2ec980f4a1254c95176ba89f
docs/hpzr2-regression-2026-09-23/synthetic-benchmark/repeat-default-optimized-1.summary.json,VALIDATION_OUTPUT,2136,False,1f299aecf604af3a2337a0b96c786e014c81e45041bf3268e4a923355a7317c0,MOVE_OUTSIDE_REPOSITORY,D:\My-Projects\TradingBot-Local\archive\docs\hpzr2-regression-2026-09-23\synthetic-benchmark\repeat-default-optimized-1.summary.json,Preserve irreplaceable historical regression evidence externally,False,1f299aecf604af3a2337a0b96c786e014c81e45041bf3268e4a923355a7317c0
docs/hpzr2-regression-2026-09-23/synthetic-benchmark/repeat-default-optimized-2.summary.json,VALIDATION_OUTPUT,2135,False,1835d4b25d0a1fa583069c75aa6dda90ddffd5f9d61013303ca349db21fb7396,MOVE_OUTSIDE_REPOSITORY,D:\My-Projects\TradingBot-Local\archive\docs\hpzr2-regression-2026-09-23\synthetic-benchmark\repeat-default-optimized-2.summary.json,Preserve irreplaceable historical regression evidence externally,False,1835d4b25d0a1fa583069c75aa6dda90ddffd5f9d61013303ca349db21fb7396
docs/hpzr2-regression-2026-09-23/synthetic-benchmark/repeat-default-optimized-3.summary.json,VALIDATION_OUTPUT,2144,False,cd5392aff7bf3a6fafb842fbc3358a377d6d62add628bcea92b8c3e4df7b7fe5,MOVE_OUTSIDE_REPOSITORY,D:\My-Projects\TradingBot-Local\archive\docs\hpzr2-regression-2026-09-23\synthetic-benchmark\repeat-default-optimized-3.summary.json,Preserve irreplaceable historical regression evidence externally,False,cd5392aff7bf3a6fafb842fbc3358a377d6d62add628bcea92b8c3e4df7b7fe5
docs/hpzr2-regression-2026-09-23/synthetic-benchmark/repeat-optimized-1.normalized.json,VALIDATION_OUTPUT,873743,False,3b507f60e4e283ae7dc335bd1c518294d06fec3b2e9b9fb8afaf9919ced8721c,MOVE_OUTSIDE_REPOSITORY,D:\My-Projects\TradingBot-Local\archive\docs\hpzr2-regression-2026-09-23\synthetic-benchmark\repeat-optimized-1.normalized.json,Preserve irreplaceable historical regression evidence externally,False,3b507f60e4e283ae7dc335bd1c518294d06fec3b2e9b9fb8afaf9919ced8721c
docs/hpzr2-regression-2026-09-23/synthetic-benchmark/repeat-optimized-1.summary.json,VALIDATION_OUTPUT,2146,False,a3f0f7749ed404991f0e4300c86ea9eb2a52ba61292cb0a81be1b60644636cc5,MOVE_OUTSIDE_REPOSITORY,D:\My-Projects\TradingBot-Local\archive\docs\hpzr2-regression-2026-09-23\synthetic-benchmark\repeat-optimized-1.summary.json,Preserve irreplaceable historical regression evidence externally,False,a3f0f7749ed404991f0e4300c86ea9eb2a52ba61292cb0a81be1b60644636cc5
docs/hpzr2-regression-2026-09-23/synthetic-benchmark/repeat-optimized-2.summary.json,VALIDATION_OUTPUT,2145,False,655aa15af71a52454c5fa6208e11fb6dac70f9c85de713c3ade3f77af62a9458,MOVE_OUTSIDE_REPOSITORY,D:\My-Projects\TradingBot-Local\archive\docs\hpzr2-regression-2026-09-23\synthetic-benchmark\repeat-optimized-2.summary.json,Preserve irreplaceable historical regression evidence externally,False,655aa15af71a52454c5fa6208e11fb6dac70f9c85de713c3ade3f77af62a9458
docs/hpzr2-regression-2026-09-23/synthetic-benchmark/repeat-optimized-3.summary.json,VALIDATION_OUTPUT,2142,False,65a05489f97a3e8f93d71b2f001b3973014af7d5d1fa1e648c8e2d9db45db4bd,MOVE_OUTSIDE_REPOSITORY,D:\My-Projects\TradingBot-Local\archive\docs\hpzr2-regression-2026-09-23\synthetic-benchmark\repeat-optimized-3.summary.json,Preserve irreplaceable historical regression evidence externally,False,65a05489f97a3e8f93d71b2f001b3973014af7d5d1fa1e648c8e2d9db45db4bd
docs/hpzr2-regression-2026-09-23/synthetic-benchmark/synthetic-60000.json,VALIDATION_OUTPUT,5263382,False,a374b64968888d04b792dcef3a114004df1ec2bed731b8b69d8864273993be5d,MOVE_OUTSIDE_REPOSITORY,D:\My-Projects\TradingBot-Local\archive\docs\hpzr2-regression-2026-09-23\synthetic-benchmark\synthetic-60000.json,Preserve irreplaceable historical regression evidence externally,False,a374b64968888d04b792dcef3a114004df1ec2bed731b8b69d8864273993be5d
docs/order-architecture-2026-09-27/phase1-engine-source.zip,VALIDATION_OUTPUT,315320,False,5eb8c5fb8a011d1a6e1b0fc23f26f2676f6c50b7c56fe558d5c9cf84f3bc7bb9,MOVE_OUTSIDE_REPOSITORY,D:\My-Projects\TradingBot-Local\archive\docs\order-architecture-2026-09-27\phase1-engine-source.zip,Preserve baseline/source recovery/regression archives externally,False,5eb8c5fb8a011d1a6e1b0fc23f26f2676f6c50b7c56fe558d5c9cf84f3bc7bb9
docs/order-architecture-2026-09-27/phase2-cache-targeted/case-01.json.gz,VALIDATION_OUTPUT,167776,False,c6dda545828c81fb955ab9a55ab60b463c59bb04eb3d64a02362a25bbca2663e,MOVE_OUTSIDE_REPOSITORY,D:\My-Projects\TradingBot-Local\archive\docs\order-architecture-2026-09-27\phase2-cache-targeted\case-01.json.gz,Preserve baseline/source recovery/regression archives externally,False,c6dda545828c81fb955ab9a55ab60b463c59bb04eb3d64a02362a25bbca2663e
docs/order-architecture-2026-09-27/phase2-cache-targeted/case-01.stderr.log,VALIDATION_OUTPUT,9355,False,a237860bd6db7e9ff8f2651ba38aad7216e6d3d3ec4be2f9a10078430a78fa9d,MOVE_OUTSIDE_REPOSITORY,D:\My-Projects\TradingBot-Local\archive\docs\order-architecture-2026-09-27\phase2-cache-targeted\case-01.stderr.log,Preserve baseline/source recovery/regression archives externally,False,a237860bd6db7e9ff8f2651ba38aad7216e6d3d3ec4be2f9a10078430a78fa9d
docs/order-architecture-2026-09-27/phase2-cache-targeted/case-02.json.gz,VALIDATION_OUTPUT,269821,False,9dae8ab14e4419438f0557c1d769649b5cc0d17ea25a9b9919b18d234f2cfbb1,MOVE_OUTSIDE_REPOSITORY,D:\My-Projects\TradingBot-Local\archive\docs\order-architecture-2026-09-27\phase2-cache-targeted\case-02.json.gz,Preserve baseline/source recovery/regression archives externally,False,9dae8ab14e4419438f0557c1d769649b5cc0d17ea25a9b9919b18d234f2cfbb1
docs/order-architecture-2026-09-27/phase2-cache-targeted/case-02.stderr.log,VALIDATION_OUTPUT,10149,False,96e4e83a7c78ec95ef776f05da004f1d112edf316eefab8abec863c04703c221,MOVE_OUTSIDE_REPOSITORY,D:\My-Projects\TradingBot-Local\archive\docs\order-architecture-2026-09-27\phase2-cache-targeted\case-02.stderr.log,Preserve baseline/source recovery/regression archives externally,False,96e4e83a7c78ec95ef776f05da004f1d112edf316eefab8abec863c04703c221
docs/order-architecture-2026-09-27/phase2-cache-targeted/manifest.json,VALIDATION_OUTPUT,9067,False,745582f05cf56b6d54d8c959704bfa9de1a6434d66567bf5f7d0c1af77da1367,MOVE_OUTSIDE_REPOSITORY,D:\My-Projects\TradingBot-Local\archive\docs\order-architecture-2026-09-27\phase2-cache-targeted\manifest.json,Preserve baseline/source recovery/regression archives externally,False,745582f05cf56b6d54d8c959704bfa9de1a6434d66567bf5f7d0c1af77da1367
docs/order-architecture-2026-09-27/phase2-extract-smoke/case-01.json.gz,VALIDATION_OUTPUT,71184,False,0d22b68b8ae9ebdfaa982352a2b9bdd4ec89cd4c7d85fb9ed76c58371f856b5f,MOVE_OUTSIDE_REPOSITORY,D:\My-Projects\TradingBot-Local\archive\docs\order-architecture-2026-09-27\phase2-extract-smoke\case-01.json.gz,Preserve baseline/source recovery/regression archives externally,False,0d22b68b8ae9ebdfaa982352a2b9bdd4ec89cd4c7d85fb9ed76c58371f856b5f
docs/order-architecture-2026-09-27/phase2-extract-smoke/case-01.stderr.log,VALIDATION_OUTPUT,8120,False,c04787c61b685b8eeb3ea7d55c9c93385c76ca3fd50b28487ebb13f45a3791b6,MOVE_OUTSIDE_REPOSITORY,D:\My-Projects\TradingBot-Local\archive\docs\order-architecture-2026-09-27\phase2-extract-smoke\case-01.stderr.log,Preserve baseline/source recovery/regression archives externally,False,c04787c61b685b8eeb3ea7d55c9c93385c76ca3fd50b28487ebb13f45a3791b6
docs/order-architecture-2026-09-27/phase2-extract-smoke/manifest.json,VALIDATION_OUTPUT,5305,False,5e757986fcada6c8c89ee420bdc280e965e960f2f0bbc71b4d74ec4b989fd479,MOVE_OUTSIDE_REPOSITORY,D:\My-Projects\TradingBot-Local\archive\docs\order-architecture-2026-09-27\phase2-extract-smoke\manifest.json,Preserve baseline/source recovery/regression archives externally,False,5e757986fcada6c8c89ee420bdc280e965e960f2f0bbc71b4d74ec4b989fd479
docs/order-architecture-2026-09-27/phase2-extract-targeted/case-01.json.gz,VALIDATION_OUTPUT,167776,False,c6dda545828c81fb955ab9a55ab60b463c59bb04eb3d64a02362a25bbca2663e,MOVE_OUTSIDE_REPOSITORY,D:\My-Projects\TradingBot-Local\archive\docs\order-architecture-2026-09-27\phase2-extract-targeted\case-01.json.gz,Preserve baseline/source recovery/regression archives externally,False,c6dda545828c81fb955ab9a55ab60b463c59bb04eb3d64a02362a25bbca2663e
docs/order-architecture-2026-09-27/phase2-extract-targeted/case-01.stderr.log,VALIDATION_OUTPUT,9365,False,299483c4f61615a45960857742217648422a77cc1889b9a3b9c6653973f4f04c,MOVE_OUTSIDE_REPOSITORY,D:\My-Projects\TradingBot-Local\archive\docs\order-architecture-2026-09-27\phase2-extract-targeted\case-01.stderr.log,Preserve baseline/source recovery/regression archives externally,False,299483c4f61615a45960857742217648422a77cc1889b9a3b9c6653973f4f04c
docs/order-architecture-2026-09-27/phase2-extract-targeted/case-02.json.gz,VALIDATION_OUTPUT,269821,False,9dae8ab14e4419438f0557c1d769649b5cc0d17ea25a9b9919b18d234f2cfbb1,MOVE_OUTSIDE_REPOSITORY,D:\My-Projects\TradingBot-Local\archive\docs\order-architecture-2026-09-27\phase2-extract-targeted\case-02.json.gz,Preserve baseline/source recovery/regression archives externally,False,9dae8ab14e4419438f0557c1d769649b5cc0d17ea25a9b9919b18d234f2cfbb1
docs/order-architecture-2026-09-27/phase2-extract-targeted/case-02.stderr.log,VALIDATION_OUTPUT,10158,False,e9a8ea99873df40bc48943bb4e58119da983fd7215143c4c456268875f243b09,MOVE_OUTSIDE_REPOSITORY,D:\My-Projects\TradingBot-Local\archive\docs\order-architecture-2026-09-27\phase2-extract-targeted\case-02.stderr.log,Preserve baseline/source recovery/regression archives externally,False,e9a8ea99873df40bc48943bb4e58119da983fd7215143c4c456268875f243b09
docs/order-architecture-2026-09-27/phase2-extract-targeted/manifest.json,VALIDATION_OUTPUT,9076,False,9a2b195547f1e6b99d24f68a560b16e297fea9d1eddeff6a61d536df4e54fb00,MOVE_OUTSIDE_REPOSITORY,D:\My-Projects\TradingBot-Local\archive\docs\order-architecture-2026-09-27\phase2-extract-targeted\manifest.json,Preserve baseline/source recovery/regression archives externally,False,9a2b195547f1e6b99d24f68a560b16e297fea9d1eddeff6a61d536df4e54fb00
docs/order-architecture-2026-09-27/phase2-s-extract-smoke/case-01.json.gz,VALIDATION_OUTPUT,71184,False,0d22b68b8ae9ebdfaa982352a2b9bdd4ec89cd4c7d85fb9ed76c58371f856b5f,MOVE_OUTSIDE_REPOSITORY,D:\My-Projects\TradingBot-Local\archive\docs\order-architecture-2026-09-27\phase2-s-extract-smoke\case-01.json.gz,Preserve baseline/source recovery/regression archives externally,False,0d22b68b8ae9ebdfaa982352a2b9bdd4ec89cd4c7d85fb9ed76c58371f856b5f
docs/order-architecture-2026-09-27/phase2-s-extract-smoke/case-01.stderr.log,VALIDATION_OUTPUT,8121,False,243a3317544382c7e497e8fa0c86143dc47483c4e83413fccde491db5d47e5e9,MOVE_OUTSIDE_REPOSITORY,D:\My-Projects\TradingBot-Local\archive\docs\order-architecture-2026-09-27\phase2-s-extract-smoke\case-01.stderr.log,Preserve baseline/source recovery/regression archives externally,False,243a3317544382c7e497e8fa0c86143dc47483c4e83413fccde491db5d47e5e9
docs/order-architecture-2026-09-27/phase2-s-extract-smoke/manifest.json,VALIDATION_OUTPUT,5306,False,1a39fe2a3c51fe538c0f2915a295829e0056c2e79f992e2c3615b8de1595c235,MOVE_OUTSIDE_REPOSITORY,D:\My-Projects\TradingBot-Local\archive\docs\order-architecture-2026-09-27\phase2-s-extract-smoke\manifest.json,Preserve baseline/source recovery/regression archives externally,False,1a39fe2a3c51fe538c0f2915a295829e0056c2e79f992e2c3615b8de1595c235
docs/order-architecture-2026-09-27/PHASE_1_DIAGNOSTIC_INTERRUPTED/case-01.json.gz,VALIDATION_OUTPUT,603870,False,c4d99ce5f01f9093286e8519c02d88554330a2d8c9681cfa6dc995053408f1b1,MOVE_OUTSIDE_REPOSITORY,D:\My-Projects\TradingBot-Local\archive\docs\order-architecture-2026-09-27\PHASE_1_DIAGNOSTIC_INTERRUPTED\case-01.json.gz,Preserve baseline/source recovery/regression archives externally,False,c4d99ce5f01f9093286e8519c02d88554330a2d8c9681cfa6dc995053408f1b1
docs/order-architecture-2026-09-27/PHASE_1_DIAGNOSTIC_INTERRUPTED/case-01.stderr.log,VALIDATION_OUTPUT,9409,False,3e84555065d3081d761f7f434c6d37fcd830fd92ffeca4140b93d946bb46cb72,MOVE_OUTSIDE_REPOSITORY,D:\My-Projects\TradingBot-Local\archive\docs\order-architecture-2026-09-27\PHASE_1_DIAGNOSTIC_INTERRUPTED\case-01.stderr.log,Preserve baseline/source recovery/regression archives externally,False,3e84555065d3081d761f7f434c6d37fcd830fd92ffeca4140b93d946bb46cb72
docs/order-architecture-2026-09-27/PHASE_1_DIAGNOSTIC_INTERRUPTED/case-02.json.gz,VALIDATION_OUTPUT,167248,False,fea543fc94c7b135b186af983545b910ace424016e1db5a614fc99fb519158e2,MOVE_OUTSIDE_REPOSITORY,D:\My-Projects\TradingBot-Local\archive\docs\order-architecture-2026-09-27\PHASE_1_DIAGNOSTIC_INTERRUPTED\case-02.json.gz,Preserve baseline/source recovery/regression archives externally,False,fea543fc94c7b135b186af983545b910ace424016e1db5a614fc99fb519158e2
docs/order-architecture-2026-09-27/PHASE_1_DIAGNOSTIC_INTERRUPTED/case-02.stderr.log,VALIDATION_OUTPUT,9377,False,54d885ae16014fd5ff984704598d528ba7c9bf495757646e905ddf285bf31685,MOVE_OUTSIDE_REPOSITORY,D:\My-Projects\TradingBot-Local\archive\docs\order-architecture-2026-09-27\PHASE_1_DIAGNOSTIC_INTERRUPTED\case-02.stderr.log,Preserve baseline/source recovery/regression archives externally,False,54d885ae16014fd5ff984704598d528ba7c9bf495757646e905ddf285bf31685
docs/order-architecture-2026-09-27/PHASE_1_DIAGNOSTIC_INTERRUPTED/case-03.json,VALIDATION_OUTPUT,0,False,e3b0c44298fc1c149afbf4c8996fb92427ae41e4649b934ca495991b7852b855,MOVE_OUTSIDE_REPOSITORY,D:\My-Projects\TradingBot-Local\archive\docs\order-architecture-2026-09-27\PHASE_1_DIAGNOSTIC_INTERRUPTED\case-03.json,Preserve baseline/source recovery/regression archives externally,False,e3b0c44298fc1c149afbf4c8996fb92427ae41e4649b934ca495991b7852b855
docs/order-architecture-2026-09-27/PHASE_1_DIAGNOSTIC_INTERRUPTED/case-03.stderr.log,VALIDATION_OUTPUT,9371,False,f9435ba793c3e693b9950c58cff53d8fa59807a2afe9a2e5bd6c6c62d7961f44,MOVE_OUTSIDE_REPOSITORY,D:\My-Projects\TradingBot-Local\archive\docs\order-architecture-2026-09-27\PHASE_1_DIAGNOSTIC_INTERRUPTED\case-03.stderr.log,Preserve baseline/source recovery/regression archives externally,False,f9435ba793c3e693b9950c58cff53d8fa59807a2afe9a2e5bd6c6c62d7961f44
docs/order-architecture-2026-09-27/PHASE_1_DIAGNOSTIC_INTERRUPTED/manifest.json,VALIDATION_OUTPUT,9046,False,2d1b77acd03023801f0ff80b0cb2cc64ed73533e8b1af8f78970d6b724145eb7,MOVE_OUTSIDE_REPOSITORY,D:\My-Projects\TradingBot-Local\archive\docs\order-architecture-2026-09-27\PHASE_1_DIAGNOSTIC_INTERRUPTED\manifest.json,Preserve baseline/source recovery/regression archives externally,False,2d1b77acd03023801f0ff80b0cb2cc64ed73533e8b1af8f78970d6b724145eb7
docs/order-architecture-2026-09-27/PHASE_1_FINAL_BASELINE/case-01.json.gz,VALIDATION_OUTPUT,604875,False,967f06a3a1f2632adbbfcac90bf696d549d05be2ba2750565cf62918b724d61a,MOVE_OUTSIDE_REPOSITORY,D:\My-Projects\TradingBot-Local\archive\docs\order-architecture-2026-09-27\PHASE_1_FINAL_BASELINE\case-01.json.gz,Preserve baseline/source recovery/regression archives externally,False,967f06a3a1f2632adbbfcac90bf696d549d05be2ba2750565cf62918b724d61a
docs/order-architecture-2026-09-27/PHASE_1_FINAL_BASELINE/case-01.stderr.log,VALIDATION_OUTPUT,9407,False,9c9d5b254bc27e628379f84fbb8f670a406df6b1f1f688dad176ad3dce6b8ccd,MOVE_OUTSIDE_REPOSITORY,D:\My-Projects\TradingBot-Local\archive\docs\order-architecture-2026-09-27\PHASE_1_FINAL_BASELINE\case-01.stderr.log,Preserve baseline/source recovery/regression archives externally,False,9c9d5b254bc27e628379f84fbb8f670a406df6b1f1f688dad176ad3dce6b8ccd
docs/order-architecture-2026-09-27/PHASE_1_FINAL_BASELINE/case-02.json.gz,VALIDATION_OUTPUT,167776,False,c6dda545828c81fb955ab9a55ab60b463c59bb04eb3d64a02362a25bbca2663e,MOVE_OUTSIDE_REPOSITORY,D:\My-Projects\TradingBot-Local\archive\docs\order-architecture-2026-09-27\PHASE_1_FINAL_BASELINE\case-02.json.gz,Preserve baseline/source recovery/regression archives externally,False,c6dda545828c81fb955ab9a55ab60b463c59bb04eb3d64a02362a25bbca2663e
docs/order-architecture-2026-09-27/PHASE_1_FINAL_BASELINE/case-02.stderr.log,VALIDATION_OUTPUT,9378,False,88c4c6ee1eeac297f2c329b5a91bdeb66e869e70bbb1058ae0a36236f8678738,MOVE_OUTSIDE_REPOSITORY,D:\My-Projects\TradingBot-Local\archive\docs\order-architecture-2026-09-27\PHASE_1_FINAL_BASELINE\case-02.stderr.log,Preserve baseline/source recovery/regression archives externally,False,88c4c6ee1eeac297f2c329b5a91bdeb66e869e70bbb1058ae0a36236f8678738
docs/order-architecture-2026-09-27/PHASE_1_FINAL_BASELINE/case-03.json.gz,VALIDATION_OUTPUT,1618733,False,9139ca7d47662246e82c3ca2d4793a934c7218b6ec661a62dca921d30d85474c,MOVE_OUTSIDE_REPOSITORY,D:\My-Projects\TradingBot-Local\archive\docs\order-architecture-2026-09-27\PHASE_1_FINAL_BASELINE\case-03.json.gz,Preserve baseline/source recovery/regression archives externally,False,9139ca7d47662246e82c3ca2d4793a934c7218b6ec661a62dca921d30d85474c
docs/order-architecture-2026-09-27/PHASE_1_FINAL_BASELINE/case-03.stderr.log,VALIDATION_OUTPUT,10994,False,dfff0a4f8848467dc614ac68197c130f4a60a6837b750a21df9032b454b299e9,MOVE_OUTSIDE_REPOSITORY,D:\My-Projects\TradingBot-Local\archive\docs\order-architecture-2026-09-27\PHASE_1_FINAL_BASELINE\case-03.stderr.log,Preserve baseline/source recovery/regression archives externally,False,dfff0a4f8848467dc614ac68197c130f4a60a6837b750a21df9032b454b299e9
docs/order-architecture-2026-09-27/PHASE_1_FINAL_BASELINE/case-04.json.gz,VALIDATION_OUTPUT,836313,False,5cdf63e885a7a58df682b2f847de1744a8a480e5a56ac7042e54483834fd4fda,MOVE_OUTSIDE_REPOSITORY,D:\My-Projects\TradingBot-Local\archive\docs\order-architecture-2026-09-27\PHASE_1_FINAL_BASELINE\case-04.json.gz,Preserve baseline/source recovery/regression archives externally,False,5cdf63e885a7a58df682b2f847de1744a8a480e5a56ac7042e54483834fd4fda
docs/order-architecture-2026-09-27/PHASE_1_FINAL_BASELINE/case-04.stderr.log,VALIDATION_OUTPUT,10199,False,740576136db40f0a857b4d5d0a0a96a6d1db299f36532ef50d7e2a122f532c19,MOVE_OUTSIDE_REPOSITORY,D:\My-Projects\TradingBot-Local\archive\docs\order-architecture-2026-09-27\PHASE_1_FINAL_BASELINE\case-04.stderr.log,Preserve baseline/source recovery/regression archives externally,False,740576136db40f0a857b4d5d0a0a96a6d1db299f36532ef50d7e2a122f532c19
docs/order-architecture-2026-09-27/PHASE_1_FINAL_BASELINE/case-05.json.gz,VALIDATION_OUTPUT,71184,False,0d22b68b8ae9ebdfaa982352a2b9bdd4ec89cd4c7d85fb9ed76c58371f856b5f,MOVE_OUTSIDE_REPOSITORY,D:\My-Projects\TradingBot-Local\archive\docs\order-architecture-2026-09-27\PHASE_1_FINAL_BASELINE\case-05.json.gz,Preserve baseline/source recovery/regression archives externally,False,0d22b68b8ae9ebdfaa982352a2b9bdd4ec89cd4c7d85fb9ed76c58371f856b5f
docs/order-architecture-2026-09-27/PHASE_1_FINAL_BASELINE/case-05.stderr.log,VALIDATION_OUTPUT,8120,False,74e6985496dd1b6ffeca2f1f3d77b2fe5ae4d631a7430a62c8b3e4187367d712,MOVE_OUTSIDE_REPOSITORY,D:\My-Projects\TradingBot-Local\archive\docs\order-architecture-2026-09-27\PHASE_1_FINAL_BASELINE\case-05.stderr.log,Preserve baseline/source recovery/regression archives externally,False,74e6985496dd1b6ffeca2f1f3d77b2fe5ae4d631a7430a62c8b3e4187367d712
docs/order-architecture-2026-09-27/PHASE_1_FINAL_BASELINE/case-06.json.gz,VALIDATION_OUTPUT,133489,False,8d4fb9efa1ef521138b003c89d039912dbc350e626436920fe8d2d080a7f1ee7,MOVE_OUTSIDE_REPOSITORY,D:\My-Projects\TradingBot-Local\archive\docs\order-architecture-2026-09-27\PHASE_1_FINAL_BASELINE\case-06.json.gz,Preserve baseline/source recovery/regression archives externally,False,8d4fb9efa1ef521138b003c89d039912dbc350e626436920fe8d2d080a7f1ee7
docs/order-architecture-2026-09-27/PHASE_1_FINAL_BASELINE/case-06.stderr.log,VALIDATION_OUTPUT,10125,False,9f30f9ea0acbbf669557da9983398ffc960bee0e02b3d8235e81ec31719aedcb,MOVE_OUTSIDE_REPOSITORY,D:\My-Projects\TradingBot-Local\archive\docs\order-architecture-2026-09-27\PHASE_1_FINAL_BASELINE\case-06.stderr.log,Preserve baseline/source recovery/regression archives externally,False,9f30f9ea0acbbf669557da9983398ffc960bee0e02b3d8235e81ec31719aedcb
docs/order-architecture-2026-09-27/PHASE_1_FINAL_BASELINE/case-07.json.gz,VALIDATION_OUTPUT,269821,False,9dae8ab14e4419438f0557c1d769649b5cc0d17ea25a9b9919b18d234f2cfbb1,MOVE_OUTSIDE_REPOSITORY,D:\My-Projects\TradingBot-Local\archive\docs\order-architecture-2026-09-27\PHASE_1_FINAL_BASELINE\case-07.json.gz,Preserve baseline/source recovery/regression archives externally,False,9dae8ab14e4419438f0557c1d769649b5cc0d17ea25a9b9919b18d234f2cfbb1
docs/order-architecture-2026-09-27/PHASE_1_FINAL_BASELINE/case-07.stderr.log,VALIDATION_OUTPUT,10148,False,a9e32e40f245371a3550d19fb4d058dd8e3e0ca5b03a2063452053f675eb7da1,MOVE_OUTSIDE_REPOSITORY,D:\My-Projects\TradingBot-Local\archive\docs\order-architecture-2026-09-27\PHASE_1_FINAL_BASELINE\case-07.stderr.log,Preserve baseline/source recovery/regression archives externally,False,a9e32e40f245371a3550d19fb4d058dd8e3e0ca5b03a2063452053f675eb7da1
docs/order-architecture-2026-09-27/PHASE_1_FINAL_BASELINE/case-08.json.gz,VALIDATION_OUTPUT,178222,False,04134e4d020e7460ec0e12b644094164dff814f71a595f78bea7022db3d64a44,MOVE_OUTSIDE_REPOSITORY,D:\My-Projects\TradingBot-Local\archive\docs\order-architecture-2026-09-27\PHASE_1_FINAL_BASELINE\case-08.json.gz,Preserve baseline/source recovery/regression archives externally,False,04134e4d020e7460ec0e12b644094164dff814f71a595f78bea7022db3d64a44
docs/order-architecture-2026-09-27/PHASE_1_FINAL_BASELINE/case-08.stderr.log,VALIDATION_OUTPUT,10136,False,2b192a57c3a13be21814bc62b64659f26719f924aecc03fa4d1557517ae5d044,MOVE_OUTSIDE_REPOSITORY,D:\My-Projects\TradingBot-Local\archive\docs\order-architecture-2026-09-27\PHASE_1_FINAL_BASELINE\case-08.stderr.log,Preserve baseline/source recovery/regression archives externally,False,2b192a57c3a13be21814bc62b64659f26719f924aecc03fa4d1557517ae5d044
docs/order-architecture-2026-09-27/PHASE_1_FINAL_BASELINE/case-09.json.gz,VALIDATION_OUTPUT,148107,False,dd509314f36859e2ce76ef70062ba2bec62668990164dbc5d23d3b95acd1f305,MOVE_OUTSIDE_REPOSITORY,D:\My-Projects\TradingBot-Local\archive\docs\order-architecture-2026-09-27\PHASE_1_FINAL_BASELINE\case-09.json.gz,Preserve baseline/source recovery/regression archives externally,False,dd509314f36859e2ce76ef70062ba2bec62668990164dbc5d23d3b95acd1f305
docs/order-architecture-2026-09-27/PHASE_1_FINAL_BASELINE/case-09.stderr.log,VALIDATION_OUTPUT,9456,False,d8b6e9f7aa17804698a4f17c1ec28c3e8304e897628896eb9797e1a4a52bcffb,MOVE_OUTSIDE_REPOSITORY,D:\My-Projects\TradingBot-Local\archive\docs\order-architecture-2026-09-27\PHASE_1_FINAL_BASELINE\case-09.stderr.log,Preserve baseline/source recovery/regression archives externally,False,d8b6e9f7aa17804698a4f17c1ec28c3e8304e897628896eb9797e1a4a52bcffb
docs/order-architecture-2026-09-27/PHASE_1_FINAL_BASELINE/manifest.json,VALIDATION_OUTPUT,34521,False,1ac7a0c3ad74ea148c4559e0d71351c7814dc8d1c7940a5d62519cb68d699cf1,MOVE_OUTSIDE_REPOSITORY,D:\My-Projects\TradingBot-Local\archive\docs\order-architecture-2026-09-27\PHASE_1_FINAL_BASELINE\manifest.json,Preserve baseline/source recovery/regression archives externally,False,1ac7a0c3ad74ea148c4559e0d71351c7814dc8d1c7940a5d62519cb68d699cf1
docs/order-architecture-2026-09-27/PHASE_2_FINAL_REGRESSION/case-01.json.gz,VALIDATION_OUTPUT,604875,False,967f06a3a1f2632adbbfcac90bf696d549d05be2ba2750565cf62918b724d61a,MOVE_OUTSIDE_REPOSITORY,D:\My-Projects\TradingBot-Local\archive\docs\order-architecture-2026-09-27\PHASE_2_FINAL_REGRESSION\case-01.json.gz,Preserve baseline/source recovery/regression archives externally,False,967f06a3a1f2632adbbfcac90bf696d549d05be2ba2750565cf62918b724d61a
docs/order-architecture-2026-09-27/PHASE_2_FINAL_REGRESSION/case-01.stderr.log,VALIDATION_OUTPUT,9396,False,5b198c9870a9a36b13e06b85126cc4eafb31e94a702584e82f36ca1d6f26b2a8,MOVE_OUTSIDE_REPOSITORY,D:\My-Projects\TradingBot-Local\archive\docs\order-architecture-2026-09-27\PHASE_2_FINAL_REGRESSION\case-01.stderr.log,Preserve baseline/source recovery/regression archives externally,False,5b198c9870a9a36b13e06b85126cc4eafb31e94a702584e82f36ca1d6f26b2a8
docs/order-architecture-2026-09-27/PHASE_2_FINAL_REGRESSION/case-02.json.gz,VALIDATION_OUTPUT,167776,False,c6dda545828c81fb955ab9a55ab60b463c59bb04eb3d64a02362a25bbca2663e,MOVE_OUTSIDE_REPOSITORY,D:\My-Projects\TradingBot-Local\archive\docs\order-architecture-2026-09-27\PHASE_2_FINAL_REGRESSION\case-02.json.gz,Preserve baseline/source recovery/regression archives externally,False,c6dda545828c81fb955ab9a55ab60b463c59bb04eb3d64a02362a25bbca2663e
docs/order-architecture-2026-09-27/PHASE_2_FINAL_REGRESSION/case-02.stderr.log,VALIDATION_OUTPUT,9354,False,08f1c7ec7a847690c671415ae2dc89549c4b893344a2738b537eb24e3786d161,MOVE_OUTSIDE_REPOSITORY,D:\My-Projects\TradingBot-Local\archive\docs\order-architecture-2026-09-27\PHASE_2_FINAL_REGRESSION\case-02.stderr.log,Preserve baseline/source recovery/regression archives externally,False,08f1c7ec7a847690c671415ae2dc89549c4b893344a2738b537eb24e3786d161
docs/order-architecture-2026-09-27/PHASE_2_FINAL_REGRESSION/case-03.json.gz,VALIDATION_OUTPUT,1618733,False,9139ca7d47662246e82c3ca2d4793a934c7218b6ec661a62dca921d30d85474c,MOVE_OUTSIDE_REPOSITORY,D:\My-Projects\TradingBot-Local\archive\docs\order-architecture-2026-09-27\PHASE_2_FINAL_REGRESSION\case-03.json.gz,Preserve baseline/source recovery/regression archives externally,False,9139ca7d47662246e82c3ca2d4793a934c7218b6ec661a62dca921d30d85474c
docs/order-architecture-2026-09-27/PHASE_2_FINAL_REGRESSION/case-03.stderr.log,VALIDATION_OUTPUT,10979,False,e91f5a2d49e6cc9e8a728249fd03c8f18badf6d5396e2f342eccbbe32eced6d9,MOVE_OUTSIDE_REPOSITORY,D:\My-Projects\TradingBot-Local\archive\docs\order-architecture-2026-09-27\PHASE_2_FINAL_REGRESSION\case-03.stderr.log,Preserve baseline/source recovery/regression archives externally,False,e91f5a2d49e6cc9e8a728249fd03c8f18badf6d5396e2f342eccbbe32eced6d9
docs/order-architecture-2026-09-27/PHASE_2_FINAL_REGRESSION/case-04.json.gz,VALIDATION_OUTPUT,836313,False,5cdf63e885a7a58df682b2f847de1744a8a480e5a56ac7042e54483834fd4fda,MOVE_OUTSIDE_REPOSITORY,D:\My-Projects\TradingBot-Local\archive\docs\order-architecture-2026-09-27\PHASE_2_FINAL_REGRESSION\case-04.json.gz,Preserve baseline/source recovery/regression archives externally,False,5cdf63e885a7a58df682b2f847de1744a8a480e5a56ac7042e54483834fd4fda
docs/order-architecture-2026-09-27/PHASE_2_FINAL_REGRESSION/case-04.stderr.log,VALIDATION_OUTPUT,10176,False,38b369216e887a9607ff892d3aa3b4ba58c7524a5da098a7e2121494d9235744,MOVE_OUTSIDE_REPOSITORY,D:\My-Projects\TradingBot-Local\archive\docs\order-architecture-2026-09-27\PHASE_2_FINAL_REGRESSION\case-04.stderr.log,Preserve baseline/source recovery/regression archives externally,False,38b369216e887a9607ff892d3aa3b4ba58c7524a5da098a7e2121494d9235744
docs/order-architecture-2026-09-27/PHASE_2_FINAL_REGRESSION/case-05.json.gz,VALIDATION_OUTPUT,71184,False,0d22b68b8ae9ebdfaa982352a2b9bdd4ec89cd4c7d85fb9ed76c58371f856b5f,MOVE_OUTSIDE_REPOSITORY,D:\My-Projects\TradingBot-Local\archive\docs\order-architecture-2026-09-27\PHASE_2_FINAL_REGRESSION\case-05.json.gz,Preserve baseline/source recovery/regression archives externally,False,0d22b68b8ae9ebdfaa982352a2b9bdd4ec89cd4c7d85fb9ed76c58371f856b5f
docs/order-architecture-2026-09-27/PHASE_2_FINAL_REGRESSION/case-05.stderr.log,VALIDATION_OUTPUT,8120,False,e2e86617e6633ab85cb8f01a9c3467dccb89f7ea6be91fac2fe9ec180def23a5,MOVE_OUTSIDE_REPOSITORY,D:\My-Projects\TradingBot-Local\archive\docs\order-architecture-2026-09-27\PHASE_2_FINAL_REGRESSION\case-05.stderr.log,Preserve baseline/source recovery/regression archives externally,False,e2e86617e6633ab85cb8f01a9c3467dccb89f7ea6be91fac2fe9ec180def23a5
docs/order-architecture-2026-09-27/PHASE_2_FINAL_REGRESSION/case-06.json.gz,VALIDATION_OUTPUT,133489,False,8d4fb9efa1ef521138b003c89d039912dbc350e626436920fe8d2d080a7f1ee7,MOVE_OUTSIDE_REPOSITORY,D:\My-Projects\TradingBot-Local\archive\docs\order-architecture-2026-09-27\PHASE_2_FINAL_REGRESSION\case-06.json.gz,Preserve baseline/source recovery/regression archives externally,False,8d4fb9efa1ef521138b003c89d039912dbc350e626436920fe8d2d080a7f1ee7
docs/order-architecture-2026-09-27/PHASE_2_FINAL_REGRESSION/case-06.stderr.log,VALIDATION_OUTPUT,10124,False,63f913d4ef6f49be11c0f5a207ec48462feb150f704eb13a98928b8c0cd370d0,MOVE_OUTSIDE_REPOSITORY,D:\My-Projects\TradingBot-Local\archive\docs\order-architecture-2026-09-27\PHASE_2_FINAL_REGRESSION\case-06.stderr.log,Preserve baseline/source recovery/regression archives externally,False,63f913d4ef6f49be11c0f5a207ec48462feb150f704eb13a98928b8c0cd370d0
docs/order-architecture-2026-09-27/PHASE_2_FINAL_REGRESSION/case-07.json.gz,VALIDATION_OUTPUT,269821,False,9dae8ab14e4419438f0557c1d769649b5cc0d17ea25a9b9919b18d234f2cfbb1,MOVE_OUTSIDE_REPOSITORY,D:\My-Projects\TradingBot-Local\archive\docs\order-architecture-2026-09-27\PHASE_2_FINAL_REGRESSION\case-07.json.gz,Preserve baseline/source recovery/regression archives externally,False,9dae8ab14e4419438f0557c1d769649b5cc0d17ea25a9b9919b18d234f2cfbb1
docs/order-architecture-2026-09-27/PHASE_2_FINAL_REGRESSION/case-07.stderr.log,VALIDATION_OUTPUT,10150,False,d313dac70387dfc3436f98dfe62ce7df8cab23d597d6f508c6433dadd2a9b2fa,MOVE_OUTSIDE_REPOSITORY,D:\My-Projects\TradingBot-Local\archive\docs\order-architecture-2026-09-27\PHASE_2_FINAL_REGRESSION\case-07.stderr.log,Preserve baseline/source recovery/regression archives externally,False,d313dac70387dfc3436f98dfe62ce7df8cab23d597d6f508c6433dadd2a9b2fa
docs/order-architecture-2026-09-27/PHASE_2_FINAL_REGRESSION/case-08.json.gz,VALIDATION_OUTPUT,178222,False,04134e4d020e7460ec0e12b644094164dff814f71a595f78bea7022db3d64a44,MOVE_OUTSIDE_REPOSITORY,D:\My-Projects\TradingBot-Local\archive\docs\order-architecture-2026-09-27\PHASE_2_FINAL_REGRESSION\case-08.json.gz,Preserve baseline/source recovery/regression archives externally,False,04134e4d020e7460ec0e12b644094164dff814f71a595f78bea7022db3d64a44
docs/order-architecture-2026-09-27/PHASE_2_FINAL_REGRESSION/case-08.stderr.log,VALIDATION_OUTPUT,10134,False,1be2cfb85a07e5c34b59ae60d6270cc5d59a6c4331e04720dd24f8afc0f59cf0,MOVE_OUTSIDE_REPOSITORY,D:\My-Projects\TradingBot-Local\archive\docs\order-architecture-2026-09-27\PHASE_2_FINAL_REGRESSION\case-08.stderr.log,Preserve baseline/source recovery/regression archives externally,False,1be2cfb85a07e5c34b59ae60d6270cc5d59a6c4331e04720dd24f8afc0f59cf0
docs/order-architecture-2026-09-27/PHASE_2_FINAL_REGRESSION/case-09.json.gz,VALIDATION_OUTPUT,148107,False,dd509314f36859e2ce76ef70062ba2bec62668990164dbc5d23d3b95acd1f305,MOVE_OUTSIDE_REPOSITORY,D:\My-Projects\TradingBot-Local\archive\docs\order-architecture-2026-09-27\PHASE_2_FINAL_REGRESSION\case-09.json.gz,Preserve baseline/source recovery/regression archives externally,False,dd509314f36859e2ce76ef70062ba2bec62668990164dbc5d23d3b95acd1f305
docs/order-architecture-2026-09-27/PHASE_2_FINAL_REGRESSION/case-09.stderr.log,VALIDATION_OUTPUT,9462,False,5419740cf9f7460f54afe2fd7572938b8e108059a1504da290cf7818efe5e797,MOVE_OUTSIDE_REPOSITORY,D:\My-Projects\TradingBot-Local\archive\docs\order-architecture-2026-09-27\PHASE_2_FINAL_REGRESSION\case-09.stderr.log,Preserve baseline/source recovery/regression archives externally,False,5419740cf9f7460f54afe2fd7572938b8e108059a1504da290cf7818efe5e797
docs/order-architecture-2026-09-27/PHASE_2_FINAL_REGRESSION/manifest.json,VALIDATION_OUTPUT,35809,False,01c59d9493b41427069128340e05a7f953d57dad8ce675efb1dfc179b3af0fa4,MOVE_OUTSIDE_REPOSITORY,D:\My-Projects\TradingBot-Local\archive\docs\order-architecture-2026-09-27\PHASE_2_FINAL_REGRESSION\manifest.json,Preserve baseline/source recovery/regression archives externally,False,01c59d9493b41427069128340e05a7f953d57dad8ce675efb1dfc179b3af0fa4
docs/order-architecture-2026-09-27/recovery-smoke/case-01.json.gz,VALIDATION_OUTPUT,71184,False,0d22b68b8ae9ebdfaa982352a2b9bdd4ec89cd4c7d85fb9ed76c58371f856b5f,MOVE_OUTSIDE_REPOSITORY,D:\My-Projects\TradingBot-Local\archive\docs\order-architecture-2026-09-27\recovery-smoke\case-01.json.gz,Preserve baseline/source recovery/regression archives externally,False,0d22b68b8ae9ebdfaa982352a2b9bdd4ec89cd4c7d85fb9ed76c58371f856b5f
docs/order-architecture-2026-09-27/recovery-smoke/case-01.stderr.log,VALIDATION_OUTPUT,8120,False,2764b86f653ca85daa7d9f751df1f3f6d4329f733128955cdbd6fb10f633f4c4,MOVE_OUTSIDE_REPOSITORY,D:\My-Projects\TradingBot-Local\archive\docs\order-architecture-2026-09-27\recovery-smoke\case-01.stderr.log,Preserve baseline/source recovery/regression archives externally,False,2764b86f653ca85daa7d9f751df1f3f6d4329f733128955cdbd6fb10f633f4c4
docs/order-architecture-2026-09-27/recovery-smoke/manifest.json,VALIDATION_OUTPUT,5325,False,b5f0e1be724b8630f5fc159a53a1dd17c012763c4e3f158c5be4a785ecce3d15,MOVE_OUTSIDE_REPOSITORY,D:\My-Projects\TradingBot-Local\archive\docs\order-architecture-2026-09-27\recovery-smoke\manifest.json,Preserve baseline/source recovery/regression archives externally,False,b5f0e1be724b8630f5fc159a53a1dd17c012763c4e3f158c5be4a785ecce3d15
docs/order-architecture-2026-09-27/smoke-precision/case-01.json.gz,VALIDATION_OUTPUT,71184,False,0d22b68b8ae9ebdfaa982352a2b9bdd4ec89cd4c7d85fb9ed76c58371f856b5f,MOVE_OUTSIDE_REPOSITORY,D:\My-Projects\TradingBot-Local\archive\docs\order-architecture-2026-09-27\smoke-precision\case-01.json.gz,Preserve baseline/source recovery/regression archives externally,False,0d22b68b8ae9ebdfaa982352a2b9bdd4ec89cd4c7d85fb9ed76c58371f856b5f
docs/order-architecture-2026-09-27/smoke-precision/case-01.stderr.log,VALIDATION_OUTPUT,8122,False,ca94d1e001cc512a4ec4b6a73198ab4494671ea1ff000fa8576355a044319462,MOVE_OUTSIDE_REPOSITORY,D:\My-Projects\TradingBot-Local\archive\docs\order-architecture-2026-09-27\smoke-precision\case-01.stderr.log,Preserve baseline/source recovery/regression archives externally,False,ca94d1e001cc512a4ec4b6a73198ab4494671ea1ff000fa8576355a044319462
docs/order-architecture-2026-09-27/smoke-precision/manifest.json,VALIDATION_OUTPUT,5194,False,b744a447c584bd8324cf0b774e1af9f2cea6640410593ec3f982a74959205b34,MOVE_OUTSIDE_REPOSITORY,D:\My-Projects\TradingBot-Local\archive\docs\order-architecture-2026-09-27\smoke-precision\manifest.json,Preserve baseline/source recovery/regression archives externally,False,b744a447c584bd8324cf0b774e1af9f2cea6640410593ec3f982a74959205b34
docs/order-architecture-2026-09-27/smoke-usoil-precision/case-01.json.gz,VALIDATION_OUTPUT,269821,False,9dae8ab14e4419438f0557c1d769649b5cc0d17ea25a9b9919b18d234f2cfbb1,MOVE_OUTSIDE_REPOSITORY,D:\My-Projects\TradingBot-Local\archive\docs\order-architecture-2026-09-27\smoke-usoil-precision\case-01.json.gz,Preserve baseline/source recovery/regression archives externally,False,9dae8ab14e4419438f0557c1d769649b5cc0d17ea25a9b9919b18d234f2cfbb1
docs/order-architecture-2026-09-27/smoke-usoil-precision/case-01.stderr.log,VALIDATION_OUTPUT,10154,False,0c0dfd375311ade424df5ddc0ce00c409cb3b9c3ee69d15482789122f2be5342,MOVE_OUTSIDE_REPOSITORY,D:\My-Projects\TradingBot-Local\archive\docs\order-architecture-2026-09-27\smoke-usoil-precision\case-01.stderr.log,Preserve baseline/source recovery/regression archives externally,False,0c0dfd375311ade424df5ddc0ce00c409cb3b9c3ee69d15482789122f2be5342
docs/order-architecture-2026-09-27/smoke-usoil-precision/manifest.json,VALIDATION_OUTPUT,5324,False,ff0eb2d5cc5d03f3a1315b7d1f80692e48dc12da5e8773194828522820b25920,MOVE_OUTSIDE_REPOSITORY,D:\My-Projects\TradingBot-Local\archive\docs\order-architecture-2026-09-27\smoke-usoil-precision\manifest.json,Preserve baseline/source recovery/regression archives externally,False,ff0eb2d5cc5d03f3a1315b7d1f80692e48dc12da5e8773194828522820b25920
docs/superpowers/plans/2026-09-17-tradingbot-v2-stable-audit.md,DOCUMENTATION,17234,True,4a020b67b4abbffb14d5226669740c8cc53d78c94c851db7fb716652bc5f3fec,MOVE_OUTSIDE_REPOSITORY,D:\My-Projects\TradingBot-Local\archive\docs\superpowers\plans\2026-09-17-tradingbot-v2-stable-audit.md,Retire completed historical tool-specific audit plans,False,4a020b67b4abbffb14d5226669740c8cc53d78c94c851db7fb716652bc5f3fec
docs/superpowers/plans/2026-09-21-complete-project-engineering-audit.md,DOCUMENTATION,13602,True,1bb6b19e97468a10bb59f6df9d7689edf5a3ee0c298e0ae66a4d3b95caed1580,MOVE_OUTSIDE_REPOSITORY,D:\My-Projects\TradingBot-Local\archive\docs\superpowers\plans\2026-09-21-complete-project-engineering-audit.md,Retire completed historical tool-specific audit plans,False,1bb6b19e97468a10bb59f6df9d7689edf5a3ee0c298e0ae66a4d3b95caed1580
docs/superpowers/plans/2026-09-23-bridge-output-projection.md,DOCUMENTATION,22779,False,9a61e0b07683a91b32525cf1afbd8bd3b52076d07f44c2b4d92fa843dfffd244,MOVE,docs/development/plans/2026-09-23-bridge-output-projection.md,Retain implementation plan with explicit historical status,True,ce0f87d16721a286dfe148b7cfb3e18a57315f3b6ae2c7f07f7783ef10ae25be
docs/superpowers/specs/2026-09-23-bridge-output-projection-design.md,DOCUMENTATION,13770,False,53eed0801b0b49cec2ead1d2ef0db07d9f8e4a7e9649880afbd1685cac66079f,MOVE,docs/development/specs/Bridge_Output_Projection.md,Retain durable interface design in normal documentation,True,53eed0801b0b49cec2ead1d2ef0db07d9f8e4a7e9649880afbd1685cac66079f
docs/validation-temp/probe-fetch-ports.mjs,DOCUMENTATION,729,False,efe16468791d422c6698d0f1db95166a4bc45916ff702c0261ecb5193e6c94da,MOVE_OUTSIDE_REPOSITORY,D:\My-Projects\TradingBot-Local\archive\docs\validation-temp\probe-fetch-ports.mjs,Historical temporary build evidence,False,efe16468791d422c6698d0f1db95166a4bc45916ff702c0261ecb5193e6c94da
docs/validation-temp/validate-static.mjs,DOCUMENTATION,2639,False,418529f6452897b224f47f24828de4be67c8f5225c678c0700aaba067b17efae,MOVE_OUTSIDE_REPOSITORY,D:\My-Projects\TradingBot-Local\archive\docs\validation-temp\validate-static.mjs,Historical temporary build evidence,False,418529f6452897b224f47f24828de4be67c8f5225c678c0700aaba067b17efae
docs/validation-temp/build/index.html,DOCUMENTATION,723,False,89d0a2e54cd4129f9285ec46d0980ed19f78eda5c619d5d8c681960a9a6a36eb,MOVE_OUTSIDE_REPOSITORY,D:\My-Projects\TradingBot-Local\archive\docs\validation-temp\build\index.html,Historical temporary build evidence,False,89d0a2e54cd4129f9285ec46d0980ed19f78eda5c619d5d8c681960a9a6a36eb
docs/validation-temp/build/assets/index-BTET6XLF.css,DOCUMENTATION,170306,False,746a7c478769f0ce938fed914a78efdd764bffe35ab3755964d4ef307291a4ed,MOVE_OUTSIDE_REPOSITORY,D:\My-Projects\TradingBot-Local\archive\docs\validation-temp\build\assets\index-BTET6XLF.css,Historical temporary build evidence,False,746a7c478769f0ce938fed914a78efdd764bffe35ab3755964d4ef307291a4ed
docs/validation-temp/build/assets/index-gIdNgkcc.js,DOCUMENTATION,747592,False,f96a435a57d2176c3a8a748859a61c624dbe19652af03314bc2dd8dde32f9310,MOVE_OUTSIDE_REPOSITORY,D:\My-Projects\TradingBot-Local\archive\docs\validation-temp\build\assets\index-gIdNgkcc.js,Historical temporary build evidence,False,f96a435a57d2176c3a8a748859a61c624dbe19652af03314bc2dd8dde32f9310
engine/__init__.py,PRODUCTION_SOURCE,0,True,e3b0c44298fc1c149afbf4c8996fb92427ae41e4649b934ca495991b7852b855,KEEP,engine/__init__.py,Maintained project content or local test,True,e3b0c44298fc1c149afbf4c8996fb92427ae41e4649b934ca495991b7852b855
engine/algorithms/TradingBot_Bearish_Algorithm_Reference_V5.4.19_EX1_Source_Synchronized.md,ALGORITHM_REFERENCE,569305,False,109753d7d056b6b9ee173cc7f47472b53a77174d26e89f38b00b81061f310e18,KEEP,engine/algorithms/TradingBot_Bearish_Algorithm_Reference_V5.4.19_EX1_Source_Synchronized.md,Maintained project content or local test,True,109753d7d056b6b9ee173cc7f47472b53a77174d26e89f38b00b81061f310e18
engine/algorithms/TradingBot_Bullish_Algorithm_Reference_V5.4.19_EX1_Source_Synchronized.md,ALGORITHM_REFERENCE,569275,False,d3a0b89c59f1304ddefe6f6931cedf7ea2e17a15893c63d652c89489f3e6387f,KEEP,engine/algorithms/TradingBot_Bullish_Algorithm_Reference_V5.4.19_EX1_Source_Synchronized.md,Maintained project content or local test,True,d3a0b89c59f1304ddefe6f6931cedf7ea2e17a15893c63d652c89489f3e6387f
engine/bridge/trading_pipeline.py,PRODUCTION_SOURCE,107807,True,ef5109f4ebb95bc0e04b3d964b14da5f764ae4472f3d10a1a9b7192d59fec683,KEEP,engine/bridge/trading_pipeline.py,Maintained project content or local test,True,ef5109f4ebb95bc0e04b3d964b14da5f764ae4472f3d10a1a9b7192d59fec683
engine/bridge/__init__.py,PRODUCTION_SOURCE,64,True,2bc59770b9d4313c0e6306287d074487b9e1672dbaf3ada9a8be381e7123f0b8,KEEP,engine/bridge/__init__.py,Maintained project content or local test,True,2bc59770b9d4313c0e6306287d074487b9e1672dbaf3ada9a8be381e7123f0b8
engine/bridge/__pycache__/trading_pipeline.cpython-314.pyc,CACHE,124429,False,,DELETE,,Regenerable dependency/build/cache output,False,
engine/pipeline/a_zone_detector.py,PRODUCTION_SOURCE,31007,True,d7c33dd619ad7e4590027667a2c4e984c83be7b82fbfafeb5d7f944ddd521097,KEEP,engine/pipeline/a_zone_detector.py,Maintained project content or local test,True,d7c33dd619ad7e4590027667a2c4e984c83be7b82fbfafeb5d7f944ddd521097
engine/pipeline/blue_line_detector.py,PRODUCTION_SOURCE,15802,True,6fa01d94bc98060b62bc7e68db0ec24a0b0159727d44043affee7130a9c11448,KEEP,engine/pipeline/blue_line_detector.py,Maintained project content or local test,True,6fa01d94bc98060b62bc7e68db0ec24a0b0159727d44043affee7130a9c11448
engine/pipeline/core_utils.py,PRODUCTION_SOURCE,885,True,3dae390ae77b72965f5799f7c132c4eba203775d5e72761fd7dd60c90f8578de,KEEP,engine/pipeline/core_utils.py,Maintained project content or local test,True,3dae390ae77b72965f5799f7c132c4eba203775d5e72761fd7dd60c90f8578de
engine/pipeline/direction_policy.py,PRODUCTION_SOURCE,2282,True,a27ac63c2f066311c9381e2ead6fb44f0789f423a37b465da65c80e6329397ea,KEEP,engine/pipeline/direction_policy.py,Maintained project content or local test,True,a27ac63c2f066311c9381e2ead6fb44f0789f423a37b465da65c80e6329397ea
engine/pipeline/e_zone_detector.py,PRODUCTION_SOURCE,44859,True,38834e96cc58931fe2e12096f4465ecaa046387d30fd40fecbd6891971020988,KEEP,engine/pipeline/e_zone_detector.py,Maintained project content or local test,True,38834e96cc58931fe2e12096f4465ecaa046387d30fd40fecbd6891971020988
engine/pipeline/lifecycle_engine.py,PRODUCTION_SOURCE,64325,True,94feb038e1e78b291762cfc03dfc370e48bb94f3e1fe1171b7a5206301e8be13,KEEP,engine/pipeline/lifecycle_engine.py,Maintained project content or local test,True,94feb038e1e78b291762cfc03dfc370e48bb94f3e1fe1171b7a5206301e8be13
engine/pipeline/order_audit_engine.py,PRODUCTION_SOURCE,75219,False,09cba00c0623ffcce0d7bc3460c1e963c4e2b14fb02a9172cc25dcca8ba9aedc,KEEP,engine/pipeline/order_audit_engine.py,Maintained project content or local test,True,09cba00c0623ffcce0d7bc3460c1e963c4e2b14fb02a9172cc25dcca8ba9aedc
engine/pipeline/reaction_engine.py,PRODUCTION_SOURCE,103120,True,bea0d5a5e95ee15ad54d024f6c01b8c777ba2abcc3c8e671118f1ae2df28f2a6,KEEP,engine/pipeline/reaction_engine.py,Maintained project content or local test,True,bea0d5a5e95ee15ad54d024f6c01b8c777ba2abcc3c8e671118f1ae2df28f2a6
engine/pipeline/s_zone_detector.py,PRODUCTION_SOURCE,60888,True,ef71a2e4176caaabc25d1ef0c1f0f24efb54ed3110982cdb7cf52d2449cca2ee,KEEP,engine/pipeline/s_zone_detector.py,Maintained project content or local test,True,ef71a2e4176caaabc25d1ef0c1f0f24efb54ed3110982cdb7cf52d2449cca2ee
engine/pipeline/__init__.py,PRODUCTION_SOURCE,348,True,ca549e4cf5d9a070227498d0d210279e0f7edae66d62dadab7981cddaa1db5c3,KEEP,engine/pipeline/__init__.py,Maintained project content or local test,True,ca549e4cf5d9a070227498d0d210279e0f7edae66d62dadab7981cddaa1db5c3
engine/pipeline/__pycache__/a_zone_detector.cpython-314.pyc,CACHE,34222,False,,DELETE,,Regenerable dependency/build/cache output,False,
engine/pipeline/__pycache__/blue_line_detector.cpython-314.pyc,CACHE,19261,False,,DELETE,,Regenerable dependency/build/cache output,False,
engine/pipeline/__pycache__/core_utils.cpython-314.pyc,CACHE,1960,False,,DELETE,,Regenerable dependency/build/cache output,False,
engine/pipeline/__pycache__/direction_policy.cpython-314.pyc,CACHE,4243,False,,DELETE,,Regenerable dependency/build/cache output,False,
engine/pipeline/__pycache__/e_zone_detector.cpython-314.pyc,CACHE,55225,False,,DELETE,,Regenerable dependency/build/cache output,False,
engine/pipeline/__pycache__/lifecycle_engine.cpython-314.pyc,CACHE,66214,False,,DELETE,,Regenerable dependency/build/cache output,False,
engine/pipeline/__pycache__/order_audit_engine.cpython-314.pyc,CACHE,88605,False,,DELETE,,Regenerable dependency/build/cache output,False,
engine/pipeline/__pycache__/reaction_engine.cpython-314.pyc,CACHE,110370,False,,DELETE,,Regenerable dependency/build/cache output,False,
engine/pipeline/__pycache__/s_zone_detector.cpython-314.pyc,CACHE,64093,False,,DELETE,,Regenerable dependency/build/cache output,False,
engine/pipeline/__pycache__/__init__.cpython-314.pyc,CACHE,419,False,,DELETE,,Regenerable dependency/build/cache output,False,
engine/styles/reaction-detector.css,PRODUCTION_SOURCE,44704,True,98f561ed97f1cd14301c1fcac0feddc5482a1fa488e71c1ddf97fe2cd4a71a8a,KEEP,engine/styles/reaction-detector.css,Maintained project content or local test,True,98f561ed97f1cd14301c1fcac0feddc5482a1fa488e71c1ddf97fe2cd4a71a8a
engine/__pycache__/__init__.cpython-314.pyc,CACHE,143,False,,DELETE,,Regenerable dependency/build/cache output,False,
graphify-out/cache/stat-index.json,GRAPHIFY_OUTPUT,22333,True,,MOVE_OUTSIDE_REPOSITORY,D:\My-Projects\TradingBot-Local\archive\graphify-out\cache\stat-index.json,Preserve pre-existing staged generated Graphify work externally,False,88df4be21e375674513896c5e18191aec2ebe7db54445f47ce65af9125337b25
graphify-out/cache/ast/v0.9.42/02f8512c4adb6b8b61cc47d2239fb95768d1c98e4f0e0dad092f8c9da069b85e.json,GRAPHIFY_OUTPUT,273,True,,MOVE_OUTSIDE_REPOSITORY,D:\My-Projects\TradingBot-Local\archive\graphify-out\cache\ast\v0.9.42\02f8512c4adb6b8b61cc47d2239fb95768d1c98e4f0e0dad092f8c9da069b85e.json,Preserve pre-existing staged generated Graphify work externally,False,4ce4799f343a314aa467df17608fa8d159d635b967733948a6645d261c0634a2
graphify-out/cache/ast/v0.9.42/0a3bdf3af4122105468e1a862844c078dddc36c3b93c34d56749fd5b8e003754.json,GRAPHIFY_OUTPUT,131928,True,,MOVE_OUTSIDE_REPOSITORY,D:\My-Projects\TradingBot-Local\archive\graphify-out\cache\ast\v0.9.42\0a3bdf3af4122105468e1a862844c078dddc36c3b93c34d56749fd5b8e003754.json,Preserve pre-existing staged generated Graphify work externally,False,42582f90cadbde8b81282f64ff53ed9b2f6755b2cfe344ed8d374c73fa24fa52
graphify-out/cache/ast/v0.9.42/0adf1dd050b06c34b3b41f0735d19dd99390323dd4d8df8391d8d63bdb44995a.json,GRAPHIFY_OUTPUT,2606,True,,MOVE_OUTSIDE_REPOSITORY,D:\My-Projects\TradingBot-Local\archive\graphify-out\cache\ast\v0.9.42\0adf1dd050b06c34b3b41f0735d19dd99390323dd4d8df8391d8d63bdb44995a.json,Preserve pre-existing staged generated Graphify work externally,False,7077a28b7e22360f396c27761807b5a6c2b6f990d1693d30fb2932988e823d91
graphify-out/cache/ast/v0.9.42/124a8535cd0ace0ff6f866bdbddeeb51c3d658590f6ad6307c1eb5cb023ef706.json,GRAPHIFY_OUTPUT,201650,True,,MOVE_OUTSIDE_REPOSITORY,D:\My-Projects\TradingBot-Local\archive\graphify-out\cache\ast\v0.9.42\124a8535cd0ace0ff6f866bdbddeeb51c3d658590f6ad6307c1eb5cb023ef706.json,Preserve pre-existing staged generated Graphify work externally,False,201a37929e1516247bf2ae0378db4a518ad1a8004681aaf4dfb3eeaf010596e7
graphify-out/cache/ast/v0.9.42/158ba9775c3cb499de08a8e4d9b47342ed14a382e937f7ffdf83b3688f900792.json,GRAPHIFY_OUTPUT,73787,True,,MOVE_OUTSIDE_REPOSITORY,D:\My-Projects\TradingBot-Local\archive\graphify-out\cache\ast\v0.9.42\158ba9775c3cb499de08a8e4d9b47342ed14a382e937f7ffdf83b3688f900792.json,Preserve pre-existing staged generated Graphify work externally,False,c93423d81b7a9cd31a45c29cc998cfea47140aa4e1959f3ca4807339dabc203d
graphify-out/cache/ast/v0.9.42/1ce6bd8ae8b73439035519a19ff4294173117fcac5b43297a845de41b0d65a8f.json,GRAPHIFY_OUTPUT,13308,True,,MOVE_OUTSIDE_REPOSITORY,D:\My-Projects\TradingBot-Local\archive\graphify-out\cache\ast\v0.9.42\1ce6bd8ae8b73439035519a19ff4294173117fcac5b43297a845de41b0d65a8f.json,Preserve pre-existing staged generated Graphify work externally,False,533e1f5470be2b87b10b4da40a26129bdfb355ffb391dd16b92b5b5384d9f1f1
graphify-out/cache/ast/v0.9.42/1e511e0e0fb62ce1ced58d6e479e6fdc8f39dc0f61e9161e1cb40e9bbc43f43c.json,GRAPHIFY_OUTPUT,201897,True,,MOVE_OUTSIDE_REPOSITORY,D:\My-Projects\TradingBot-Local\archive\graphify-out\cache\ast\v0.9.42\1e511e0e0fb62ce1ced58d6e479e6fdc8f39dc0f61e9161e1cb40e9bbc43f43c.json,Preserve pre-existing staged generated Graphify work externally,False,8d95c740afeb7ad6db60bebbb4b394e005cdd5b810c4d23bc3002e84b39e69b3
graphify-out/cache/ast/v0.9.42/4adcad6c8628d257f5894526b1eaab4b2e136be3a5a471cbd42d1ba15f4699f2.json,GRAPHIFY_OUTPUT,10348,True,,MOVE_OUTSIDE_REPOSITORY,D:\My-Projects\TradingBot-Local\archive\graphify-out\cache\ast\v0.9.42\4adcad6c8628d257f5894526b1eaab4b2e136be3a5a471cbd42d1ba15f4699f2.json,Preserve pre-existing staged generated Graphify work externally,False,9057c2fc4b88293f4e52b4b3f113d47b2c6cda23f50f54e2cc62d14a6f768b6e
graphify-out/cache/ast/v0.9.42/4dc10723517caf8b8ea88b036d7f778d4d6ad1796ecdd8d6eb0a69f357a6d6d0.json,GRAPHIFY_OUTPUT,39355,True,,MOVE_OUTSIDE_REPOSITORY,D:\My-Projects\TradingBot-Local\archive\graphify-out\cache\ast\v0.9.42\4dc10723517caf8b8ea88b036d7f778d4d6ad1796ecdd8d6eb0a69f357a6d6d0.json,Preserve pre-existing staged generated Graphify work externally,False,59a33c7773d1be3cf4649386f20fb09574e853f6180249583a9216c14880b20d
graphify-out/cache/ast/v0.9.42/5c8c8182d07e270245efa4bde567757f787d3653946e5cb8b48695b71dc4a846.json,GRAPHIFY_OUTPUT,14535,True,,MOVE_OUTSIDE_REPOSITORY,D:\My-Projects\TradingBot-Local\archive\graphify-out\cache\ast\v0.9.42\5c8c8182d07e270245efa4bde567757f787d3653946e5cb8b48695b71dc4a846.json,Preserve pre-existing staged generated Graphify work externally,False,b0ff98ff7318d8c4ec6769c761fe1c6df1d277c082913e21e52ed26267a09be9
graphify-out/cache/ast/v0.9.42/5e62d9a26aa65958372f5f2191a38b48355cc2de0691d3570c2adce70a2fbf70.json,GRAPHIFY_OUTPUT,8736,True,,MOVE_OUTSIDE_REPOSITORY,D:\My-Projects\TradingBot-Local\archive\graphify-out\cache\ast\v0.9.42\5e62d9a26aa65958372f5f2191a38b48355cc2de0691d3570c2adce70a2fbf70.json,Preserve pre-existing staged generated Graphify work externally,False,df75958b1889e74cda2df857cbd305660541335eb912d21923770af9be7191dd
graphify-out/cache/ast/v0.9.42/621ff6e37b3cb8b3dc39edf812e509831b93d0434c970dd00f6da4de0ef2c6f6.json,GRAPHIFY_OUTPUT,42509,True,,MOVE_OUTSIDE_REPOSITORY,D:\My-Projects\TradingBot-Local\archive\graphify-out\cache\ast\v0.9.42\621ff6e37b3cb8b3dc39edf812e509831b93d0434c970dd00f6da4de0ef2c6f6.json,Preserve pre-existing staged generated Graphify work externally,False,191231089831734a0ee718d3abbb8dd9684b1b009b015885696f193acf301455
graphify-out/cache/ast/v0.9.42/6534edb6396ba1dc672357e16520f5d1fba86894a490ac2fae10b5ec7cb1abc6.json,GRAPHIFY_OUTPUT,11907,True,,MOVE_OUTSIDE_REPOSITORY,D:\My-Projects\TradingBot-Local\archive\graphify-out\cache\ast\v0.9.42\6534edb6396ba1dc672357e16520f5d1fba86894a490ac2fae10b5ec7cb1abc6.json,Preserve pre-existing staged generated Graphify work externally,False,7650d2a1556a28878db46dadca2ef10105ef93de1c197569e9664bcfc4b5424a
graphify-out/cache/ast/v0.9.42/67fc5d76fff132963cd6f0213100725787fe0357a49f9b0c78e6f18ea8c389aa.json,GRAPHIFY_OUTPUT,8152,True,,MOVE_OUTSIDE_REPOSITORY,D:\My-Projects\TradingBot-Local\archive\graphify-out\cache\ast\v0.9.42\67fc5d76fff132963cd6f0213100725787fe0357a49f9b0c78e6f18ea8c389aa.json,Preserve pre-existing staged generated Graphify work externally,False,65c284f4c48e0d5f2eadc1401f98e29f630d3ac115202fc069bfbe1c7cfca479
graphify-out/cache/ast/v0.9.42/6a8a9f0742f70292566fe808b738ebd728e4e850d4fd54112e922197476a365a.json,GRAPHIFY_OUTPUT,610,True,,MOVE_OUTSIDE_REPOSITORY,D:\My-Projects\TradingBot-Local\archive\graphify-out\cache\ast\v0.9.42\6a8a9f0742f70292566fe808b738ebd728e4e850d4fd54112e922197476a365a.json,Preserve pre-existing staged generated Graphify work externally,False,3cb02c561adcfbd7aa7a91dd259ebf9d86d447bf827c0ee993585f1e7b841d0a
graphify-out/cache/ast/v0.9.42/769a63faa33ce30f307b37dfcc70be84a23c072ccc5ab7e1a28237e049c05d87.json,GRAPHIFY_OUTPUT,5420,True,,MOVE_OUTSIDE_REPOSITORY,D:\My-Projects\TradingBot-Local\archive\graphify-out\cache\ast\v0.9.42\769a63faa33ce30f307b37dfcc70be84a23c072ccc5ab7e1a28237e049c05d87.json,Preserve pre-existing staged generated Graphify work externally,False,ee02339e364cc8df41e2fa75bfd71c82fda908e0fc25a441e243decc13d09e7b
graphify-out/cache/ast/v0.9.42/78133e7b029a596aaf6caeeb9248efe96086f308b2439dc84c08b0836e54f07e.json,GRAPHIFY_OUTPUT,3105,True,,MOVE_OUTSIDE_REPOSITORY,D:\My-Projects\TradingBot-Local\archive\graphify-out\cache\ast\v0.9.42\78133e7b029a596aaf6caeeb9248efe96086f308b2439dc84c08b0836e54f07e.json,Preserve pre-existing staged generated Graphify work externally,False,572eb4dea1e9f9c3c4208e5bfc756c08a0b12d631cef521557472e5d5924bfbd
graphify-out/cache/ast/v0.9.42/8556f8d0107e8c8ad2442d353d1bb918af34d8fd45b607b4cc8151a50e707204.json,GRAPHIFY_OUTPUT,77341,True,,MOVE_OUTSIDE_REPOSITORY,D:\My-Projects\TradingBot-Local\archive\graphify-out\cache\ast\v0.9.42\8556f8d0107e8c8ad2442d353d1bb918af34d8fd45b607b4cc8151a50e707204.json,Preserve pre-existing staged generated Graphify work externally,False,dce94eb2bbc37520d98d2a02e340ce0c35b6875478375ab28b4e6816b9b0f4bd
graphify-out/cache/ast/v0.9.42/8bf117271c1095929a8119c01cb3e65f82b146c7b1a3e80f8c1ea0d51349bbff.json,GRAPHIFY_OUTPUT,57542,True,,MOVE_OUTSIDE_REPOSITORY,D:\My-Projects\TradingBot-Local\archive\graphify-out\cache\ast\v0.9.42\8bf117271c1095929a8119c01cb3e65f82b146c7b1a3e80f8c1ea0d51349bbff.json,Preserve pre-existing staged generated Graphify work externally,False,ba5188770db21af0b6a60b6b34695eaf5e663e869789a83c18209ca1768e10d8
graphify-out/cache/ast/v0.9.42/91d98c7912b4cff020f9b5e940348654fc0433e0e912962ae6cc2ebdfc5dca52.json,GRAPHIFY_OUTPUT,184892,True,,MOVE_OUTSIDE_REPOSITORY,D:\My-Projects\TradingBot-Local\archive\graphify-out\cache\ast\v0.9.42\91d98c7912b4cff020f9b5e940348654fc0433e0e912962ae6cc2ebdfc5dca52.json,Preserve pre-existing staged generated Graphify work externally,False,32f8f8040b859dd86eab75ab4ea8d69fe644509bc174fc64286d9cccb60ded0f
graphify-out/cache/ast/v0.9.42/a0ef83100cb4bea3f52e34b5eabe83f81a6278262d1b8fe73fd3b34c40903e9e.json,GRAPHIFY_OUTPUT,1030,True,,MOVE_OUTSIDE_REPOSITORY,D:\My-Projects\TradingBot-Local\archive\graphify-out\cache\ast\v0.9.42\a0ef83100cb4bea3f52e34b5eabe83f81a6278262d1b8fe73fd3b34c40903e9e.json,Preserve pre-existing staged generated Graphify work externally,False,fa8746238a2f206e91686df0ef6833dede6360555aa90a9171ad8442383910d5
graphify-out/cache/ast/v0.9.42/a140f753961037e52bfaa420dea3a9eb90a1ec0f10cb1d80560cefca1889cd73.json,GRAPHIFY_OUTPUT,4633,True,,MOVE_OUTSIDE_REPOSITORY,D:\My-Projects\TradingBot-Local\archive\graphify-out\cache\ast\v0.9.42\a140f753961037e52bfaa420dea3a9eb90a1ec0f10cb1d80560cefca1889cd73.json,Preserve pre-existing staged generated Graphify work externally,False,9b899aecc7db2e0190a38b9f6d13eb33119eb8958abe0ff9a61da442c8f2fbdb
graphify-out/cache/ast/v0.9.42/a1e5c034fcee990ee19d60723841b85810f42fc3a71a59c08978e6b43e4f675f.json,GRAPHIFY_OUTPUT,144760,True,,MOVE_OUTSIDE_REPOSITORY,D:\My-Projects\TradingBot-Local\archive\graphify-out\cache\ast\v0.9.42\a1e5c034fcee990ee19d60723841b85810f42fc3a71a59c08978e6b43e4f675f.json,Preserve pre-existing staged generated Graphify work externally,False,fe7f485115da8baa9eb55b03de442ccaeb01ff4bfaeadc511cdb969d44a50c16
graphify-out/cache/ast/v0.9.42/a22c6b0ffb73e30d0ec55d1af54e1c9f71205aa924ac879354b4a3edc9be5691.json,GRAPHIFY_OUTPUT,3492,True,,MOVE_OUTSIDE_REPOSITORY,D:\My-Projects\TradingBot-Local\archive\graphify-out\cache\ast\v0.9.42\a22c6b0ffb73e30d0ec55d1af54e1c9f71205aa924ac879354b4a3edc9be5691.json,Preserve pre-existing staged generated Graphify work externally,False,472af50e6348c3f8270347026e79ced69611a928841c752e681d63098119bee8
graphify-out/cache/ast/v0.9.42/b2e7be64b16d19890fe97e12fd9917ee365cf65d490af702739ed98558699bae.json,GRAPHIFY_OUTPUT,8659,True,,MOVE_OUTSIDE_REPOSITORY,D:\My-Projects\TradingBot-Local\archive\graphify-out\cache\ast\v0.9.42\b2e7be64b16d19890fe97e12fd9917ee365cf65d490af702739ed98558699bae.json,Preserve pre-existing staged generated Graphify work externally,False,efcddb57d50862a77dbaac372e21cf8e8a84e721232deea304ccee611a27225b
graphify-out/cache/ast/v0.9.42/b6ccaa387203d27a5c79d640c47716b006493c7cfd4f60e7f498eb47ff7df34d.json,GRAPHIFY_OUTPUT,13214,True,,MOVE_OUTSIDE_REPOSITORY,D:\My-Projects\TradingBot-Local\archive\graphify-out\cache\ast\v0.9.42\b6ccaa387203d27a5c79d640c47716b006493c7cfd4f60e7f498eb47ff7df34d.json,Preserve pre-existing staged generated Graphify work externally,False,eb4d752139e78cf7e33789b03157f4c411f1e7f4f74e2fb27524830f11087b00
graphify-out/cache/ast/v0.9.42/ba40724a7250343b99eced9f4d1716b7487dfdd944eb8811ccc22572709af533.json,GRAPHIFY_OUTPUT,102245,True,,MOVE_OUTSIDE_REPOSITORY,D:\My-Projects\TradingBot-Local\archive\graphify-out\cache\ast\v0.9.42\ba40724a7250343b99eced9f4d1716b7487dfdd944eb8811ccc22572709af533.json,Preserve pre-existing staged generated Graphify work externally,False,368e8ff98bc49c297fc5b6ba2dba81331492cc5f00783a2f8d6b8e610c9b28dd
graphify-out/cache/ast/v0.9.42/bfd1d7a63c38c9ea5e83f5e940488470d53e923b4bbd4884f0c4fda873715bf0.json,GRAPHIFY_OUTPUT,678,True,,MOVE_OUTSIDE_REPOSITORY,D:\My-Projects\TradingBot-Local\archive\graphify-out\cache\ast\v0.9.42\bfd1d7a63c38c9ea5e83f5e940488470d53e923b4bbd4884f0c4fda873715bf0.json,Preserve pre-existing staged generated Graphify work externally,False,0fe81320e68f6cb62e8f570140c2eddd6dff5789796eba783026487de25d5958
graphify-out/cache/ast/v0.9.42/c9bbd20cf52d269464ec40dbe4266d8a3e3d9d0d16dbac5d9693334dfe6ac134.json,GRAPHIFY_OUTPUT,10811,True,,MOVE_OUTSIDE_REPOSITORY,D:\My-Projects\TradingBot-Local\archive\graphify-out\cache\ast\v0.9.42\c9bbd20cf52d269464ec40dbe4266d8a3e3d9d0d16dbac5d9693334dfe6ac134.json,Preserve pre-existing staged generated Graphify work externally,False,e28b8baecaeacac52888c49c5e28ae2a93c8ccc01f45c346af334bdcfc83664b
graphify-out/cache/ast/v0.9.42/d1f5700aefe91738822017f7c65ab412e5b012d129a12fdd6cb365cabb8b1d7a.json,GRAPHIFY_OUTPUT,5237,True,,MOVE_OUTSIDE_REPOSITORY,D:\My-Projects\TradingBot-Local\archive\graphify-out\cache\ast\v0.9.42\d1f5700aefe91738822017f7c65ab412e5b012d129a12fdd6cb365cabb8b1d7a.json,Preserve pre-existing staged generated Graphify work externally,False,e0af0aab84ba817de2f933e6f6873d50ee035769f4f1a5c73afff4da7dcfe73d
graphify-out/cache/ast/v0.9.42/d7ae8eb0a1835b3af352da10d1eee6dfec87ffc07510d047f03e314ed90fc105.json,GRAPHIFY_OUTPUT,22860,True,,MOVE_OUTSIDE_REPOSITORY,D:\My-Projects\TradingBot-Local\archive\graphify-out\cache\ast\v0.9.42\d7ae8eb0a1835b3af352da10d1eee6dfec87ffc07510d047f03e314ed90fc105.json,Preserve pre-existing staged generated Graphify work externally,False,5ff2607c8ea285ddd005f85383da887ce4c8618798f80e329d2ad03abaffe7a9
graphify-out/cache/ast/v0.9.42/e22fe864bb6ab42436bb5a1ac5859adebbd9f7001e80f18ddd09497dfbbe01fc.json,GRAPHIFY_OUTPUT,32403,True,,MOVE_OUTSIDE_REPOSITORY,D:\My-Projects\TradingBot-Local\archive\graphify-out\cache\ast\v0.9.42\e22fe864bb6ab42436bb5a1ac5859adebbd9f7001e80f18ddd09497dfbbe01fc.json,Preserve pre-existing staged generated Graphify work externally,False,d9ca27ecbbf24af7195268a0e183785e8e92f17adf46e5f431c4c79b2c5226ae
graphify-out/cache/ast/v0.9.42/ee1f64c9fada443eb9ea0f6634f45c51c27f2d51fc8b91d7fe06e0bf7f1b7d92.json,GRAPHIFY_OUTPUT,27302,True,,MOVE_OUTSIDE_REPOSITORY,D:\My-Projects\TradingBot-Local\archive\graphify-out\cache\ast\v0.9.42\ee1f64c9fada443eb9ea0f6634f45c51c27f2d51fc8b91d7fe06e0bf7f1b7d92.json,Preserve pre-existing staged generated Graphify work externally,False,8d65e42d366d0213b5abc55f2e1b66995c096427ce38f7a52c0ac40ec63cf77b
graphify-out/cache/ast/v0.9.42/f46cd562f9dc7c450a7a71e850ba4eecb95a71f7ce34338f1b5a5d632cf56c7d.json,GRAPHIFY_OUTPUT,6427,True,,MOVE_OUTSIDE_REPOSITORY,D:\My-Projects\TradingBot-Local\archive\graphify-out\cache\ast\v0.9.42\f46cd562f9dc7c450a7a71e850ba4eecb95a71f7ce34338f1b5a5d632cf56c7d.json,Preserve pre-existing staged generated Graphify work externally,False,3c532a212133e559f27d97b337a9a5cfee7f5adb8f1f8d005fff5fbbb12b013f
graphify-out/cache/ast/v0.9.42/f5a7e8c04bd77bce30e0fcbdf68865ea4c362bd82709d08c25590142a6a40bcc.json,GRAPHIFY_OUTPUT,176211,True,,MOVE_OUTSIDE_REPOSITORY,D:\My-Projects\TradingBot-Local\archive\graphify-out\cache\ast\v0.9.42\f5a7e8c04bd77bce30e0fcbdf68865ea4c362bd82709d08c25590142a6a40bcc.json,Preserve pre-existing staged generated Graphify work externally,False,dd4277d6f36abbe90c16c95888ab3f651fa27d6a896a187d744a1c2ed0d2e6f4
graphify-out/cache/ast/v0.9.42/ff6a31a857ab1a3bd32d2dcbec43a9a0283062d54f14f1f8b3f30c75b26a3cca.json,GRAPHIFY_OUTPUT,254461,True,,MOVE_OUTSIDE_REPOSITORY,D:\My-Projects\TradingBot-Local\archive\graphify-out\cache\ast\v0.9.42\ff6a31a857ab1a3bd32d2dcbec43a9a0283062d54f14f1f8b3f30c75b26a3cca.json,Preserve pre-existing staged generated Graphify work externally,False,40c229c27043dd2150b72b1e94fb0c9f338c659d87e9bbac2cb05a1a83f0768c
runtime/cache/drawings/.gitkeep,RUNTIME_STATE,1,False,01ba4719c80b6fe911b091a7c05124b64eeece964e09c058ef8f9805daca546b,MOVE_OUTSIDE_REPOSITORY,D:\My-Projects\TradingBot-Local\cache\drawings\.gitkeep,"Preserve drawing, calculation and template state",False,01ba4719c80b6fe911b091a7c05124b64eeece964e09c058ef8f9805daca546b
runtime/cache/drawings/FOREXCOM-XAUUSD/RAW-FOREXCOM_XAUUSD-1S-FROM-2026-08-18-04-44-40-TO-2026-09-03-00-29-39--1238cae0203672c1.json,RUNTIME_STATE,52752,False,7b89c457628b719ae810f786ab527e16b6962fd50bdb5d885065b6d76e0c2a34,MOVE_OUTSIDE_REPOSITORY,D:\My-Projects\TradingBot-Local\cache\drawings\FOREXCOM-XAUUSD\RAW-FOREXCOM_XAUUSD-1S-FROM-2026-08-18-04-44-40-TO-2026-09-03-00-29-39--1238cae0203672c1.json,"Preserve drawing, calculation and template state",False,7b89c457628b719ae810f786ab527e16b6962fd50bdb5d885065b6d76e0c2a34
runtime/cache/drawings/FOREXCOM-XAUUSD/RAW-FOREXCOM_XAUUSD-1S-FROM-2026-08-18-04-44-40-TO-2026-09-05-00-29-39--f5638c6a219922ab.json,RUNTIME_STATE,51748,False,0a406d2c514f9e63da2f53a5ac31bff86e0a65df9ffbe06bb9795e3ac65e392f,MOVE_OUTSIDE_REPOSITORY,D:\My-Projects\TradingBot-Local\cache\drawings\FOREXCOM-XAUUSD\RAW-FOREXCOM_XAUUSD-1S-FROM-2026-08-18-04-44-40-TO-2026-09-05-00-29-39--f5638c6a219922ab.json,"Preserve drawing, calculation and template state",False,0a406d2c514f9e63da2f53a5ac31bff86e0a65df9ffbe06bb9795e3ac65e392f
runtime/cache/drawings/FOREXCOM-XAUUSD/RAW-FOREXCOM_XAUUSD-1S-FROM-2026-08-18-04-44-40-TO-2026-09-07-16-27-44--4f200d2252b5a292.json,RUNTIME_STATE,1381,False,61598bb716f5d525e8c7070caae0a62f70829e3395fee6b3395405fcfb196f07,MOVE_OUTSIDE_REPOSITORY,D:\My-Projects\TradingBot-Local\cache\drawings\FOREXCOM-XAUUSD\RAW-FOREXCOM_XAUUSD-1S-FROM-2026-08-18-04-44-40-TO-2026-09-07-16-27-44--4f200d2252b5a292.json,"Preserve drawing, calculation and template state",False,61598bb716f5d525e8c7070caae0a62f70829e3395fee6b3395405fcfb196f07
runtime/cache/drawings/FOREXCOM-XAUUSD/RAW-FOREXCOM_XAUUSD-1S-FROM-2026-08-18-04-44-40-TO-2026-09-07-21-59-58--66d9ed634a922075.json,RUNTIME_STATE,668,False,d3678598890f088a4997e6105621ff79081f9895708f81dfd271aef23020a71d,MOVE_OUTSIDE_REPOSITORY,D:\My-Projects\TradingBot-Local\cache\drawings\FOREXCOM-XAUUSD\RAW-FOREXCOM_XAUUSD-1S-FROM-2026-08-18-04-44-40-TO-2026-09-07-21-59-58--66d9ed634a922075.json,"Preserve drawing, calculation and template state",False,d3678598890f088a4997e6105621ff79081f9895708f81dfd271aef23020a71d
runtime/cache/drawings/FOREXCOM-XAUUSD/RAW-FOREXCOM_XAUUSD-1S-FROM-2026-09-02-07-16-40-TO-2026-09-03-18-59-27--6aa7b8ec9e924b05.json,RUNTIME_STATE,2,False,4f53cda18c2baa0c0354bb5f9a3ecbe5ed12ab4d8e11ba873c2f11161202b945,MOVE_OUTSIDE_REPOSITORY,D:\My-Projects\TradingBot-Local\cache\drawings\FOREXCOM-XAUUSD\RAW-FOREXCOM_XAUUSD-1S-FROM-2026-09-02-07-16-40-TO-2026-09-03-18-59-27--6aa7b8ec9e924b05.json,"Preserve drawing, calculation and template state",False,4f53cda18c2baa0c0354bb5f9a3ecbe5ed12ab4d8e11ba873c2f11161202b945
runtime/cache/drawings/FOREXCOM-XAUUSD/RAW-FOREXCOM_XAUUSD-1S-FROM-2026-09-02-07-16-40-TO-2026-09-05-00-29-39--df8e08aad9ab57d2.json,RUNTIME_STATE,2,False,4f53cda18c2baa0c0354bb5f9a3ecbe5ed12ab4d8e11ba873c2f11161202b945,MOVE_OUTSIDE_REPOSITORY,D:\My-Projects\TradingBot-Local\cache\drawings\FOREXCOM-XAUUSD\RAW-FOREXCOM_XAUUSD-1S-FROM-2026-09-02-07-16-40-TO-2026-09-05-00-29-39--df8e08aad9ab57d2.json,"Preserve drawing, calculation and template state",False,4f53cda18c2baa0c0354bb5f9a3ecbe5ed12ab4d8e11ba873c2f11161202b945
runtime/cache/drawings/FOREXCOM-XAUUSD/RAW-FOREXCOM_XAUUSD-1S-FROM-2026-09-02-20-30-40-TO-2026-09-04-04-35-59--91837763e3fad922.json,RUNTIME_STATE,14195,False,f147e28ca907321d5a0f085213ea5da18f1e01113311dc3cdd9c15103f9c6f6b,MOVE_OUTSIDE_REPOSITORY,D:\My-Projects\TradingBot-Local\cache\drawings\FOREXCOM-XAUUSD\RAW-FOREXCOM_XAUUSD-1S-FROM-2026-09-02-20-30-40-TO-2026-09-04-04-35-59--91837763e3fad922.json,"Preserve drawing, calculation and template state",False,f147e28ca907321d5a0f085213ea5da18f1e01113311dc3cdd9c15103f9c6f6b
runtime/cache/drawings/FOREXCOM-XAUUSD/RAW-FOREXCOM_XAUUSD-1S-FROM-2026-09-02-20-30-40-TO-2026-09-04-08-28-28--cb4c737c50108b1c.json,RUNTIME_STATE,2,False,4f53cda18c2baa0c0354bb5f9a3ecbe5ed12ab4d8e11ba873c2f11161202b945,MOVE_OUTSIDE_REPOSITORY,D:\My-Projects\TradingBot-Local\cache\drawings\FOREXCOM-XAUUSD\RAW-FOREXCOM_XAUUSD-1S-FROM-2026-09-02-20-30-40-TO-2026-09-04-08-28-28--cb4c737c50108b1c.json,"Preserve drawing, calculation and template state",False,4f53cda18c2baa0c0354bb5f9a3ecbe5ed12ab4d8e11ba873c2f11161202b945
runtime/cache/drawings/FOREXCOM-XAUUSD/RAW-FOREXCOM_XAUUSD-1S-FROM-2026-09-02-20-30-40-TO-2026-09-04-09-09-43--1f9792c891d4988a.json,RUNTIME_STATE,2,False,4f53cda18c2baa0c0354bb5f9a3ecbe5ed12ab4d8e11ba873c2f11161202b945,MOVE_OUTSIDE_REPOSITORY,D:\My-Projects\TradingBot-Local\cache\drawings\FOREXCOM-XAUUSD\RAW-FOREXCOM_XAUUSD-1S-FROM-2026-09-02-20-30-40-TO-2026-09-04-09-09-43--1f9792c891d4988a.json,"Preserve drawing, calculation and template state",False,4f53cda18c2baa0c0354bb5f9a3ecbe5ed12ab4d8e11ba873c2f11161202b945
runtime/cache/drawings/FOREXCOM-XAUUSD/RAW-FOREXCOM_XAUUSD-1S-FROM-2026-09-03-19-05-40-TO-2026-09-04-04-35-59--ef96d876e95ecc3b.json,RUNTIME_STATE,28542,False,8a0c47f298bb93cab31a0b25eb1fbed909012ab9f6062e8540a16c5b27cf7c0d,MOVE_OUTSIDE_REPOSITORY,D:\My-Projects\TradingBot-Local\cache\drawings\FOREXCOM-XAUUSD\RAW-FOREXCOM_XAUUSD-1S-FROM-2026-09-03-19-05-40-TO-2026-09-04-04-35-59--ef96d876e95ecc3b.json,"Preserve drawing, calculation and template state",False,8a0c47f298bb93cab31a0b25eb1fbed909012ab9f6062e8540a16c5b27cf7c0d
runtime/cache/drawings/FOREXCOM-XAUUSD/RAW-FOREXCOM_XAUUSD-1S-FROM-2026-09-03-19-05-40-TO-2026-09-08-03-05-16--d9790c450f3d9351.json,RUNTIME_STATE,1319,False,107a808f3a59fd4a1c24357b0ad0d3a46717c0ba1d559a8882e7300d783e5434,MOVE_OUTSIDE_REPOSITORY,D:\My-Projects\TradingBot-Local\cache\drawings\FOREXCOM-XAUUSD\RAW-FOREXCOM_XAUUSD-1S-FROM-2026-09-03-19-05-40-TO-2026-09-08-03-05-16--d9790c450f3d9351.json,"Preserve drawing, calculation and template state",False,107a808f3a59fd4a1c24357b0ad0d3a46717c0ba1d559a8882e7300d783e5434
runtime/cache/drawings/FOREXCOM-XAUUSD/RAW-FOREXCOM_XAUUSD-1S-FROM-2026-09-03-19-05-40-TO-2026-09-08-03-18-28--d97e2cae12c18ce6.json,RUNTIME_STATE,639,False,4a49cdcf1dd730b051e770efb59590f799129b45c15cb2a411cf608eb85ec491,MOVE_OUTSIDE_REPOSITORY,D:\My-Projects\TradingBot-Local\cache\drawings\FOREXCOM-XAUUSD\RAW-FOREXCOM_XAUUSD-1S-FROM-2026-09-03-19-05-40-TO-2026-09-08-03-18-28--d97e2cae12c18ce6.json,"Preserve drawing, calculation and template state",False,4a49cdcf1dd730b051e770efb59590f799129b45c15cb2a411cf608eb85ec491
runtime/cache/drawings/FOREXCOM-XAUUSD/RAW-FOREXCOM_XAUUSD-1S-FROM-2026-09-03-19-05-40-TO-2026-09-14-15-45-26--2b324fd027742dd7.json,RUNTIME_STATE,1237,False,6936dc423a775fefc524aa271552e33cfbbdea1ed55aa7211b4cd8bad0462c58,MOVE_OUTSIDE_REPOSITORY,D:\My-Projects\TradingBot-Local\cache\drawings\FOREXCOM-XAUUSD\RAW-FOREXCOM_XAUUSD-1S-FROM-2026-09-03-19-05-40-TO-2026-09-14-15-45-26--2b324fd027742dd7.json,"Preserve drawing, calculation and template state",False,6936dc423a775fefc524aa271552e33cfbbdea1ed55aa7211b4cd8bad0462c58
runtime/cache/drawings/FOREXCOM-XAUUSD/RAW-FOREXCOM_XAUUSD-1S-FROM-2026-09-04-16-48-10-TO-2026-09-08-02-49-33--395f9be07f4352ae.json,RUNTIME_STATE,1319,False,ea14cd7f067ede8c088bd92f0c496c39e5c0f19325093cdcb57e396ce2c01ae0,MOVE_OUTSIDE_REPOSITORY,D:\My-Projects\TradingBot-Local\cache\drawings\FOREXCOM-XAUUSD\RAW-FOREXCOM_XAUUSD-1S-FROM-2026-09-04-16-48-10-TO-2026-09-08-02-49-33--395f9be07f4352ae.json,"Preserve drawing, calculation and template state",False,ea14cd7f067ede8c088bd92f0c496c39e5c0f19325093cdcb57e396ce2c01ae0
runtime/cache/drawings/FXCM-USOIL/RAW-FXCM_USOIL-1S-FROM-2026-09-03-13-46-40-TO-2026-09-04-03-45-05--aa0a9fdd66e0b585.json,RUNTIME_STATE,1288,False,a93704ba5cba807e1227fc2750221d6834822d486e7957d3c98a7dd5a0e60f7a,MOVE_OUTSIDE_REPOSITORY,D:\My-Projects\TradingBot-Local\cache\drawings\FXCM-USOIL\RAW-FXCM_USOIL-1S-FROM-2026-09-03-13-46-40-TO-2026-09-04-03-45-05--aa0a9fdd66e0b585.json,"Preserve drawing, calculation and template state",False,a93704ba5cba807e1227fc2750221d6834822d486e7957d3c98a7dd5a0e60f7a
runtime/cache/drawings/FXCM-USOIL/RAW-FXCM_USOIL-1S-FROM-2026-09-04-17-41-10-TO-2026-09-08-03-28-24--f66e0264c171fb7f.json,RUNTIME_STATE,2016,False,b39233db4660d6bd60c985c51151b462b8d29ae90806ccaf7828d3b4740c9b7f,MOVE_OUTSIDE_REPOSITORY,D:\My-Projects\TradingBot-Local\cache\drawings\FXCM-USOIL\RAW-FXCM_USOIL-1S-FROM-2026-09-04-17-41-10-TO-2026-09-08-03-28-24--f66e0264c171fb7f.json,"Preserve drawing, calculation and template state",False,b39233db4660d6bd60c985c51151b462b8d29ae90806ccaf7828d3b4740c9b7f
runtime/cache/drawings/FXCM-USOIL/RAW-FXCM_USOIL-1S-FROM-2026-09-04-17-41-10-TO-2026-09-08-03-40-02--a997ade23e205b75.json,RUNTIME_STATE,680,False,eb439cf6f52aeb3622a8b2cef7286259919f7c559fb8ffba3235be082f0a57e9,MOVE_OUTSIDE_REPOSITORY,D:\My-Projects\TradingBot-Local\cache\drawings\FXCM-USOIL\RAW-FXCM_USOIL-1S-FROM-2026-09-04-17-41-10-TO-2026-09-08-03-40-02--a997ade23e205b75.json,"Preserve drawing, calculation and template state",False,eb439cf6f52aeb3622a8b2cef7286259919f7c559fb8ffba3235be082f0a57e9
runtime/cache/drawings/FXCM-USOIL/RAW-FXCM_USOIL-5S-FROM-2026-08-26-14-09-20-TO-2026-09-09-23-57-45--f5d63b4bed194bc9.json,RUNTIME_STATE,3990,False,28d694dae7a8f74bff68620a88ff5b8ca6ab43f8e22e8ab74e570dd755f804fd,MOVE_OUTSIDE_REPOSITORY,D:\My-Projects\TradingBot-Local\cache\drawings\FXCM-USOIL\RAW-FXCM_USOIL-5S-FROM-2026-08-26-14-09-20-TO-2026-09-09-23-57-45--f5d63b4bed194bc9.json,"Preserve drawing, calculation and template state",False,28d694dae7a8f74bff68620a88ff5b8ca6ab43f8e22e8ab74e570dd755f804fd
runtime/cache/drawings/FXCM-USOIL/RAW-FXCM_USOIL-5S-FROM-2026-08-27-02-00-00-TO-2026-09-02-20-38-00--afb89b57681cae54.json,RUNTIME_STATE,2,False,4f53cda18c2baa0c0354bb5f9a3ecbe5ed12ab4d8e11ba873c2f11161202b945,MOVE_OUTSIDE_REPOSITORY,D:\My-Projects\TradingBot-Local\cache\drawings\FXCM-USOIL\RAW-FXCM_USOIL-5S-FROM-2026-08-27-02-00-00-TO-2026-09-02-20-38-00--afb89b57681cae54.json,"Preserve drawing, calculation and template state",False,4f53cda18c2baa0c0354bb5f9a3ecbe5ed12ab4d8e11ba873c2f11161202b945
runtime/cache/drawings/FXCM-USOIL/RAW-FXCM_USOIL-5S-FROM-2026-09-08-07-23-20-TO-2026-09-12-00-14-55--a233e0bcded08a8f.json,RUNTIME_STATE,12108,False,37714c0a60fdaf1702daf1e3af6fb41a58d2d8ab415d62d59708e39a627271c6,MOVE_OUTSIDE_REPOSITORY,D:\My-Projects\TradingBot-Local\cache\drawings\FXCM-USOIL\RAW-FXCM_USOIL-5S-FROM-2026-09-08-07-23-20-TO-2026-09-12-00-14-55--a233e0bcded08a8f.json,"Preserve drawing, calculation and template state",False,37714c0a60fdaf1702daf1e3af6fb41a58d2d8ab415d62d59708e39a627271c6
runtime/cache/drawings/FXCM-USOIL/RAW-FXCM_USOIL-5S-FROM-2026-09-08-21-59-20-TO-2026-09-10-00-29-55--ee34ecf89aa449f9.json,RUNTIME_STATE,4822,False,4433cb893a537cae5529186375d4312b6e94bf6f9d0d47c43d1e3c7409f4d320,MOVE_OUTSIDE_REPOSITORY,D:\My-Projects\TradingBot-Local\cache\drawings\FXCM-USOIL\RAW-FXCM_USOIL-5S-FROM-2026-09-08-21-59-20-TO-2026-09-10-00-29-55--ee34ecf89aa449f9.json,"Preserve drawing, calculation and template state",False,4433cb893a537cae5529186375d4312b6e94bf6f9d0d47c43d1e3c7409f4d320
runtime/cache/drawings/FXCM-USOIL/RAW-FXCM_USOIL-5S-FROM-2026-09-11-02-53-30-TO-2026-09-12-00-14-55--3c82c61a37636bb9.json,RUNTIME_STATE,673,False,36f31acfc67ebc818ef18ed0926f7cb315579da3dcd510514986f2c2ac6a5a75,MOVE_OUTSIDE_REPOSITORY,D:\My-Projects\TradingBot-Local\cache\drawings\FXCM-USOIL\RAW-FXCM_USOIL-5S-FROM-2026-09-11-02-53-30-TO-2026-09-12-00-14-55--3c82c61a37636bb9.json,"Preserve drawing, calculation and template state",False,36f31acfc67ebc818ef18ed0926f7cb315579da3dcd510514986f2c2ac6a5a75
runtime/cache/drawings/FXCM-USOIL/RAW-FXCM_USOIL-5S-FROM-2026-09-11-02-53-30-TO-2026-09-14-16-05-05--8747a645c2f9988f.json,RUNTIME_STATE,2,False,4f53cda18c2baa0c0354bb5f9a3ecbe5ed12ab4d8e11ba873c2f11161202b945,MOVE_OUTSIDE_REPOSITORY,D:\My-Projects\TradingBot-Local\cache\drawings\FXCM-USOIL\RAW-FXCM_USOIL-5S-FROM-2026-09-11-02-53-30-TO-2026-09-14-16-05-05--8747a645c2f9988f.json,"Preserve drawing, calculation and template state",False,4f53cda18c2baa0c0354bb5f9a3ecbe5ed12ab4d8e11ba873c2f11161202b945
runtime/cache/drawings/FXCM-USOIL/RAW-FXCM_USOIL-5S-FROM-2026-09-11-02-53-30-TO-2026-09-15-06-44-00--c3b7f5dc6ea06669.json,RUNTIME_STATE,655,False,16fcfbede1fe7d3a83dd72c829713e304d14d16867d2afc064b0b57cd41078a0,MOVE_OUTSIDE_REPOSITORY,D:\My-Projects\TradingBot-Local\cache\drawings\FXCM-USOIL\RAW-FXCM_USOIL-5S-FROM-2026-09-11-02-53-30-TO-2026-09-15-06-44-00--c3b7f5dc6ea06669.json,"Preserve drawing, calculation and template state",False,16fcfbede1fe7d3a83dd72c829713e304d14d16867d2afc064b0b57cd41078a0
runtime/cache/drawings/RAW-FOREXCOM/RAW_FOREXCOM_XAUUSD_30S_FROM_2026_08_25_12_04_30_TO_2026_09_01_22--07b806212e54355a.json,RUNTIME_STATE,2,False,4f53cda18c2baa0c0354bb5f9a3ecbe5ed12ab4d8e11ba873c2f11161202b945,MOVE_OUTSIDE_REPOSITORY,D:\My-Projects\TradingBot-Local\cache\drawings\RAW-FOREXCOM\RAW_FOREXCOM_XAUUSD_30S_FROM_2026_08_25_12_04_30_TO_2026_09_01_22--07b806212e54355a.json,"Preserve drawing, calculation and template state",False,4f53cda18c2baa0c0354bb5f9a3ecbe5ed12ab4d8e11ba873c2f11161202b945
runtime/cache/drawings/USOIL/chart-2b7323f469c41534.json,RUNTIME_STATE,2050,False,aa07746e4bf83cdf137979667812f0391ca656e36e1e5a941147c8e8d8935687,MOVE_OUTSIDE_REPOSITORY,D:\My-Projects\TradingBot-Local\cache\drawings\USOIL\chart-2b7323f469c41534.json,"Preserve drawing, calculation and template state",False,aa07746e4bf83cdf137979667812f0391ca656e36e1e5a941147c8e8d8935687
runtime/cache/drawings/USOIL/chart-372904e2766e9f32.json,RUNTIME_STATE,2631,False,d5f40834123fb40301846d49843f08395542f495112c965bf26877a8bf6d1b95,MOVE_OUTSIDE_REPOSITORY,D:\My-Projects\TradingBot-Local\cache\drawings\USOIL\chart-372904e2766e9f32.json,"Preserve drawing, calculation and template state",False,d5f40834123fb40301846d49843f08395542f495112c965bf26877a8bf6d1b95
runtime/cache/drawings/USOIL/chart-48b381fa86baaa25.json,RUNTIME_STATE,684,False,f4c62646a476919ffb03d84f1dfb8be6c67fc6f5484ff2dc12ff71655dcb1ad8,MOVE_OUTSIDE_REPOSITORY,D:\My-Projects\TradingBot-Local\cache\drawings\USOIL\chart-48b381fa86baaa25.json,"Preserve drawing, calculation and template state",False,f4c62646a476919ffb03d84f1dfb8be6c67fc6f5484ff2dc12ff71655dcb1ad8
runtime/cache/drawings/USOIL/chart-c10d386ff197bca7.json,RUNTIME_STATE,1315,False,fd56549066aebbc75c8c326772241e02486edae7c6b8c091c919151fd4fce757,MOVE_OUTSIDE_REPOSITORY,D:\My-Projects\TradingBot-Local\cache\drawings\USOIL\chart-c10d386ff197bca7.json,"Preserve drawing, calculation and template state",False,fd56549066aebbc75c8c326772241e02486edae7c6b8c091c919151fd4fce757
runtime/cache/drawings/USOIL/chart-e83819201aac0cfe.json,RUNTIME_STATE,2659,False,3bdf1cc9b1012aef306e200a58c49b4d45f3677bc37816282f86f26afc484bd4,MOVE_OUTSIDE_REPOSITORY,D:\My-Projects\TradingBot-Local\cache\drawings\USOIL\chart-e83819201aac0cfe.json,"Preserve drawing, calculation and template state",False,3bdf1cc9b1012aef306e200a58c49b4d45f3677bc37816282f86f26afc484bd4
runtime/cache/drawings/USOIL/RAW-FARAZ_FXCM_USOIL-5S-FROM-1789082610-TO-1789442040--0d16c4eaf3ccb5d3.json,RUNTIME_STATE,683,False,9140bc25772ffcd0493e33443271e57acbced66b623a1781bc9b7c19e0184a1b,MOVE_OUTSIDE_REPOSITORY,D:\My-Projects\TradingBot-Local\cache\drawings\USOIL\RAW-FARAZ_FXCM_USOIL-5S-FROM-1789082610-TO-1789442040--0d16c4eaf3ccb5d3.json,"Preserve drawing, calculation and template state",False,9140bc25772ffcd0493e33443271e57acbced66b623a1781bc9b7c19e0184a1b
runtime/cache/drawings/XAUUSD/chart-18e2683422883f92.json,RUNTIME_STATE,683,False,d1890696bf2ba55a059f9af88d424d8e3bed23dda4c7c27130fd6ea9f2f48406,MOVE_OUTSIDE_REPOSITORY,D:\My-Projects\TradingBot-Local\cache\drawings\XAUUSD\chart-18e2683422883f92.json,"Preserve drawing, calculation and template state",False,d1890696bf2ba55a059f9af88d424d8e3bed23dda4c7c27130fd6ea9f2f48406
runtime/cache/drawings/XAUUSD/chart-1bb085bb0d404610.json,RUNTIME_STATE,1963,False,2e1d34d5377c10c334ced1706fa7a238b8bef266fe067c3e65a4daf322d3e0d4,MOVE_OUTSIDE_REPOSITORY,D:\My-Projects\TradingBot-Local\cache\drawings\XAUUSD\chart-1bb085bb0d404610.json,"Preserve drawing, calculation and template state",False,2e1d34d5377c10c334ced1706fa7a238b8bef266fe067c3e65a4daf322d3e0d4
runtime/cache/drawings/XAUUSD/chart-5733c3db1c1d1180.json,RUNTIME_STATE,7351,False,78f170372f941e83685c485ed37e1f8b3926dce7b9eb63c8ba83448eb4a0df86,MOVE_OUTSIDE_REPOSITORY,D:\My-Projects\TradingBot-Local\cache\drawings\XAUUSD\chart-5733c3db1c1d1180.json,"Preserve drawing, calculation and template state",False,78f170372f941e83685c485ed37e1f8b3926dce7b9eb63c8ba83448eb4a0df86
runtime/cache/drawings/XAUUSD/chart-5f638fec65138f5d.json,RUNTIME_STATE,23211,False,6d10d05fc1346eebeb06ec3a95218f1cd98e6af82a7834a0181725ff0d67fd4c,MOVE_OUTSIDE_REPOSITORY,D:\My-Projects\TradingBot-Local\cache\drawings\XAUUSD\chart-5f638fec65138f5d.json,"Preserve drawing, calculation and template state",False,6d10d05fc1346eebeb06ec3a95218f1cd98e6af82a7834a0181725ff0d67fd4c
runtime/cache/drawings/XAUUSD/chart-8bf7f4ca24a60c28.json,RUNTIME_STATE,683,False,d1890696bf2ba55a059f9af88d424d8e3bed23dda4c7c27130fd6ea9f2f48406,MOVE_OUTSIDE_REPOSITORY,D:\My-Projects\TradingBot-Local\cache\drawings\XAUUSD\chart-8bf7f4ca24a60c28.json,"Preserve drawing, calculation and template state",False,d1890696bf2ba55a059f9af88d424d8e3bed23dda4c7c27130fd6ea9f2f48406
runtime/cache/drawings/XAUUSD/chart-8c8927720def6abe.json,RUNTIME_STATE,13837,False,6a6ff81d796ce7f648a58367bd22464505e87036ec3484e8d0d314248f749af6,MOVE_OUTSIDE_REPOSITORY,D:\My-Projects\TradingBot-Local\cache\drawings\XAUUSD\chart-8c8927720def6abe.json,"Preserve drawing, calculation and template state",False,6a6ff81d796ce7f648a58367bd22464505e87036ec3484e8d0d314248f749af6
runtime/cache/drawings/XAUUSD/chart-b7d7f898c11cbf6e.json,RUNTIME_STATE,681,False,0b64f6aa9a0ec78d001606334d7bb4f6de4c61abc5f38d7704d699eec3742698,MOVE_OUTSIDE_REPOSITORY,D:\My-Projects\TradingBot-Local\cache\drawings\XAUUSD\chart-b7d7f898c11cbf6e.json,"Preserve drawing, calculation and template state",False,0b64f6aa9a0ec78d001606334d7bb4f6de4c61abc5f38d7704d699eec3742698
runtime/cache/drawings/XAUUSD/chart-cb5bec23b0561fd0.json,RUNTIME_STATE,683,False,d1890696bf2ba55a059f9af88d424d8e3bed23dda4c7c27130fd6ea9f2f48406,MOVE_OUTSIDE_REPOSITORY,D:\My-Projects\TradingBot-Local\cache\drawings\XAUUSD\chart-cb5bec23b0561fd0.json,"Preserve drawing, calculation and template state",False,d1890696bf2ba55a059f9af88d424d8e3bed23dda4c7c27130fd6ea9f2f48406
runtime/cache/drawings/XAUUSD/chart-cef495ec7a341f0e.json,RUNTIME_STATE,2669,False,9a0db99c063690b665fa4c3ef9452eb434ef3fa0a10df42bf22973e3047d5957,MOVE_OUTSIDE_REPOSITORY,D:\My-Projects\TradingBot-Local\cache\drawings\XAUUSD\chart-cef495ec7a341f0e.json,"Preserve drawing, calculation and template state",False,9a0db99c063690b665fa4c3ef9452eb434ef3fa0a10df42bf22973e3047d5957
runtime/cache/drawings/XAUUSD/chart-fa04d41be36c5a8e.json,RUNTIME_STATE,683,False,d1890696bf2ba55a059f9af88d424d8e3bed23dda4c7c27130fd6ea9f2f48406,MOVE_OUTSIDE_REPOSITORY,D:\My-Projects\TradingBot-Local\cache\drawings\XAUUSD\chart-fa04d41be36c5a8e.json,"Preserve drawing, calculation and template state",False,d1890696bf2ba55a059f9af88d424d8e3bed23dda4c7c27130fd6ea9f2f48406
runtime/cache/drawings/XAUUSD/RAW-FARAZ_FOREXCOM_XAUUSD-1S-FROM-1788449740-TO-1789388126--36996c536ed16e20.json,RUNTIME_STATE,8134,False,c235ee3ad58ed7af5fc1b6b334bbe313ec74c0168b0959ed2ceb4ac864f8096e,MOVE_OUTSIDE_REPOSITORY,D:\My-Projects\TradingBot-Local\cache\drawings\XAUUSD\RAW-FARAZ_FOREXCOM_XAUUSD-1S-FROM-1788449740-TO-1789388126--36996c536ed16e20.json,"Preserve drawing, calculation and template state",False,c235ee3ad58ed7af5fc1b6b334bbe313ec74c0168b0959ed2ceb4ac864f8096e
runtime/cache/indicator-calculations/.gitkeep,RUNTIME_STATE,0,False,e3b0c44298fc1c149afbf4c8996fb92427ae41e4649b934ca495991b7852b855,MOVE_OUTSIDE_REPOSITORY,D:\My-Projects\TradingBot-Local\cache\indicator-calculations\.gitkeep,"Preserve drawing, calculation and template state",False,e3b0c44298fc1c149afbf4c8996fb92427ae41e4649b934ca495991b7852b855
runtime/cache/indicator-calculations/USOIL/30s/bearish/1790018670-1790190600--017d6dabe3f7eed9.json,RUNTIME_STATE,758673,False,2ea5456ebd7aa346c28d638d6a53874abcf02b7c58539ceb04c07d9d3e795443,MOVE_OUTSIDE_REPOSITORY,D:\My-Projects\TradingBot-Local\cache\indicator-calculations\USOIL\30s\bearish\1790018670-1790190600--017d6dabe3f7eed9.json,"Preserve drawing, calculation and template state",False,2ea5456ebd7aa346c28d638d6a53874abcf02b7c58539ceb04c07d9d3e795443
runtime/cache/indicator-calculations/USOIL/30s/bearish/1790018670-1790190600--017d6dabe3f7eed9.json.info.json,RUNTIME_STATE,336,False,a4af6f4956d7669a25decd859b44cd8ac12e6b18e6cc44d939481d427c910582,MOVE_OUTSIDE_REPOSITORY,D:\My-Projects\TradingBot-Local\cache\indicator-calculations\USOIL\30s\bearish\1790018670-1790190600--017d6dabe3f7eed9.json.info.json,"Preserve drawing, calculation and template state",False,a4af6f4956d7669a25decd859b44cd8ac12e6b18e6cc44d939481d427c910582
runtime/cache/indicator-calculations/USOIL/30s/bearish/1790593380-1790669760--61d97ae8221d1e7a.json,RUNTIME_STATE,326796,False,4775791f9ea6f8c6dc3b1f1d0a9c3e4645290ad639f897041cb1e2ad72072fcb,MOVE_OUTSIDE_REPOSITORY,D:\My-Projects\TradingBot-Local\cache\indicator-calculations\USOIL\30s\bearish\1790593380-1790669760--61d97ae8221d1e7a.json,"Preserve drawing, calculation and template state",False,4775791f9ea6f8c6dc3b1f1d0a9c3e4645290ad639f897041cb1e2ad72072fcb
runtime/cache/indicator-calculations/USOIL/30s/bearish/1790593380-1790669760--61d97ae8221d1e7a.json.info.json,RUNTIME_STATE,336,False,3a0919ab1da68925844f5554ff38d2dfe42f06d3570a2828d60ea5beb7fdfd0c,MOVE_OUTSIDE_REPOSITORY,D:\My-Projects\TradingBot-Local\cache\indicator-calculations\USOIL\30s\bearish\1790593380-1790669760--61d97ae8221d1e7a.json.info.json,"Preserve drawing, calculation and template state",False,3a0919ab1da68925844f5554ff38d2dfe42f06d3570a2828d60ea5beb7fdfd0c
runtime/cache/indicator-calculations/USOIL/30s/bullish/1790139360-1790666430--2196bee779a7813a.json,RUNTIME_STATE,1373925,False,0fe78e043e076e16edda17b010b3fb64c11b195e98f6fc445b7d82f5eeef1178,MOVE_OUTSIDE_REPOSITORY,D:\My-Projects\TradingBot-Local\cache\indicator-calculations\USOIL\30s\bullish\1790139360-1790666430--2196bee779a7813a.json,"Preserve drawing, calculation and template state",False,0fe78e043e076e16edda17b010b3fb64c11b195e98f6fc445b7d82f5eeef1178
runtime/cache/indicator-calculations/USOIL/30s/bullish/1790139360-1790666430--2196bee779a7813a.json.info.json,RUNTIME_STATE,336,False,781637be1bf91d5172c2a44fcf83306026fcddeb38db0ddcc450c0af136de244,MOVE_OUTSIDE_REPOSITORY,D:\My-Projects\TradingBot-Local\cache\indicator-calculations\USOIL\30s\bullish\1790139360-1790666430--2196bee779a7813a.json.info.json,"Preserve drawing, calculation and template state",False,781637be1bf91d5172c2a44fcf83306026fcddeb38db0ddcc450c0af136de244
runtime/cache/indicator-calculations/USOIL/30s/bullish/1790139360-1790666490--3681a54eb8fbaee3.json,RUNTIME_STATE,1387475,False,8c5d5329aaf048c3a2ca070fb79736b3ecc78176082b56ace8f39eb0fd6de4ad,MOVE_OUTSIDE_REPOSITORY,D:\My-Projects\TradingBot-Local\cache\indicator-calculations\USOIL\30s\bullish\1790139360-1790666490--3681a54eb8fbaee3.json,"Preserve drawing, calculation and template state",False,8c5d5329aaf048c3a2ca070fb79736b3ecc78176082b56ace8f39eb0fd6de4ad
runtime/cache/indicator-calculations/USOIL/30s/bullish/1790139360-1790666490--3681a54eb8fbaee3.json.info.json,RUNTIME_STATE,336,False,55bb1214c55c92d836b8dd83dd9af09599b309d7debcfa90f748ce09ad1bc91f,MOVE_OUTSIDE_REPOSITORY,D:\My-Projects\TradingBot-Local\cache\indicator-calculations\USOIL\30s\bullish\1790139360-1790666490--3681a54eb8fbaee3.json.info.json,"Preserve drawing, calculation and template state",False,55bb1214c55c92d836b8dd83dd9af09599b309d7debcfa90f748ce09ad1bc91f
runtime/cache/indicator-calculations/USOIL/30s/bullish/1790615520-1790669760--4cd72e24bcd790e9.json,RUNTIME_STATE,223016,False,49ea522bd0862cef95d826f22ee5cde7201f811ad369653af7f5f2bc3e0a3354,MOVE_OUTSIDE_REPOSITORY,D:\My-Projects\TradingBot-Local\cache\indicator-calculations\USOIL\30s\bullish\1790615520-1790669760--4cd72e24bcd790e9.json,"Preserve drawing, calculation and template state",False,49ea522bd0862cef95d826f22ee5cde7201f811ad369653af7f5f2bc3e0a3354
runtime/cache/indicator-calculations/USOIL/30s/bullish/1790615520-1790669760--4cd72e24bcd790e9.json.info.json,RUNTIME_STATE,336,False,6c3744e196200f76cba9e2c3671c2eeadb2eaaff963ea3589103d0b9a5d158f7,MOVE_OUTSIDE_REPOSITORY,D:\My-Projects\TradingBot-Local\cache\indicator-calculations\USOIL\30s\bullish\1790615520-1790669760--4cd72e24bcd790e9.json.info.json,"Preserve drawing, calculation and template state",False,6c3744e196200f76cba9e2c3671c2eeadb2eaaff963ea3589103d0b9a5d158f7
runtime/cache/indicator-calculations/XAUUSD/30s/bearish/1787617410-1790173860--e3f91446c52dd0a8.json,RUNTIME_STATE,8539085,False,01a08bc3f8dbd79da7883d911f97bf593a71bfd1909e5ce76b6458431e60fdd1,MOVE_OUTSIDE_REPOSITORY,D:\My-Projects\TradingBot-Local\cache\indicator-calculations\XAUUSD\30s\bearish\1787617410-1790173860--e3f91446c52dd0a8.json,"Preserve drawing, calculation and template state",False,01a08bc3f8dbd79da7883d911f97bf593a71bfd1909e5ce76b6458431e60fdd1
runtime/cache/indicator-calculations/XAUUSD/30s/bearish/1787617410-1790173860--e3f91446c52dd0a8.json.info.json,RUNTIME_STATE,348,False,0158c020f74cf4f54e8dda04fffac0584b647eb72e25e20269526fe99e7c2fa2,MOVE_OUTSIDE_REPOSITORY,D:\My-Projects\TradingBot-Local\cache\indicator-calculations\XAUUSD\30s\bearish\1787617410-1790173860--e3f91446c52dd0a8.json.info.json,"Preserve drawing, calculation and template state",False,0158c020f74cf4f54e8dda04fffac0584b647eb72e25e20269526fe99e7c2fa2
runtime/cache/indicator-calculations/XAUUSD/30s/bearish/1788449730-1788824880--e560c2382dfa8348.json,RUNTIME_STATE,845231,False,7ceeb481540bce53339a0585b6b0b30b657be4bb25daba34f270558e36ed5756,MOVE_OUTSIDE_REPOSITORY,D:\My-Projects\TradingBot-Local\cache\indicator-calculations\XAUUSD\30s\bearish\1788449730-1788824880--e560c2382dfa8348.json,"Preserve drawing, calculation and template state",False,7ceeb481540bce53339a0585b6b0b30b657be4bb25daba34f270558e36ed5756
runtime/cache/indicator-calculations/XAUUSD/30s/bearish/1788449730-1788824880--e560c2382dfa8348.json.info.json,RUNTIME_STATE,348,False,4e4f1e6f7c973561add71016e11de9281450ce7a0423a8222652db21b931b8bc,MOVE_OUTSIDE_REPOSITORY,D:\My-Projects\TradingBot-Local\cache\indicator-calculations\XAUUSD\30s\bearish\1788449730-1788824880--e560c2382dfa8348.json.info.json,"Preserve drawing, calculation and template state",False,4e4f1e6f7c973561add71016e11de9281450ce7a0423a8222652db21b931b8bc
runtime/cache/indicator-calculations/XAUUSD/30s/bearish/1788535110-1788824880--24369254ad3cb4b6.json,RUNTIME_STATE,498721,False,6bae6bbda1df8281cf43981d99da3e16a224c98d5f64d35cba5c274a40260066,MOVE_OUTSIDE_REPOSITORY,D:\My-Projects\TradingBot-Local\cache\indicator-calculations\XAUUSD\30s\bearish\1788535110-1788824880--24369254ad3cb4b6.json,"Preserve drawing, calculation and template state",False,6bae6bbda1df8281cf43981d99da3e16a224c98d5f64d35cba5c274a40260066
runtime/cache/indicator-calculations/XAUUSD/30s/bearish/1788535110-1788824880--24369254ad3cb4b6.json.info.json,RUNTIME_STATE,348,False,869c32485faf4da3a12df292eed9674d62fd94577d2cfbb9b0e0c83be66fdace,MOVE_OUTSIDE_REPOSITORY,D:\My-Projects\TradingBot-Local\cache\indicator-calculations\XAUUSD\30s\bearish\1788535110-1788824880--24369254ad3cb4b6.json.info.json,"Preserve drawing, calculation and template state",False,869c32485faf4da3a12df292eed9674d62fd94577d2cfbb9b0e0c83be66fdace
runtime/cache/indicator-calculations/XAUUSD/30s/bearish/1788535200-1788824880--c69291f2f8c1471d.json,RUNTIME_STATE,498714,False,be46944b5acff965a15721922a0164de1ffb99cf2a0552bfabc77dad9567b9db,MOVE_OUTSIDE_REPOSITORY,D:\My-Projects\TradingBot-Local\cache\indicator-calculations\XAUUSD\30s\bearish\1788535200-1788824880--c69291f2f8c1471d.json,"Preserve drawing, calculation and template state",False,be46944b5acff965a15721922a0164de1ffb99cf2a0552bfabc77dad9567b9db
runtime/cache/indicator-calculations/XAUUSD/30s/bearish/1788535200-1788824880--c69291f2f8c1471d.json.info.json,RUNTIME_STATE,348,False,b6b9a0456adddec1e38199e06269fe714479d5791358e93536145e94dc59e821,MOVE_OUTSIDE_REPOSITORY,D:\My-Projects\TradingBot-Local\cache\indicator-calculations\XAUUSD\30s\bearish\1788535200-1788824880--c69291f2f8c1471d.json.info.json,"Preserve drawing, calculation and template state",False,b6b9a0456adddec1e38199e06269fe714479d5791358e93536145e94dc59e821
runtime/cache/indicator-calculations/XAUUSD/30s/bullish/1788527880-1788824880--2c1c4e67855561da.json,RUNTIME_STATE,474841,False,63e8bfa3477d91f42e08606a3fd3f632bc23167b3e10861ea7a2a9236d4f3831,MOVE_OUTSIDE_REPOSITORY,D:\My-Projects\TradingBot-Local\cache\indicator-calculations\XAUUSD\30s\bullish\1788527880-1788824880--2c1c4e67855561da.json,"Preserve drawing, calculation and template state",False,63e8bfa3477d91f42e08606a3fd3f632bc23167b3e10861ea7a2a9236d4f3831
runtime/cache/indicator-calculations/XAUUSD/30s/bullish/1788527880-1788824880--2c1c4e67855561da.json.info.json,RUNTIME_STATE,348,False,5ff274586ec1cfb1a38b32df806da5a4e502d5d4eceede5f2bc0f0e7407b125b,MOVE_OUTSIDE_REPOSITORY,D:\My-Projects\TradingBot-Local\cache\indicator-calculations\XAUUSD\30s\bullish\1788527880-1788824880--2c1c4e67855561da.json.info.json,"Preserve drawing, calculation and template state",False,5ff274586ec1cfb1a38b32df806da5a4e502d5d4eceede5f2bc0f0e7407b125b
runtime/cache/indicator-calculations/XAUUSD/30s/bullish/1790607420-1790670300--77de0ccd84b1ca6a.json,RUNTIME_STATE,248052,False,1e4f7fb8b56a8fde892a4dc745c0143a27f906cdaf056440f827bcc84e9d17e0,MOVE_OUTSIDE_REPOSITORY,D:\My-Projects\TradingBot-Local\cache\indicator-calculations\XAUUSD\30s\bullish\1790607420-1790670300--77de0ccd84b1ca6a.json,"Preserve drawing, calculation and template state",False,1e4f7fb8b56a8fde892a4dc745c0143a27f906cdaf056440f827bcc84e9d17e0
runtime/cache/indicator-calculations/XAUUSD/30s/bullish/1790607420-1790670300--77de0ccd84b1ca6a.json.info.json,RUNTIME_STATE,348,False,938fe9e363691fdb8361bdf61bb70df011aee01d8c703228ab6de07c692d1665,MOVE_OUTSIDE_REPOSITORY,D:\My-Projects\TradingBot-Local\cache\indicator-calculations\XAUUSD\30s\bullish\1790607420-1790670300--77de0ccd84b1ca6a.json.info.json,"Preserve drawing, calculation and template state",False,938fe9e363691fdb8361bdf61bb70df011aee01d8c703228ab6de07c692d1665
runtime/cache/indicator-templates/templates.json,RUNTIME_STATE,2,False,44136fa355b3678a1146ad16f7e8649e94fb4fc21fe77e8310c060f61caaff8a,MOVE_OUTSIDE_REPOSITORY,D:\My-Projects\TradingBot-Local\cache\indicator-templates\templates.json,"Preserve drawing, calculation and template state",False,44136fa355b3678a1146ad16f7e8649e94fb4fc21fe77e8310c060f61caaff8a
SECRET_FILE_FOUND,SECRET,4428,False,,MOVE_OUTSIDE_REPOSITORY,EXTERNAL_SECRET_STORAGE,Persistent authentication state moves outside Git,False,
scripts/build_order_references.py,OPERATIONAL_SCRIPT,16877,False,1ec963e364fcd48514d0c3691dbdc0faee3e43bb64e7a1dfadf1b6262c7656e8,MOVE_OUTSIDE_REPOSITORY,D:\My-Projects\TradingBot-Local\archive\scripts\build_order_references.py,Completed one-off extraction/reference generator uses superseded baseline/version defaults,False,1ec963e364fcd48514d0c3691dbdc0faee3e43bb64e7a1dfadf1b6262c7656e8
scripts/compare_order_regressions.py,OPERATIONAL_SCRIPT,4096,False,ac64e5ad1699a2c68dd477c9519c4bf9ed58e036e57cdb7ca51a36b57c508937,MOVE,tests/engine/regression/compare_order_regressions.py,Move test-only tools out of operational scripts,False,ac64e5ad1699a2c68dd477c9519c4bf9ed58e036e57cdb7ca51a36b57c508937
scripts/extract_order_module.py,OPERATIONAL_SCRIPT,6857,False,e7e7f9470351e7d7e2ef55a70a8294c7b5c381b5f1ff7b9d36a0a8c5f8edc93f,MOVE_OUTSIDE_REPOSITORY,D:\My-Projects\TradingBot-Local\archive\scripts\extract_order_module.py,Completed one-off extraction/reference generator uses superseded baseline/version defaults,False,e7e7f9470351e7d7e2ef55a70a8294c7b5c381b5f1ff7b9d36a0a8c5f8edc93f
scripts/extract_s_order_methods.py,OPERATIONAL_SCRIPT,2796,False,e9f110e72437d415a7393c356582c8293afcf8cf8e7aeb5a2263bf8d39059b58,MOVE_OUTSIDE_REPOSITORY,D:\My-Projects\TradingBot-Local\archive\scripts\extract_s_order_methods.py,Completed one-off extraction/reference generator uses superseded baseline/version defaults,False,e9f110e72437d415a7393c356582c8293afcf8cf8e7aeb5a2263bf8d39059b58
scripts/hpzr2_regression.py,OPERATIONAL_SCRIPT,8860,False,a793d02803486db34ad19358e2a14094b521e5e144a5d74023097eb21a5f6750,MOVE,tests/engine/regression/hpzr2_regression.py,Move test-only tools out of operational scripts,False,a793d02803486db34ad19358e2a14094b521e5e144a5d74023097eb21a5f6750
scripts/hpzr2_verify_saved.py,OPERATIONAL_SCRIPT,8343,False,8ef0687c3a3e39bc98e6670b1778ecfb43a5bab787f5711da6563ecd40c84f77,MOVE,tests/engine/regression/hpzr2_verify_saved.py,Move test-only tools out of operational scripts,False,5ae06fc467bb16dfa8bc2b1b0b559ecceaac75c1db22623488c983e7b81bb6c5
scripts/launch.bat,OPERATIONAL_SCRIPT,1035,True,e03ef2faa0dcf4671d6f1497b976f641b782c2dbbae44db963eddb5b04a6a2b2,KEEP,scripts/launch.bat,Maintained project content or local test,True,e03ef2faa0dcf4671d6f1497b976f641b782c2dbbae44db963eddb5b04a6a2b2
scripts/order_regression.py,OPERATIONAL_SCRIPT,7711,False,b0553a2c9b7d52999bb7c454b0f58b750b6208c8ee5339e16195b7779e729e2d,MOVE,tests/engine/regression/order_regression.py,Move test-only tools out of operational scripts,False,e44b14199ea7e5bde13c0e7af34251fbb26e8da8207e3b508875457dbc0053a2
scripts/start.ps1,OPERATIONAL_SCRIPT,7820,True,1f5ce72492d355efd07194eb5d28ac95cfdbd21d7a7ec55d67ceb464cabbb557,KEEP,scripts/start.ps1,Maintained project content or local test,True,ebf4372edbb152f4394b9cd77c2b5cc44189ac114e10370a49d19dd02f685d45
scripts/__pycache__/hpzr2_regression.cpython-314.pyc,CACHE,14037,False,,DELETE,,Regenerable dependency/build/cache output,False,
scripts/__pycache__/hpzr2_verify_saved.cpython-314.pyc,CACHE,13320,False,,DELETE,,Regenerable dependency/build/cache output,False,
tests/test_order_audit_lifecycle_contracts.py,TEST,9244,False,6000ea16ddb69d83215eb6fc1e2bc097477b23a9afebc3d8a9ff9e18c3ba2b1e,MOVE,tests/engine/unit/test_order_audit_lifecycle_contracts.py,Centralize local engine unit tests,False,52b5e52398300541329afc860eb22bda887c49887e360bafa8e8a67bc5e91b33
tests/test_order_b_reset_leg.py,TEST,9615,False,e5b739172b03ca2a8873729a6975f3e28b31a242df7456da6024171213da9fe7,MOVE,tests/engine/unit/test_order_b_reset_leg.py,Centralize local engine unit tests,False,09909369dda43ef938712d85cb780c29f5400afd078c34f50c691e199a433775
tests/verify_order_b_raw.py,TEST,5197,False,f5c452439f14014e7fd16584540068d57585f80d88b59264a22cba082c2131d6,MOVE,tests/engine/helpers/verify_order_b_raw.py,Centralize local verification helpers,False,f5c452439f14014e7fd16584540068d57585f80d88b59264a22cba082c2131d6
tests/verify_order_references.py,TEST,2200,False,273f0b90d15468b941152f1e3c8b4346e8f12a629e376bd5c251f66a93390f2f,MOVE,tests/engine/helpers/verify_order_references.py,Centralize local verification helpers,False,13b52f2d9a1bdb5bba3a3718a53b309585a3b561a8742c1db18374c31e773596
.gitattributes,PROJECT_CONFIGURATION,241,False,,TRACK,.gitattributes,New maintained documentation/configuration or local path regression,True,32c57ca9083f2c331e7f8debdab9b8484d51345412f22e771574b907dffe66d7
apps/chart/server/local-state-paths.js,APPLICATION_SOURCE,885,False,,TRACK,apps/chart/server/local-state-paths.js,New maintained documentation/configuration or local path regression,True,90b4f081658b837b7c23db6b0eadca376c7f5dbe5b1dc8c18101288eaaa19f70
docs/algorithms/README.md,DOCUMENTATION,870,False,,TRACK,docs/algorithms/README.md,New maintained documentation/configuration or local path regression,True,a05eb866eabff3adbdf44516dadf54ea004631a43ba33db27a07d6f5cd65ed42
docs/development/Local_Test_Workflow.md,DOCUMENTATION,1462,False,,TRACK,docs/development/Local_Test_Workflow.md,New maintained documentation/configuration or local path regression,True,4a0855e9e28f135193b1f7e1c4ecbc778fdf92fade4359b7f4a25dc8e2053233
docs/history/README.md,DOCUMENTATION,672,False,,TRACK,docs/history/README.md,New maintained documentation/configuration or local path regression,True,86653f066a08b3968d343c4c533c8d6821bb670e0c1204962232f59b32ebd56d
docs/operations/Local_State.md,DOCUMENTATION,1461,False,,TRACK,docs/operations/Local_State.md,New maintained documentation/configuration or local path regression,True,ea2b15652d538f8c0a27f71657723e6aa60f61a829240a82ce923c664473548d
docs/README.md,DOCUMENTATION,1000,False,,TRACK,docs/README.md,New maintained documentation/configuration or local path regression,True,7a00f9d9dbb392b7db4d943f3987867b3d547764cc1760e49d3868f417fb58fa
docs/verification/Repository_Integrity.md,DOCUMENTATION,1434,False,,TRACK,docs/verification/Repository_Integrity.md,New maintained documentation/configuration or local path regression,True,c722993fef5736b7d685f8d3999fbae0df64060635c1962db7a91f3873cbfe8c
README.md,PROJECT_CONFIGURATION,2402,False,,TRACK,README.md,New maintained documentation/configuration or local path regression,True,31614d3bbdf9ca510fca608ce05db5725f2873df71ac6ffc3d6079252085ef92
tests/chart/unit/local-state-paths.test.mjs,TEST,1344,False,,KEEP,tests/chart/unit/local-state-paths.test.mjs,New maintained documentation/configuration or local path regression,False,e75643e992ec8ffbb32c88aa6403d6f3d9763e5e2994e67f23154f7be96c05b0
